airbnb_listing_id,diaria_mediana_anunciada,datas_validas,cenario,ocupacao_assumida,dias_ano,natureza,noites_ocupadas_assumidas,potencial_bruto_anualizado
1002341236260011015,350.0,54,conservador,0.4,365,hipotese_de_sensibilidade,146.0,51100.0
1002341236260011015,350.0,54,base,0.55,365,hipotese_de_sensibilidade,200.75000000000003,70262.5
1002341236260011015,350.0,54,otimista,0.7,365,hipotese_de_sensibilidade,255.49999999999997,89425.0
1002785860497857801,500.0,80,conservador,0.4,365,hipotese_de_sensibilidade,146.0,73000.0
1002785860497857801,500.0,80,base,0.55,365,hipotese_de_sensibilidade,200.75000000000003,100375.0
1002785860497857801,500.0,80,otimista,0.7,365,hipotese_de_sensibilidade,255.49999999999997,127750.0
1004496327455456339,380.0,81,conservador,0.4,365,hipotese_de_sensibilidade,146.0,55480.0
1004496327455456339,380.0,81,base,0.55,365,hipotese_de_sensibilidade,200.75000000000003,76285.0
1004496327455456339,380.0,81,otimista,0.7,365,hipotese_de_sensibilidade,255.49999999999997,97090.0
1004910078575857573,750.0,27,conservador,0.4,365,hipotese_de_sensibilidade,146.0,109500.0
1004910078575857573,750.0,27,base,0.55,365,hipotese_de_sensibilidade,200.75000000000003,150562.5
1004910078575857573,750.0,27,otimista,0.7,365,hipotese_de_sensibilidade,255.49999999999997,191625.0
1005860682746801029,385.0,75,conservador,0.4,365,hipotese_de_sensibilidade,146.0,56210.0
1005860682746801029,385.0,75,base,0.55,365,hipotese_de_sensibilidade,200.75000000000003,77288.75
1005860682746801029,385.0,75,otimista,0.7,365,hipotese_de_sensibilidade,255.49999999999997,98367.5
1005958896607152946,240.0,55,conservador,0.4,365,hipotese_de_sensibilidade,146.0,35040.0
1005958896607152946,240.0,55,base,0.55,365,hipotese_de_sensibilidade,200.75000000000003,48180.0
1005958896607152946,240.0,55,otimista,0.7,365,hipotese_de_sensibilidade,255.49999999999997,61320.0
1006396584243125090,524.3333,83,conservador,0.4,365,hipotese_de_sensibilidade,146.0,76552.66
1006396584243125090,524.3333,83,base,0.55,365,hipotese_de_sensibilidade,200.75000000000003,105259.91
1006396584243125090,524.3333,83,otimista,0.7,365,hipotese_de_sensibilidade,255.49999999999997,133967.16
1008029204257210230,300.0,68,conservador,0.4,365,hipotese_de_sensibilidade,146.0,43800.0
1008029204257210230,300.0,68,base,0.55,365,hipotese_de_sensibilidade,200.75000000000003,60225.0
1008029204257210230,300.0,68,otimista,0.7,365,hipotese_de_sensibilidade,255.49999999999997,76650.0
1011115904222911872,700.0,79,conservador,0.4,365,hipotese_de_sensibilidade,146.0,102200.0
1011115904222911872,700.0,79,base,0.55,365,hipotese_de_sensibilidade,200.75000000000003,140525.0
1011115904222911872,700.0,79,otimista,0.7,365,hipotese_de_sensibilidade,255.49999999999997,178850.0
1011714999685071594,557.0,28,conservador,0.4,365,hipotese_de_sensibilidade,146.0,81322.0
1011714999685071594,557.0,28,base,0.55,365,hipotese_de_sensibilidade,200.75000000000003,111817.75
1011714999685071594,557.0,28,otimista,0.7,365,hipotese_de_sensibilidade,255.49999999999997,142313.5
1014245162199655907,600.0,43,conservador,0.4,365,hipotese_de_sensibilidade,146.0,87600.0
1014245162199655907,600.0,43,base,0.55,365,hipotese_de_sensibilidade,200.75000000000003,120450.0
1014245162199655907,600.0,43,otimista,0.7,365,hipotese_de_sensibilidade,255.49999999999997,153300.0
1015691857467598452,1296.0,54,conservador,0.4,365,hipotese_de_sensibilidade,146.0,189216.0
1015691857467598452,1296.0,54,base,0.55,365,hipotese_de_sensibilidade,200.75000000000003,260172.0
1015691857467598452,1296.0,54,otimista,0.7,365,hipotese_de_sensibilidade,255.49999999999997,331128.0
1016100494032497541,369.0,78,conservador,0.4,365,hipotese_de_sensibilidade,146.0,53874.0
1016100494032497541,369.0,78,base,0.55,365,hipotese_de_sensibilidade,200.75000000000003,74076.75
1016100494032497541,369.0,78,otimista,0.7,365,hipotese_de_sensibilidade,255.49999999999997,94279.5
1019041007385326527,575.0,43,conservador,0.4,365,hipotese_de_sensibilidade,146.0,83950.0
1019041007385326527,575.0,43,base,0.55,365,hipotese_de_sensibilidade,200.75000000000003,115431.25
1019041007385326527,575.0,43,otimista,0.7,365,hipotese_de_sensibilidade,255.49999999999997,146912.5
1019453731090411731,380.0,85,conservador,0.4,365,hipotese_de_sensibilidade,146.0,55480.0
1019453731090411731,380.0,85,base,0.55,365,hipotese_de_sensibilidade,200.75000000000003,76285.0
1019453731090411731,380.0,85,otimista,0.7,365,hipotese_de_sensibilidade,255.49999999999997,97090.0
1019756845213291605,179.0,72,conservador,0.4,365,hipotese_de_sensibilidade,146.0,26134.0
1019756845213291605,179.0,72,base,0.55,365,hipotese_de_sensibilidade,200.75000000000003,35934.25
1019756845213291605,179.0,72,otimista,0.7,365,hipotese_de_sensibilidade,255.49999999999997,45734.5
1021217453140595481,330.0,46,conservador,0.4,365,hipotese_de_sensibilidade,146.0,48180.0
1021217453140595481,330.0,46,base,0.55,365,hipotese_de_sensibilidade,200.75000000000003,66247.5
1021217453140595481,330.0,46,otimista,0.7,365,hipotese_de_sensibilidade,255.49999999999997,84315.0
1023885231203292759,490.0,80,conservador,0.4,365,hipotese_de_sensibilidade,146.0,71540.0
1023885231203292759,490.0,80,base,0.55,365,hipotese_de_sensibilidade,200.75000000000003,98367.5
1023885231203292759,490.0,80,otimista,0.7,365,hipotese_de_sensibilidade,255.49999999999997,125195.0
1024067179174522246,200.0,70,conservador,0.4,365,hipotese_de_sensibilidade,146.0,29200.0
1024067179174522246,200.0,70,base,0.55,365,hipotese_de_sensibilidade,200.75000000000003,40150.0
1024067179174522246,200.0,70,otimista,0.7,365,hipotese_de_sensibilidade,255.49999999999997,51100.0
1025356251415331533,350.0,36,conservador,0.4,365,hipotese_de_sensibilidade,146.0,51100.0
1025356251415331533,350.0,36,base,0.55,365,hipotese_de_sensibilidade,200.75000000000003,70262.5
1025356251415331533,350.0,36,otimista,0.7,365,hipotese_de_sensibilidade,255.49999999999997,89425.0
10266012,125.0,58,conservador,0.4,365,hipotese_de_sensibilidade,146.0,18250.0
10266012,125.0,58,base,0.55,365,hipotese_de_sensibilidade,200.75000000000003,25093.75
10266012,125.0,58,otimista,0.7,365,hipotese_de_sensibilidade,255.49999999999997,31937.5
1028988415727336651,570.0,70,conservador,0.4,365,hipotese_de_sensibilidade,146.0,83220.0
1028988415727336651,570.0,70,base,0.55,365,hipotese_de_sensibilidade,200.75000000000003,114427.5
1028988415727336651,570.0,70,otimista,0.7,365,hipotese_de_sensibilidade,255.49999999999997,145635.0
1030981527494824971,250.0,27,conservador,0.4,365,hipotese_de_sensibilidade,146.0,36500.0
1030981527494824971,250.0,27,base,0.55,365,hipotese_de_sensibilidade,200.75000000000003,50187.5
1030981527494824971,250.0,27,otimista,0.7,365,hipotese_de_sensibilidade,255.49999999999997,63875.0
1031938290013047428,590.0,82,conservador,0.4,365,hipotese_de_sensibilidade,146.0,86140.0
1031938290013047428,590.0,82,base,0.55,365,hipotese_de_sensibilidade,200.75000000000003,118442.5
1031938290013047428,590.0,82,otimista,0.7,365,hipotese_de_sensibilidade,255.49999999999997,150745.0
1032037416009523135,556.0,37,conservador,0.4,365,hipotese_de_sensibilidade,146.0,81176.0
1032037416009523135,556.0,37,base,0.55,365,hipotese_de_sensibilidade,200.75000000000003,111617.0
1032037416009523135,556.0,37,otimista,0.7,365,hipotese_de_sensibilidade,255.49999999999997,142058.0
1033202997223117530,1800.0,29,conservador,0.4,365,hipotese_de_sensibilidade,146.0,262800.0
1033202997223117530,1800.0,29,base,0.55,365,hipotese_de_sensibilidade,200.75000000000003,361350.0
1033202997223117530,1800.0,29,otimista,0.7,365,hipotese_de_sensibilidade,255.49999999999997,459900.0
1034873975277447845,655.25,62,conservador,0.4,365,hipotese_de_sensibilidade,146.0,95666.5
1034873975277447845,655.25,62,base,0.55,365,hipotese_de_sensibilidade,200.75000000000003,131541.44
1034873975277447845,655.25,62,otimista,0.7,365,hipotese_de_sensibilidade,255.49999999999997,167416.37
1035628196408986358,805.0,43,conservador,0.4,365,hipotese_de_sensibilidade,146.0,117530.0
1035628196408986358,805.0,43,base,0.55,365,hipotese_de_sensibilidade,200.75000000000003,161603.75
1035628196408986358,805.0,43,otimista,0.7,365,hipotese_de_sensibilidade,255.49999999999997,205677.5
1036955655225647222,500.0,70,conservador,0.4,365,hipotese_de_sensibilidade,146.0,73000.0
1036955655225647222,500.0,70,base,0.55,365,hipotese_de_sensibilidade,200.75000000000003,100375.0
1036955655225647222,500.0,70,otimista,0.7,365,hipotese_de_sensibilidade,255.49999999999997,127750.0
1037004838842410100,330.0,35,conservador,0.4,365,hipotese_de_sensibilidade,146.0,48180.0
1037004838842410100,330.0,35,base,0.55,365,hipotese_de_sensibilidade,200.75000000000003,66247.5
1037004838842410100,330.0,35,otimista,0.7,365,hipotese_de_sensibilidade,255.49999999999997,84315.0
1037047027853581998,890.0,43,conservador,0.4,365,hipotese_de_sensibilidade,146.0,129940.0
1037047027853581998,890.0,43,base,0.55,365,hipotese_de_sensibilidade,200.75000000000003,178667.5
1037047027853581998,890.0,43,otimista,0.7,365,hipotese_de_sensibilidade,255.49999999999997,227395.0
1039235354309448898,150.0,75,conservador,0.4,365,hipotese_de_sensibilidade,146.0,21900.0
1039235354309448898,150.0,75,base,0.55,365,hipotese_de_sensibilidade,200.75000000000003,30112.5
1039235354309448898,150.0,75,otimista,0.7,365,hipotese_de_sensibilidade,255.49999999999997,38325.0
1042032092670718662,402.0,29,conservador,0.4,365,hipotese_de_sensibilidade,146.0,58692.0
1042032092670718662,402.0,29,base,0.55,365,hipotese_de_sensibilidade,200.75000000000003,80701.5
1042032092670718662,402.0,29,otimista,0.7,365,hipotese_de_sensibilidade,255.49999999999997,102711.0
1043497443334655968,870.0,42,conservador,0.4,365,hipotese_de_sensibilidade,146.0,127020.0
1043497443334655968,870.0,42,base,0.55,365,hipotese_de_sensibilidade,200.75000000000003,174652.5
1043497443334655968,870.0,42,otimista,0.7,365,hipotese_de_sensibilidade,255.49999999999997,222285.0
1043599286749467076,402.25,62,conservador,0.4,365,hipotese_de_sensibilidade,146.0,58728.5
1043599286749467076,402.25,62,base,0.55,365,hipotese_de_sensibilidade,200.75000000000003,80751.69
1043599286749467076,402.25,62,otimista,0.7,365,hipotese_de_sensibilidade,255.49999999999997,102774.87
1044223371798078486,800.0,70,conservador,0.4,365,hipotese_de_sensibilidade,146.0,116800.0
1044223371798078486,800.0,70,base,0.55,365,hipotese_de_sensibilidade,200.75000000000003,160600.0
1044223371798078486,800.0,70,otimista,0.7,365,hipotese_de_sensibilidade,255.49999999999997,204400.0
1044458170286255125,820.0,55,conservador,0.4,365,hipotese_de_sensibilidade,146.0,119720.0
1044458170286255125,820.0,55,base,0.55,365,hipotese_de_sensibilidade,200.75000000000003,164615.0
1044458170286255125,820.0,55,otimista,0.7,365,hipotese_de_sensibilidade,255.49999999999997,209510.0
1045077329214831775,800.0,31,conservador,0.4,365,hipotese_de_sensibilidade,146.0,116800.0
1045077329214831775,800.0,31,base,0.55,365,hipotese_de_sensibilidade,200.75000000000003,160600.0
1045077329214831775,800.0,31,otimista,0.7,365,hipotese_de_sensibilidade,255.49999999999997,204400.0
1045459185575382038,500.0,93,conservador,0.4,365,hipotese_de_sensibilidade,146.0,73000.0
1045459185575382038,500.0,93,base,0.55,365,hipotese_de_sensibilidade,200.75000000000003,100375.0
1045459185575382038,500.0,93,otimista,0.7,365,hipotese_de_sensibilidade,255.49999999999997,127750.0
1045520246239520927,957.1429,81,conservador,0.4,365,hipotese_de_sensibilidade,146.0,139742.86
1045520246239520927,957.1429,81,base,0.55,365,hipotese_de_sensibilidade,200.75000000000003,192146.44
1045520246239520927,957.1429,81,otimista,0.7,365,hipotese_de_sensibilidade,255.49999999999997,244550.01
1045592510645908121,500.0,65,conservador,0.4,365,hipotese_de_sensibilidade,146.0,73000.0
1045592510645908121,500.0,65,base,0.55,365,hipotese_de_sensibilidade,200.75000000000003,100375.0
1045592510645908121,500.0,65,otimista,0.7,365,hipotese_de_sensibilidade,255.49999999999997,127750.0
1045916135727198441,650.0,59,conservador,0.4,365,hipotese_de_sensibilidade,146.0,94900.0
1045916135727198441,650.0,59,base,0.55,365,hipotese_de_sensibilidade,200.75000000000003,130487.5
1045916135727198441,650.0,59,otimista,0.7,365,hipotese_de_sensibilidade,255.49999999999997,166075.0
1046547202929220520,378.0,59,conservador,0.4,365,hipotese_de_sensibilidade,146.0,55188.0
1046547202929220520,378.0,59,base,0.55,365,hipotese_de_sensibilidade,200.75000000000003,75883.5
1046547202929220520,378.0,59,otimista,0.7,365,hipotese_de_sensibilidade,255.49999999999997,96579.0
1047723626454445067,1700.0,102,conservador,0.4,365,hipotese_de_sensibilidade,146.0,248200.0
1047723626454445067,1700.0,102,base,0.55,365,hipotese_de_sensibilidade,200.75000000000003,341275.0
1047723626454445067,1700.0,102,otimista,0.7,365,hipotese_de_sensibilidade,255.49999999999997,434350.0
1048804459244346908,700.0,82,conservador,0.4,365,hipotese_de_sensibilidade,146.0,102200.0
1048804459244346908,700.0,82,base,0.55,365,hipotese_de_sensibilidade,200.75000000000003,140525.0
1048804459244346908,700.0,82,otimista,0.7,365,hipotese_de_sensibilidade,255.49999999999997,178850.0
1050857413300266721,614.0,58,conservador,0.4,365,hipotese_de_sensibilidade,146.0,89644.0
1050857413300266721,614.0,58,base,0.55,365,hipotese_de_sensibilidade,200.75000000000003,123260.5
1050857413300266721,614.0,58,otimista,0.7,365,hipotese_de_sensibilidade,255.49999999999997,156877.0
1052110098791057231,575.0,53,conservador,0.4,365,hipotese_de_sensibilidade,146.0,83950.0
1052110098791057231,575.0,53,base,0.55,365,hipotese_de_sensibilidade,200.75000000000003,115431.25
1052110098791057231,575.0,53,otimista,0.7,365,hipotese_de_sensibilidade,255.49999999999997,146912.5
1052490589225547467,700.0,67,conservador,0.4,365,hipotese_de_sensibilidade,146.0,102200.0
1052490589225547467,700.0,67,base,0.55,365,hipotese_de_sensibilidade,200.75000000000003,140525.0
1052490589225547467,700.0,67,otimista,0.7,365,hipotese_de_sensibilidade,255.49999999999997,178850.0
1053030252161966865,280.0,83,conservador,0.4,365,hipotese_de_sensibilidade,146.0,40880.0
1053030252161966865,280.0,83,base,0.55,365,hipotese_de_sensibilidade,200.75000000000003,56210.0
1053030252161966865,280.0,83,otimista,0.7,365,hipotese_de_sensibilidade,255.49999999999997,71540.0
1053425333694349352,185.0,48,conservador,0.4,365,hipotese_de_sensibilidade,146.0,27010.0
1053425333694349352,185.0,48,base,0.55,365,hipotese_de_sensibilidade,200.75000000000003,37138.75
1053425333694349352,185.0,48,otimista,0.7,365,hipotese_de_sensibilidade,255.49999999999997,47267.5
1053522951026570547,599.5,86,conservador,0.4,365,hipotese_de_sensibilidade,146.0,87527.0
1053522951026570547,599.5,86,base,0.55,365,hipotese_de_sensibilidade,200.75000000000003,120349.63
1053522951026570547,599.5,86,otimista,0.7,365,hipotese_de_sensibilidade,255.49999999999997,153172.25
1053625763515857065,450.0,72,conservador,0.4,365,hipotese_de_sensibilidade,146.0,65700.0
1053625763515857065,450.0,72,base,0.55,365,hipotese_de_sensibilidade,200.75000000000003,90337.5
1053625763515857065,450.0,72,otimista,0.7,365,hipotese_de_sensibilidade,255.49999999999997,114975.0
1053851019443958006,499.0,90,conservador,0.4,365,hipotese_de_sensibilidade,146.0,72854.0
1053851019443958006,499.0,90,base,0.55,365,hipotese_de_sensibilidade,200.75000000000003,100174.25
1053851019443958006,499.0,90,otimista,0.7,365,hipotese_de_sensibilidade,255.49999999999997,127494.5
1054265461023254222,500.0,67,conservador,0.4,365,hipotese_de_sensibilidade,146.0,73000.0
1054265461023254222,500.0,67,base,0.55,365,hipotese_de_sensibilidade,200.75000000000003,100375.0
1054265461023254222,500.0,67,otimista,0.7,365,hipotese_de_sensibilidade,255.49999999999997,127750.0
1055163452693752832,500.0,72,conservador,0.4,365,hipotese_de_sensibilidade,146.0,73000.0
1055163452693752832,500.0,72,base,0.55,365,hipotese_de_sensibilidade,200.75000000000003,100375.0
1055163452693752832,500.0,72,otimista,0.7,365,hipotese_de_sensibilidade,255.49999999999997,127750.0
1056816282920055514,540.0,63,conservador,0.4,365,hipotese_de_sensibilidade,146.0,78840.0
1056816282920055514,540.0,63,base,0.55,365,hipotese_de_sensibilidade,200.75000000000003,108405.0
1056816282920055514,540.0,63,otimista,0.7,365,hipotese_de_sensibilidade,255.49999999999997,137970.0
1056827534457537585,299.0,92,conservador,0.4,365,hipotese_de_sensibilidade,146.0,43654.0
1056827534457537585,299.0,92,base,0.55,365,hipotese_de_sensibilidade,200.75000000000003,60024.25
1056827534457537585,299.0,92,otimista,0.7,365,hipotese_de_sensibilidade,255.49999999999997,76394.5
1057137469420115073,619.0,78,conservador,0.4,365,hipotese_de_sensibilidade,146.0,90374.0
1057137469420115073,619.0,78,base,0.55,365,hipotese_de_sensibilidade,200.75000000000003,124264.25
1057137469420115073,619.0,78,otimista,0.7,365,hipotese_de_sensibilidade,255.49999999999997,158154.5
1057964852411462810,250.0,77,conservador,0.4,365,hipotese_de_sensibilidade,146.0,36500.0
1057964852411462810,250.0,77,base,0.55,365,hipotese_de_sensibilidade,200.75000000000003,50187.5
1057964852411462810,250.0,77,otimista,0.7,365,hipotese_de_sensibilidade,255.49999999999997,63875.0
1058193595817353204,400.0,33,conservador,0.4,365,hipotese_de_sensibilidade,146.0,58400.0
1058193595817353204,400.0,33,base,0.55,365,hipotese_de_sensibilidade,200.75000000000003,80300.0
1058193595817353204,400.0,33,otimista,0.7,365,hipotese_de_sensibilidade,255.49999999999997,102200.0
1058777213156843238,360.0,26,conservador,0.4,365,hipotese_de_sensibilidade,146.0,52560.0
1058777213156843238,360.0,26,base,0.55,365,hipotese_de_sensibilidade,200.75000000000003,72270.0
1058777213156843238,360.0,26,otimista,0.7,365,hipotese_de_sensibilidade,255.49999999999997,91980.0
1060712994513047104,422.5,78,conservador,0.4,365,hipotese_de_sensibilidade,146.0,61685.0
1060712994513047104,422.5,78,base,0.55,365,hipotese_de_sensibilidade,200.75000000000003,84816.88
1060712994513047104,422.5,78,otimista,0.7,365,hipotese_de_sensibilidade,255.49999999999997,107948.75
1062221285605590578,500.0,82,conservador,0.4,365,hipotese_de_sensibilidade,146.0,73000.0
1062221285605590578,500.0,82,base,0.55,365,hipotese_de_sensibilidade,200.75000000000003,100375.0
1062221285605590578,500.0,82,otimista,0.7,365,hipotese_de_sensibilidade,255.49999999999997,127750.0
1062615116593634676,400.0,66,conservador,0.4,365,hipotese_de_sensibilidade,146.0,58400.0
1062615116593634676,400.0,66,base,0.55,365,hipotese_de_sensibilidade,200.75000000000003,80300.0
1062615116593634676,400.0,66,otimista,0.7,365,hipotese_de_sensibilidade,255.49999999999997,102200.0
1063807278503566143,481.5,67,conservador,0.4,365,hipotese_de_sensibilidade,146.0,70299.0
1063807278503566143,481.5,67,base,0.55,365,hipotese_de_sensibilidade,200.75000000000003,96661.13
1063807278503566143,481.5,67,otimista,0.7,365,hipotese_de_sensibilidade,255.49999999999997,123023.25
1066545050089987954,400.0,81,conservador,0.4,365,hipotese_de_sensibilidade,146.0,58400.0
1066545050089987954,400.0,81,base,0.55,365,hipotese_de_sensibilidade,200.75000000000003,80300.0
1066545050089987954,400.0,81,otimista,0.7,365,hipotese_de_sensibilidade,255.49999999999997,102200.0
1067320906990424780,523.0,61,conservador,0.4,365,hipotese_de_sensibilidade,146.0,76358.0
1067320906990424780,523.0,61,base,0.55,365,hipotese_de_sensibilidade,200.75000000000003,104992.25
1067320906990424780,523.0,61,otimista,0.7,365,hipotese_de_sensibilidade,255.49999999999997,133626.5
1070343877574441166,300.0,22,conservador,0.4,365,hipotese_de_sensibilidade,146.0,43800.0
1070343877574441166,300.0,22,base,0.55,365,hipotese_de_sensibilidade,200.75000000000003,60225.0
1070343877574441166,300.0,22,otimista,0.7,365,hipotese_de_sensibilidade,255.49999999999997,76650.0
1074031328011239995,1500.0,102,conservador,0.4,365,hipotese_de_sensibilidade,146.0,219000.0
1074031328011239995,1500.0,102,base,0.55,365,hipotese_de_sensibilidade,200.75000000000003,301125.0
1074031328011239995,1500.0,102,otimista,0.7,365,hipotese_de_sensibilidade,255.49999999999997,383250.0
1075444278753674442,650.0,45,conservador,0.4,365,hipotese_de_sensibilidade,146.0,94900.0
1075444278753674442,650.0,45,base,0.55,365,hipotese_de_sensibilidade,200.75000000000003,130487.5
1075444278753674442,650.0,45,otimista,0.7,365,hipotese_de_sensibilidade,255.49999999999997,166075.0
1075503699104403085,800.0,69,conservador,0.4,365,hipotese_de_sensibilidade,146.0,116800.0
1075503699104403085,800.0,69,base,0.55,365,hipotese_de_sensibilidade,200.75000000000003,160600.0
1075503699104403085,800.0,69,otimista,0.7,365,hipotese_de_sensibilidade,255.49999999999997,204400.0
1077396104359577731,600.0,20,conservador,0.4,365,hipotese_de_sensibilidade,146.0,87600.0
1077396104359577731,600.0,20,base,0.55,365,hipotese_de_sensibilidade,200.75000000000003,120450.0
1077396104359577731,600.0,20,otimista,0.7,365,hipotese_de_sensibilidade,255.49999999999997,153300.0
1081972140987250431,525.0,63,conservador,0.4,365,hipotese_de_sensibilidade,146.0,76650.0
1081972140987250431,525.0,63,base,0.55,365,hipotese_de_sensibilidade,200.75000000000003,105393.75
1081972140987250431,525.0,63,otimista,0.7,365,hipotese_de_sensibilidade,255.49999999999997,134137.5
1082133757143221839,1200.0,17,conservador,0.4,365,hipotese_de_sensibilidade,146.0,175200.0
1082133757143221839,1200.0,17,base,0.55,365,hipotese_de_sensibilidade,200.75000000000003,240900.0
1082133757143221839,1200.0,17,otimista,0.7,365,hipotese_de_sensibilidade,255.49999999999997,306600.0
1082746592587689161,390.0,44,conservador,0.4,365,hipotese_de_sensibilidade,146.0,56940.0
1082746592587689161,390.0,44,base,0.55,365,hipotese_de_sensibilidade,200.75000000000003,78292.5
1082746592587689161,390.0,44,otimista,0.7,365,hipotese_de_sensibilidade,255.49999999999997,99645.0
1083196219974177016,315.0,57,conservador,0.4,365,hipotese_de_sensibilidade,146.0,45990.0
1083196219974177016,315.0,57,base,0.55,365,hipotese_de_sensibilidade,200.75000000000003,63236.25
1083196219974177016,315.0,57,otimista,0.7,365,hipotese_de_sensibilidade,255.49999999999997,80482.5
1083301106167776779,430.0,30,conservador,0.4,365,hipotese_de_sensibilidade,146.0,62780.0
1083301106167776779,430.0,30,base,0.55,365,hipotese_de_sensibilidade,200.75000000000003,86322.5
1083301106167776779,430.0,30,otimista,0.7,365,hipotese_de_sensibilidade,255.49999999999997,109865.0
1083424325445690046,550.0,54,conservador,0.4,365,hipotese_de_sensibilidade,146.0,80300.0
1083424325445690046,550.0,54,base,0.55,365,hipotese_de_sensibilidade,200.75000000000003,110412.5
1083424325445690046,550.0,54,otimista,0.7,365,hipotese_de_sensibilidade,255.49999999999997,140525.0
1083633025910461931,310.0,46,conservador,0.4,365,hipotese_de_sensibilidade,146.0,45260.0
1083633025910461931,310.0,46,base,0.55,365,hipotese_de_sensibilidade,200.75000000000003,62232.5
1083633025910461931,310.0,46,otimista,0.7,365,hipotese_de_sensibilidade,255.49999999999997,79205.0
1084601543056055517,1400.0,63,conservador,0.4,365,hipotese_de_sensibilidade,146.0,204400.0
1084601543056055517,1400.0,63,base,0.55,365,hipotese_de_sensibilidade,200.75000000000003,281050.0
1084601543056055517,1400.0,63,otimista,0.7,365,hipotese_de_sensibilidade,255.49999999999997,357700.0
1085437829031467755,583.3333,45,conservador,0.4,365,hipotese_de_sensibilidade,146.0,85166.66
1085437829031467755,583.3333,45,base,0.55,365,hipotese_de_sensibilidade,200.75000000000003,117104.16
1085437829031467755,583.3333,45,otimista,0.7,365,hipotese_de_sensibilidade,255.49999999999997,149041.66
1086855144095843601,490.0,68,conservador,0.4,365,hipotese_de_sensibilidade,146.0,71540.0
1086855144095843601,490.0,68,base,0.55,365,hipotese_de_sensibilidade,200.75000000000003,98367.5
1086855144095843601,490.0,68,otimista,0.7,365,hipotese_de_sensibilidade,255.49999999999997,125195.0
1088251024341369589,600.0,14,conservador,0.4,365,hipotese_de_sensibilidade,146.0,87600.0
1088251024341369589,600.0,14,base,0.55,365,hipotese_de_sensibilidade,200.75000000000003,120450.0
1088251024341369589,600.0,14,otimista,0.7,365,hipotese_de_sensibilidade,255.49999999999997,153300.0
1091408953130822622,280.0,48,conservador,0.4,365,hipotese_de_sensibilidade,146.0,40880.0
1091408953130822622,280.0,48,base,0.55,365,hipotese_de_sensibilidade,200.75000000000003,56210.0
1091408953130822622,280.0,48,otimista,0.7,365,hipotese_de_sensibilidade,255.49999999999997,71540.0
10982940,1800.0,75,conservador,0.4,365,hipotese_de_sensibilidade,146.0,262800.0
10982940,1800.0,75,base,0.55,365,hipotese_de_sensibilidade,200.75000000000003,361350.0
10982940,1800.0,75,otimista,0.7,365,hipotese_de_sensibilidade,255.49999999999997,459900.0
1100720037663116812,842.0,66,conservador,0.4,365,hipotese_de_sensibilidade,146.0,122932.0
1100720037663116812,842.0,66,base,0.55,365,hipotese_de_sensibilidade,200.75000000000003,169031.5
1100720037663116812,842.0,66,otimista,0.7,365,hipotese_de_sensibilidade,255.49999999999997,215131.0
1100991386372756521,800.0,95,conservador,0.4,365,hipotese_de_sensibilidade,146.0,116800.0
1100991386372756521,800.0,95,base,0.55,365,hipotese_de_sensibilidade,200.75000000000003,160600.0
1100991386372756521,800.0,95,otimista,0.7,365,hipotese_de_sensibilidade,255.49999999999997,204400.0
11044577,378.0,55,conservador,0.4,365,hipotese_de_sensibilidade,146.0,55188.0
11044577,378.0,55,base,0.55,365,hipotese_de_sensibilidade,200.75000000000003,75883.5
11044577,378.0,55,otimista,0.7,365,hipotese_de_sensibilidade,255.49999999999997,96579.0
1111626053814730010,633.0,70,conservador,0.4,365,hipotese_de_sensibilidade,146.0,92418.0
1111626053814730010,633.0,70,base,0.55,365,hipotese_de_sensibilidade,200.75000000000003,127074.75
1111626053814730010,633.0,70,otimista,0.7,365,hipotese_de_sensibilidade,255.49999999999997,161731.5
1124052077567202180,700.0,20,conservador,0.4,365,hipotese_de_sensibilidade,146.0,102200.0
1124052077567202180,700.0,20,base,0.55,365,hipotese_de_sensibilidade,200.75000000000003,140525.0
1124052077567202180,700.0,20,otimista,0.7,365,hipotese_de_sensibilidade,255.49999999999997,178850.0
1125970477826966385,458.0,68,conservador,0.4,365,hipotese_de_sensibilidade,146.0,66868.0
1125970477826966385,458.0,68,base,0.55,365,hipotese_de_sensibilidade,200.75000000000003,91943.5
1125970477826966385,458.0,68,otimista,0.7,365,hipotese_de_sensibilidade,255.49999999999997,117019.0
1131810056799937593,664.0,81,conservador,0.4,365,hipotese_de_sensibilidade,146.0,96944.0
1131810056799937593,664.0,81,base,0.55,365,hipotese_de_sensibilidade,200.75000000000003,133298.0
1131810056799937593,664.0,81,otimista,0.7,365,hipotese_de_sensibilidade,255.49999999999997,169652.0
1137698308528017474,575.0,53,conservador,0.4,365,hipotese_de_sensibilidade,146.0,83950.0
1137698308528017474,575.0,53,base,0.55,365,hipotese_de_sensibilidade,200.75000000000003,115431.25
1137698308528017474,575.0,53,otimista,0.7,365,hipotese_de_sensibilidade,255.49999999999997,146912.5
1139831117529014384,530.0,82,conservador,0.4,365,hipotese_de_sensibilidade,146.0,77380.0
1139831117529014384,530.0,82,base,0.55,365,hipotese_de_sensibilidade,200.75000000000003,106397.5
1139831117529014384,530.0,82,otimista,0.7,365,hipotese_de_sensibilidade,255.49999999999997,135415.0
1147824179020677628,440.0,49,conservador,0.4,365,hipotese_de_sensibilidade,146.0,64240.0
1147824179020677628,440.0,49,base,0.55,365,hipotese_de_sensibilidade,200.75000000000003,88330.0
1147824179020677628,440.0,49,otimista,0.7,365,hipotese_de_sensibilidade,255.49999999999997,112420.0
1153493820067017135,403.25,57,conservador,0.4,365,hipotese_de_sensibilidade,146.0,58874.5
1153493820067017135,403.25,57,base,0.55,365,hipotese_de_sensibilidade,200.75000000000003,80952.44
1153493820067017135,403.25,57,otimista,0.7,365,hipotese_de_sensibilidade,255.49999999999997,103030.37
1153552657765472365,337.75,35,conservador,0.4,365,hipotese_de_sensibilidade,146.0,49311.5
1153552657765472365,337.75,35,base,0.55,365,hipotese_de_sensibilidade,200.75000000000003,67803.31
1153552657765472365,337.75,35,otimista,0.7,365,hipotese_de_sensibilidade,255.49999999999997,86295.12
11567423,790.0,67,conservador,0.4,365,hipotese_de_sensibilidade,146.0,115340.0
11567423,790.0,67,base,0.55,365,hipotese_de_sensibilidade,200.75000000000003,158592.5
11567423,790.0,67,otimista,0.7,365,hipotese_de_sensibilidade,255.49999999999997,201845.0
1161796266594364332,450.0,31,conservador,0.4,365,hipotese_de_sensibilidade,146.0,65700.0
1161796266594364332,450.0,31,base,0.55,365,hipotese_de_sensibilidade,200.75000000000003,90337.5
1161796266594364332,450.0,31,otimista,0.7,365,hipotese_de_sensibilidade,255.49999999999997,114975.0
1161927707286622818,218.92857,38,conservador,0.4,365,hipotese_de_sensibilidade,146.0,31963.57
1161927707286622818,218.92857,38,base,0.55,365,hipotese_de_sensibilidade,200.75000000000003,43949.91
1161927707286622818,218.92857,38,otimista,0.7,365,hipotese_de_sensibilidade,255.49999999999997,55936.25
1163772289534164479,1700.0,68,conservador,0.4,365,hipotese_de_sensibilidade,146.0,248200.0
1163772289534164479,1700.0,68,base,0.55,365,hipotese_de_sensibilidade,200.75000000000003,341275.0
1163772289534164479,1700.0,68,otimista,0.7,365,hipotese_de_sensibilidade,255.49999999999997,434350.0
1171049670344322120,599.0,61,conservador,0.4,365,hipotese_de_sensibilidade,146.0,87454.0
1171049670344322120,599.0,61,base,0.55,365,hipotese_de_sensibilidade,200.75000000000003,120249.25
1171049670344322120,599.0,61,otimista,0.7,365,hipotese_de_sensibilidade,255.49999999999997,153044.5
1173260792743932663,1087.25,36,conservador,0.4,365,hipotese_de_sensibilidade,146.0,158738.5
1173260792743932663,1087.25,36,base,0.55,365,hipotese_de_sensibilidade,200.75000000000003,218265.44
1173260792743932663,1087.25,36,otimista,0.7,365,hipotese_de_sensibilidade,255.49999999999997,277792.37
1174263938200349649,500.0,89,conservador,0.4,365,hipotese_de_sensibilidade,146.0,73000.0
1174263938200349649,500.0,89,base,0.55,365,hipotese_de_sensibilidade,200.75000000000003,100375.0
1174263938200349649,500.0,89,otimista,0.7,365,hipotese_de_sensibilidade,255.49999999999997,127750.0
1179103047052148475,670.0,47,conservador,0.4,365,hipotese_de_sensibilidade,146.0,97820.0
1179103047052148475,670.0,47,base,0.55,365,hipotese_de_sensibilidade,200.75000000000003,134502.5
1179103047052148475,670.0,47,otimista,0.7,365,hipotese_de_sensibilidade,255.49999999999997,171185.0
1181723518413479765,450.0,86,conservador,0.4,365,hipotese_de_sensibilidade,146.0,65700.0
1181723518413479765,450.0,86,base,0.55,365,hipotese_de_sensibilidade,200.75000000000003,90337.5
1181723518413479765,450.0,86,otimista,0.7,365,hipotese_de_sensibilidade,255.49999999999997,114975.0
1181933658424522281,372.0,77,conservador,0.4,365,hipotese_de_sensibilidade,146.0,54312.0
1181933658424522281,372.0,77,base,0.55,365,hipotese_de_sensibilidade,200.75000000000003,74679.0
1181933658424522281,372.0,77,otimista,0.7,365,hipotese_de_sensibilidade,255.49999999999997,95046.0
1181944920258781413,372.0,87,conservador,0.4,365,hipotese_de_sensibilidade,146.0,54312.0
1181944920258781413,372.0,87,base,0.55,365,hipotese_de_sensibilidade,200.75000000000003,74679.0
1181944920258781413,372.0,87,otimista,0.7,365,hipotese_de_sensibilidade,255.49999999999997,95046.0
1181971107577983158,372.0,81,conservador,0.4,365,hipotese_de_sensibilidade,146.0,54312.0
1181971107577983158,372.0,81,base,0.55,365,hipotese_de_sensibilidade,200.75000000000003,74679.0
1181971107577983158,372.0,81,otimista,0.7,365,hipotese_de_sensibilidade,255.49999999999997,95046.0
1182018398755268829,644.0,73,conservador,0.4,365,hipotese_de_sensibilidade,146.0,94024.0
1182018398755268829,644.0,73,base,0.55,365,hipotese_de_sensibilidade,200.75000000000003,129283.0
1182018398755268829,644.0,73,otimista,0.7,365,hipotese_de_sensibilidade,255.49999999999997,164542.0
1182028381058524086,578.0,70,conservador,0.4,365,hipotese_de_sensibilidade,146.0,84388.0
1182028381058524086,578.0,70,base,0.55,365,hipotese_de_sensibilidade,200.75000000000003,116033.5
1182028381058524086,578.0,70,otimista,0.7,365,hipotese_de_sensibilidade,255.49999999999997,147679.0
1182040498646675653,635.5,66,conservador,0.4,365,hipotese_de_sensibilidade,146.0,92783.0
1182040498646675653,635.5,66,base,0.55,365,hipotese_de_sensibilidade,200.75000000000003,127576.63
1182040498646675653,635.5,66,otimista,0.7,365,hipotese_de_sensibilidade,255.49999999999997,162370.25
1182043782165637473,471.0,75,conservador,0.4,365,hipotese_de_sensibilidade,146.0,68766.0
1182043782165637473,471.0,75,base,0.55,365,hipotese_de_sensibilidade,200.75000000000003,94553.25
1182043782165637473,471.0,75,otimista,0.7,365,hipotese_de_sensibilidade,255.49999999999997,120340.5
1182070530301053205,508.5,76,conservador,0.4,365,hipotese_de_sensibilidade,146.0,74241.0
1182070530301053205,508.5,76,base,0.55,365,hipotese_de_sensibilidade,200.75000000000003,102081.38
1182070530301053205,508.5,76,otimista,0.7,365,hipotese_de_sensibilidade,255.49999999999997,129921.75
1182188163181410725,850.0,82,conservador,0.4,365,hipotese_de_sensibilidade,146.0,124100.0
1182188163181410725,850.0,82,base,0.55,365,hipotese_de_sensibilidade,200.75000000000003,170637.5
1182188163181410725,850.0,82,otimista,0.7,365,hipotese_de_sensibilidade,255.49999999999997,217175.0
1183418487997408853,471.0,63,conservador,0.4,365,hipotese_de_sensibilidade,146.0,68766.0
1183418487997408853,471.0,63,base,0.55,365,hipotese_de_sensibilidade,200.75000000000003,94553.25
1183418487997408853,471.0,63,otimista,0.7,365,hipotese_de_sensibilidade,255.49999999999997,120340.5
1184078920130796920,407.5,70,conservador,0.4,365,hipotese_de_sensibilidade,146.0,59495.0
1184078920130796920,407.5,70,base,0.55,365,hipotese_de_sensibilidade,200.75000000000003,81805.63
1184078920130796920,407.5,70,otimista,0.7,365,hipotese_de_sensibilidade,255.49999999999997,104116.25
1184152596221501552,509.0,81,conservador,0.4,365,hipotese_de_sensibilidade,146.0,74314.0
1184152596221501552,509.0,81,base,0.55,365,hipotese_de_sensibilidade,200.75000000000003,102181.75
1184152596221501552,509.0,81,otimista,0.7,365,hipotese_de_sensibilidade,255.49999999999997,130049.5
1187061700423806804,523.0,75,conservador,0.4,365,hipotese_de_sensibilidade,146.0,76358.0
1187061700423806804,523.0,75,base,0.55,365,hipotese_de_sensibilidade,200.75000000000003,104992.25
1187061700423806804,523.0,75,otimista,0.7,365,hipotese_de_sensibilidade,255.49999999999997,133626.5
1187558666042801587,564.0,71,conservador,0.4,365,hipotese_de_sensibilidade,146.0,82344.0
1187558666042801587,564.0,71,base,0.55,365,hipotese_de_sensibilidade,200.75000000000003,113223.0
1187558666042801587,564.0,71,otimista,0.7,365,hipotese_de_sensibilidade,255.49999999999997,144102.0
1187772975255244525,384.0,67,conservador,0.4,365,hipotese_de_sensibilidade,146.0,56064.0
1187772975255244525,384.0,67,base,0.55,365,hipotese_de_sensibilidade,200.75000000000003,77088.0
1187772975255244525,384.0,67,otimista,0.7,365,hipotese_de_sensibilidade,255.49999999999997,98112.0
1188323084225041810,484.0,73,conservador,0.4,365,hipotese_de_sensibilidade,146.0,70664.0
1188323084225041810,484.0,73,base,0.55,365,hipotese_de_sensibilidade,200.75000000000003,97163.0
1188323084225041810,484.0,73,otimista,0.7,365,hipotese_de_sensibilidade,255.49999999999997,123662.0
1188339469325210376,495.0,73,conservador,0.4,365,hipotese_de_sensibilidade,146.0,72270.0
1188339469325210376,495.0,73,base,0.55,365,hipotese_de_sensibilidade,200.75000000000003,99371.25
1188339469325210376,495.0,73,otimista,0.7,365,hipotese_de_sensibilidade,255.49999999999997,126472.5
1188476386889166335,536.5,79,conservador,0.4,365,hipotese_de_sensibilidade,146.0,78329.0
1188476386889166335,536.5,79,base,0.55,365,hipotese_de_sensibilidade,200.75000000000003,107702.38
1188476386889166335,536.5,79,otimista,0.7,365,hipotese_de_sensibilidade,255.49999999999997,137075.75
1189331897618015345,699.25,86,conservador,0.4,365,hipotese_de_sensibilidade,146.0,102090.5
1189331897618015345,699.25,86,base,0.55,365,hipotese_de_sensibilidade,200.75000000000003,140374.44
1189331897618015345,699.25,86,otimista,0.7,365,hipotese_de_sensibilidade,255.49999999999997,178658.37
1191261348067720296,642.0,67,conservador,0.4,365,hipotese_de_sensibilidade,146.0,93732.0
1191261348067720296,642.0,67,base,0.55,365,hipotese_de_sensibilidade,200.75000000000003,128881.5
1191261348067720296,642.0,67,otimista,0.7,365,hipotese_de_sensibilidade,255.49999999999997,164031.0
1191386301072209798,509.0,73,conservador,0.4,365,hipotese_de_sensibilidade,146.0,74314.0
1191386301072209798,509.0,73,base,0.55,365,hipotese_de_sensibilidade,200.75000000000003,102181.75
1191386301072209798,509.0,73,otimista,0.7,365,hipotese_de_sensibilidade,255.49999999999997,130049.5
1192836728602105901,495.0,77,conservador,0.4,365,hipotese_de_sensibilidade,146.0,72270.0
1192836728602105901,495.0,77,base,0.55,365,hipotese_de_sensibilidade,200.75000000000003,99371.25
1192836728602105901,495.0,77,otimista,0.7,365,hipotese_de_sensibilidade,255.49999999999997,126472.5
1193347652334673191,825.0,66,conservador,0.4,365,hipotese_de_sensibilidade,146.0,120450.0
1193347652334673191,825.0,66,base,0.55,365,hipotese_de_sensibilidade,200.75000000000003,165618.75
1193347652334673191,825.0,66,otimista,0.7,365,hipotese_de_sensibilidade,255.49999999999997,210787.5
1193414131980072087,627.0,66,conservador,0.4,365,hipotese_de_sensibilidade,146.0,91542.0
1193414131980072087,627.0,66,base,0.55,365,hipotese_de_sensibilidade,200.75000000000003,125870.25
1193414131980072087,627.0,66,otimista,0.7,365,hipotese_de_sensibilidade,255.49999999999997,160198.5
1193496259129259761,656.0,86,conservador,0.4,365,hipotese_de_sensibilidade,146.0,95776.0
1193496259129259761,656.0,86,base,0.55,365,hipotese_de_sensibilidade,200.75000000000003,131692.0
1193496259129259761,656.0,86,otimista,0.7,365,hipotese_de_sensibilidade,255.49999999999997,167608.0
1193657356522503551,702.0,70,conservador,0.4,365,hipotese_de_sensibilidade,146.0,102492.0
1193657356522503551,702.0,70,base,0.55,365,hipotese_de_sensibilidade,200.75000000000003,140926.5
1193657356522503551,702.0,70,otimista,0.7,365,hipotese_de_sensibilidade,255.49999999999997,179361.0
1195858349379362032,850.0,65,conservador,0.4,365,hipotese_de_sensibilidade,146.0,124100.0
1195858349379362032,850.0,65,base,0.55,365,hipotese_de_sensibilidade,200.75000000000003,170637.5
1195858349379362032,850.0,65,otimista,0.7,365,hipotese_de_sensibilidade,255.49999999999997,217175.0
1197121947398131654,396.0,73,conservador,0.4,365,hipotese_de_sensibilidade,146.0,57816.0
1197121947398131654,396.0,73,base,0.55,365,hipotese_de_sensibilidade,200.75000000000003,79497.0
1197121947398131654,396.0,73,otimista,0.7,365,hipotese_de_sensibilidade,255.49999999999997,101178.0
1197195878719681680,384.0,76,conservador,0.4,365,hipotese_de_sensibilidade,146.0,56064.0
1197195878719681680,384.0,76,base,0.55,365,hipotese_de_sensibilidade,200.75000000000003,77088.0
1197195878719681680,384.0,76,otimista,0.7,365,hipotese_de_sensibilidade,255.49999999999997,98112.0
1198703061430420363,285.5,40,conservador,0.4,365,hipotese_de_sensibilidade,146.0,41683.0
1198703061430420363,285.5,40,base,0.55,365,hipotese_de_sensibilidade,200.75000000000003,57314.13
1198703061430420363,285.5,40,otimista,0.7,365,hipotese_de_sensibilidade,255.49999999999997,72945.25
1199996219082185363,200.0,65,conservador,0.4,365,hipotese_de_sensibilidade,146.0,29200.0
1199996219082185363,200.0,65,base,0.55,365,hipotese_de_sensibilidade,200.75000000000003,40150.0
1199996219082185363,200.0,65,otimista,0.7,365,hipotese_de_sensibilidade,255.49999999999997,51100.0
1203075817950465589,1400.0,72,conservador,0.4,365,hipotese_de_sensibilidade,146.0,204400.0
1203075817950465589,1400.0,72,base,0.55,365,hipotese_de_sensibilidade,200.75000000000003,281050.0
1203075817950465589,1400.0,72,otimista,0.7,365,hipotese_de_sensibilidade,255.49999999999997,357700.0
1203140233522044896,468.0,88,conservador,0.4,365,hipotese_de_sensibilidade,146.0,68328.0
1203140233522044896,468.0,88,base,0.55,365,hipotese_de_sensibilidade,200.75000000000003,93951.0
1203140233522044896,468.0,88,otimista,0.7,365,hipotese_de_sensibilidade,255.49999999999997,119574.0
12067632,713.0,34,conservador,0.4,365,hipotese_de_sensibilidade,146.0,104098.0
12067632,713.0,34,base,0.55,365,hipotese_de_sensibilidade,200.75000000000003,143134.75
12067632,713.0,34,otimista,0.7,365,hipotese_de_sensibilidade,255.49999999999997,182171.5
1207335703563012811,427.0,82,conservador,0.4,365,hipotese_de_sensibilidade,146.0,62342.0
1207335703563012811,427.0,82,base,0.55,365,hipotese_de_sensibilidade,200.75000000000003,85720.25
1207335703563012811,427.0,82,otimista,0.7,365,hipotese_de_sensibilidade,255.49999999999997,109098.5
1207338410880339003,427.0,86,conservador,0.4,365,hipotese_de_sensibilidade,146.0,62342.0
1207338410880339003,427.0,86,base,0.55,365,hipotese_de_sensibilidade,200.75000000000003,85720.25
1207338410880339003,427.0,86,otimista,0.7,365,hipotese_de_sensibilidade,255.49999999999997,109098.5
1207383031689344642,750.0,76,conservador,0.4,365,hipotese_de_sensibilidade,146.0,109500.0
1207383031689344642,750.0,76,base,0.55,365,hipotese_de_sensibilidade,200.75000000000003,150562.5
1207383031689344642,750.0,76,otimista,0.7,365,hipotese_de_sensibilidade,255.49999999999997,191625.0
1207864392976162235,600.0,98,conservador,0.4,365,hipotese_de_sensibilidade,146.0,87600.0
1207864392976162235,600.0,98,base,0.55,365,hipotese_de_sensibilidade,200.75000000000003,120450.0
1207864392976162235,600.0,98,otimista,0.7,365,hipotese_de_sensibilidade,255.49999999999997,153300.0
1207881809440158991,427.0,92,conservador,0.4,365,hipotese_de_sensibilidade,146.0,62342.0
1207881809440158991,427.0,92,base,0.55,365,hipotese_de_sensibilidade,200.75000000000003,85720.25
1207881809440158991,427.0,92,otimista,0.7,365,hipotese_de_sensibilidade,255.49999999999997,109098.5
1207940918769840398,385.0,77,conservador,0.4,365,hipotese_de_sensibilidade,146.0,56210.0
1207940918769840398,385.0,77,base,0.55,365,hipotese_de_sensibilidade,200.75000000000003,77288.75
1207940918769840398,385.0,77,otimista,0.7,365,hipotese_de_sensibilidade,255.49999999999997,98367.5
1207992119242235910,372.0,89,conservador,0.4,365,hipotese_de_sensibilidade,146.0,54312.0
1207992119242235910,372.0,89,base,0.55,365,hipotese_de_sensibilidade,200.75000000000003,74679.0
1207992119242235910,372.0,89,otimista,0.7,365,hipotese_de_sensibilidade,255.49999999999997,95046.0
1208704132667695539,564.0,94,conservador,0.4,365,hipotese_de_sensibilidade,146.0,82344.0
1208704132667695539,564.0,94,base,0.55,365,hipotese_de_sensibilidade,200.75000000000003,113223.0
1208704132667695539,564.0,94,otimista,0.7,365,hipotese_de_sensibilidade,255.49999999999997,144102.0
1208718899534488031,427.0,90,conservador,0.4,365,hipotese_de_sensibilidade,146.0,62342.0
1208718899534488031,427.0,90,base,0.55,365,hipotese_de_sensibilidade,200.75000000000003,85720.25
1208718899534488031,427.0,90,otimista,0.7,365,hipotese_de_sensibilidade,255.49999999999997,109098.5
1208735754877396448,427.0,82,conservador,0.4,365,hipotese_de_sensibilidade,146.0,62342.0
1208735754877396448,427.0,82,base,0.55,365,hipotese_de_sensibilidade,200.75000000000003,85720.25
1208735754877396448,427.0,82,otimista,0.7,365,hipotese_de_sensibilidade,255.49999999999997,109098.5
1208746927423730353,372.0,79,conservador,0.4,365,hipotese_de_sensibilidade,146.0,54312.0
1208746927423730353,372.0,79,base,0.55,365,hipotese_de_sensibilidade,200.75000000000003,74679.0
1208746927423730353,372.0,79,otimista,0.7,365,hipotese_de_sensibilidade,255.49999999999997,95046.0
1208757710030861160,372.0,87,conservador,0.4,365,hipotese_de_sensibilidade,146.0,54312.0
1208757710030861160,372.0,87,base,0.55,365,hipotese_de_sensibilidade,200.75000000000003,74679.0
1208757710030861160,372.0,87,otimista,0.7,365,hipotese_de_sensibilidade,255.49999999999997,95046.0
1208757855935244741,372.0,82,conservador,0.4,365,hipotese_de_sensibilidade,146.0,54312.0
1208757855935244741,372.0,82,base,0.55,365,hipotese_de_sensibilidade,200.75000000000003,74679.0
1208757855935244741,372.0,82,otimista,0.7,365,hipotese_de_sensibilidade,255.49999999999997,95046.0
1209010210831577821,1000.0,77,conservador,0.4,365,hipotese_de_sensibilidade,146.0,146000.0
1209010210831577821,1000.0,77,base,0.55,365,hipotese_de_sensibilidade,200.75000000000003,200750.0
1209010210831577821,1000.0,77,otimista,0.7,365,hipotese_de_sensibilidade,255.49999999999997,255500.0
1213824251801309412,941.0,72,conservador,0.4,365,hipotese_de_sensibilidade,146.0,137386.0
1213824251801309412,941.0,72,base,0.55,365,hipotese_de_sensibilidade,200.75000000000003,188905.75
1213824251801309412,941.0,72,otimista,0.7,365,hipotese_de_sensibilidade,255.49999999999997,240425.5
1214464056304542513,680.0,87,conservador,0.4,365,hipotese_de_sensibilidade,146.0,99280.0
1214464056304542513,680.0,87,base,0.55,365,hipotese_de_sensibilidade,200.75000000000003,136510.0
1214464056304542513,680.0,87,otimista,0.7,365,hipotese_de_sensibilidade,255.49999999999997,173740.0
1216602433904805187,600.0,85,conservador,0.4,365,hipotese_de_sensibilidade,146.0,87600.0
1216602433904805187,600.0,85,base,0.55,365,hipotese_de_sensibilidade,200.75000000000003,120450.0
1216602433904805187,600.0,85,otimista,0.7,365,hipotese_de_sensibilidade,255.49999999999997,153300.0
1218889785346856352,505.0,30,conservador,0.4,365,hipotese_de_sensibilidade,146.0,73730.0
1218889785346856352,505.0,30,base,0.55,365,hipotese_de_sensibilidade,200.75000000000003,101378.75
1218889785346856352,505.0,30,otimista,0.7,365,hipotese_de_sensibilidade,255.49999999999997,129027.5
1219597802580113056,516.0,78,conservador,0.4,365,hipotese_de_sensibilidade,146.0,75336.0
1219597802580113056,516.0,78,base,0.55,365,hipotese_de_sensibilidade,200.75000000000003,103587.0
1219597802580113056,516.0,78,otimista,0.7,365,hipotese_de_sensibilidade,255.49999999999997,131838.0
1219655958873769070,680.0,84,conservador,0.4,365,hipotese_de_sensibilidade,146.0,99280.0
1219655958873769070,680.0,84,base,0.55,365,hipotese_de_sensibilidade,200.75000000000003,136510.0
1219655958873769070,680.0,84,otimista,0.7,365,hipotese_de_sensibilidade,255.49999999999997,173740.0
1226846054624436877,713.0,93,conservador,0.4,365,hipotese_de_sensibilidade,146.0,104098.0
1226846054624436877,713.0,93,base,0.55,365,hipotese_de_sensibilidade,200.75000000000003,143134.75
1226846054624436877,713.0,93,otimista,0.7,365,hipotese_de_sensibilidade,255.49999999999997,182171.5
1226856286781952840,727.5,86,conservador,0.4,365,hipotese_de_sensibilidade,146.0,106215.0
1226856286781952840,727.5,86,base,0.55,365,hipotese_de_sensibilidade,200.75000000000003,146045.63
1226856286781952840,727.5,86,otimista,0.7,365,hipotese_de_sensibilidade,255.49999999999997,185876.25
1229942592150628971,220.0,25,conservador,0.4,365,hipotese_de_sensibilidade,146.0,32120.0
1229942592150628971,220.0,25,base,0.55,365,hipotese_de_sensibilidade,200.75000000000003,44165.0
1229942592150628971,220.0,25,otimista,0.7,365,hipotese_de_sensibilidade,255.49999999999997,56210.0
1233370107101543516,379.75,60,conservador,0.4,365,hipotese_de_sensibilidade,146.0,55443.5
1233370107101543516,379.75,60,base,0.55,365,hipotese_de_sensibilidade,200.75000000000003,76234.81
1233370107101543516,379.75,60,otimista,0.7,365,hipotese_de_sensibilidade,255.49999999999997,97026.12
1233973103621276698,383.0,69,conservador,0.4,365,hipotese_de_sensibilidade,146.0,55918.0
1233973103621276698,383.0,69,base,0.55,365,hipotese_de_sensibilidade,200.75000000000003,76887.25
1233973103621276698,383.0,69,otimista,0.7,365,hipotese_de_sensibilidade,255.49999999999997,97856.5
1233994658216308874,376.0,61,conservador,0.4,365,hipotese_de_sensibilidade,146.0,54896.0
1233994658216308874,376.0,61,base,0.55,365,hipotese_de_sensibilidade,200.75000000000003,75482.0
1233994658216308874,376.0,61,otimista,0.7,365,hipotese_de_sensibilidade,255.49999999999997,96068.0
1234084273027568746,372.0,60,conservador,0.4,365,hipotese_de_sensibilidade,146.0,54312.0
1234084273027568746,372.0,60,base,0.55,365,hipotese_de_sensibilidade,200.75000000000003,74679.0
1234084273027568746,372.0,60,otimista,0.7,365,hipotese_de_sensibilidade,255.49999999999997,95046.0
12359560,790.0,51,conservador,0.4,365,hipotese_de_sensibilidade,146.0,115340.0
12359560,790.0,51,base,0.55,365,hipotese_de_sensibilidade,200.75000000000003,158592.5
12359560,790.0,51,otimista,0.7,365,hipotese_de_sensibilidade,255.49999999999997,201845.0
1236367599770739400,600.0,59,conservador,0.4,365,hipotese_de_sensibilidade,146.0,87600.0
1236367599770739400,600.0,59,base,0.55,365,hipotese_de_sensibilidade,200.75000000000003,120450.0
1236367599770739400,600.0,59,otimista,0.7,365,hipotese_de_sensibilidade,255.49999999999997,153300.0
1238321506456103932,715.0,76,conservador,0.4,365,hipotese_de_sensibilidade,146.0,104390.0
1238321506456103932,715.0,76,base,0.55,365,hipotese_de_sensibilidade,200.75000000000003,143536.25
1238321506456103932,715.0,76,otimista,0.7,365,hipotese_de_sensibilidade,255.49999999999997,182682.5
1242002119123644781,5500.0,90,conservador,0.4,365,hipotese_de_sensibilidade,146.0,803000.0
1242002119123644781,5500.0,90,base,0.55,365,hipotese_de_sensibilidade,200.75000000000003,1104125.0
1242002119123644781,5500.0,90,otimista,0.7,365,hipotese_de_sensibilidade,255.49999999999997,1405250.0
1242713378625026725,550.0,83,conservador,0.4,365,hipotese_de_sensibilidade,146.0,80300.0
1242713378625026725,550.0,83,base,0.55,365,hipotese_de_sensibilidade,200.75000000000003,110412.5
1242713378625026725,550.0,83,otimista,0.7,365,hipotese_de_sensibilidade,255.49999999999997,140525.0
1247028916537033972,1700.0,75,conservador,0.4,365,hipotese_de_sensibilidade,146.0,248200.0
1247028916537033972,1700.0,75,base,0.55,365,hipotese_de_sensibilidade,200.75000000000003,341275.0
1247028916537033972,1700.0,75,otimista,0.7,365,hipotese_de_sensibilidade,255.49999999999997,434350.0
1248514191377483703,450.0,87,conservador,0.4,365,hipotese_de_sensibilidade,146.0,65700.0
1248514191377483703,450.0,87,base,0.55,365,hipotese_de_sensibilidade,200.75000000000003,90337.5
1248514191377483703,450.0,87,otimista,0.7,365,hipotese_de_sensibilidade,255.49999999999997,114975.0
1248685472424986601,280.5,38,conservador,0.4,365,hipotese_de_sensibilidade,146.0,40953.0
1248685472424986601,280.5,38,base,0.55,365,hipotese_de_sensibilidade,200.75000000000003,56310.38
1248685472424986601,280.5,38,otimista,0.7,365,hipotese_de_sensibilidade,255.49999999999997,71667.75
12490354,749.0,63,conservador,0.4,365,hipotese_de_sensibilidade,146.0,109354.0
12490354,749.0,63,base,0.55,365,hipotese_de_sensibilidade,200.75000000000003,150361.75
12490354,749.0,63,otimista,0.7,365,hipotese_de_sensibilidade,255.49999999999997,191369.5
1249371220066552412,492.0,69,conservador,0.4,365,hipotese_de_sensibilidade,146.0,71832.0
1249371220066552412,492.0,69,base,0.55,365,hipotese_de_sensibilidade,200.75000000000003,98769.0
1249371220066552412,492.0,69,otimista,0.7,365,hipotese_de_sensibilidade,255.49999999999997,125706.0
1249385754807434824,561.5,78,conservador,0.4,365,hipotese_de_sensibilidade,146.0,81979.0
1249385754807434824,561.5,78,base,0.55,365,hipotese_de_sensibilidade,200.75000000000003,112721.13
1249385754807434824,561.5,78,otimista,0.7,365,hipotese_de_sensibilidade,255.49999999999997,143463.25
1249919049392818339,545.0,91,conservador,0.4,365,hipotese_de_sensibilidade,146.0,79570.0
1249919049392818339,545.0,91,base,0.55,365,hipotese_de_sensibilidade,200.75000000000003,109408.75
1249919049392818339,545.0,91,otimista,0.7,365,hipotese_de_sensibilidade,255.49999999999997,139247.5
1254384361135492137,515.0,86,conservador,0.4,365,hipotese_de_sensibilidade,146.0,75190.0
1254384361135492137,515.0,86,base,0.55,365,hipotese_de_sensibilidade,200.75000000000003,103386.25
1254384361135492137,515.0,86,otimista,0.7,365,hipotese_de_sensibilidade,255.49999999999997,131582.5
1254489827996538747,1190.0,74,conservador,0.4,365,hipotese_de_sensibilidade,146.0,173740.0
1254489827996538747,1190.0,74,base,0.55,365,hipotese_de_sensibilidade,200.75000000000003,238892.5
1254489827996538747,1190.0,74,otimista,0.7,365,hipotese_de_sensibilidade,255.49999999999997,304045.0
1257312272803306995,545.0,82,conservador,0.4,365,hipotese_de_sensibilidade,146.0,79570.0
1257312272803306995,545.0,82,base,0.55,365,hipotese_de_sensibilidade,200.75000000000003,109408.75
1257312272803306995,545.0,82,otimista,0.7,365,hipotese_de_sensibilidade,255.49999999999997,139247.5
1259534245145609058,377.5,60,conservador,0.4,365,hipotese_de_sensibilidade,146.0,55115.0
1259534245145609058,377.5,60,base,0.55,365,hipotese_de_sensibilidade,200.75000000000003,75783.13
1259534245145609058,377.5,60,otimista,0.7,365,hipotese_de_sensibilidade,255.49999999999997,96451.25
1260073533686146608,377.0,76,conservador,0.4,365,hipotese_de_sensibilidade,146.0,55042.0
1260073533686146608,377.0,76,base,0.55,365,hipotese_de_sensibilidade,200.75000000000003,75682.75
1260073533686146608,377.0,76,otimista,0.7,365,hipotese_de_sensibilidade,255.49999999999997,96323.5
1262982199583014782,715.0,82,conservador,0.4,365,hipotese_de_sensibilidade,146.0,104390.0
1262982199583014782,715.0,82,base,0.55,365,hipotese_de_sensibilidade,200.75000000000003,143536.25
1262982199583014782,715.0,82,otimista,0.7,365,hipotese_de_sensibilidade,255.49999999999997,182682.5
1263128865886946817,575.0,93,conservador,0.4,365,hipotese_de_sensibilidade,146.0,83950.0
1263128865886946817,575.0,93,base,0.55,365,hipotese_de_sensibilidade,200.75000000000003,115431.25
1263128865886946817,575.0,93,otimista,0.7,365,hipotese_de_sensibilidade,255.49999999999997,146912.5
1264729892004302735,450.0,35,conservador,0.4,365,hipotese_de_sensibilidade,146.0,65700.0
1264729892004302735,450.0,35,base,0.55,365,hipotese_de_sensibilidade,200.75000000000003,90337.5
1264729892004302735,450.0,35,otimista,0.7,365,hipotese_de_sensibilidade,255.49999999999997,114975.0
1265161823691467042,632.0,81,conservador,0.4,365,hipotese_de_sensibilidade,146.0,92272.0
1265161823691467042,632.0,81,base,0.55,365,hipotese_de_sensibilidade,200.75000000000003,126874.0
1265161823691467042,632.0,81,otimista,0.7,365,hipotese_de_sensibilidade,255.49999999999997,161476.0
1265295313956605287,372.0,79,conservador,0.4,365,hipotese_de_sensibilidade,146.0,54312.0
1265295313956605287,372.0,79,base,0.55,365,hipotese_de_sensibilidade,200.75000000000003,74679.0
1265295313956605287,372.0,79,otimista,0.7,365,hipotese_de_sensibilidade,255.49999999999997,95046.0
1265370363028714118,385.0,84,conservador,0.4,365,hipotese_de_sensibilidade,146.0,56210.0
1265370363028714118,385.0,84,base,0.55,365,hipotese_de_sensibilidade,200.75000000000003,77288.75
1265370363028714118,385.0,84,otimista,0.7,365,hipotese_de_sensibilidade,255.49999999999997,98367.5
1266717192483343855,550.0,62,conservador,0.4,365,hipotese_de_sensibilidade,146.0,80300.0
1266717192483343855,550.0,62,base,0.55,365,hipotese_de_sensibilidade,200.75000000000003,110412.5
1266717192483343855,550.0,62,otimista,0.7,365,hipotese_de_sensibilidade,255.49999999999997,140525.0
1267332355220608617,699.0,69,conservador,0.4,365,hipotese_de_sensibilidade,146.0,102054.0
1267332355220608617,699.0,69,base,0.55,365,hipotese_de_sensibilidade,200.75000000000003,140324.25
1267332355220608617,699.0,69,otimista,0.7,365,hipotese_de_sensibilidade,255.49999999999997,178594.5
1268755217310742256,800.0,37,conservador,0.4,365,hipotese_de_sensibilidade,146.0,116800.0
1268755217310742256,800.0,37,base,0.55,365,hipotese_de_sensibilidade,200.75000000000003,160600.0
1268755217310742256,800.0,37,otimista,0.7,365,hipotese_de_sensibilidade,255.49999999999997,204400.0
1268889705366032062,1000.0,63,conservador,0.4,365,hipotese_de_sensibilidade,146.0,146000.0
1268889705366032062,1000.0,63,base,0.55,365,hipotese_de_sensibilidade,200.75000000000003,200750.0
1268889705366032062,1000.0,63,otimista,0.7,365,hipotese_de_sensibilidade,255.49999999999997,255500.0
1269623861253689862,372.0,65,conservador,0.4,365,hipotese_de_sensibilidade,146.0,54312.0
1269623861253689862,372.0,65,base,0.55,365,hipotese_de_sensibilidade,200.75000000000003,74679.0
1269623861253689862,372.0,65,otimista,0.7,365,hipotese_de_sensibilidade,255.49999999999997,95046.0
1269636598524749154,372.0,76,conservador,0.4,365,hipotese_de_sensibilidade,146.0,54312.0
1269636598524749154,372.0,76,base,0.55,365,hipotese_de_sensibilidade,200.75000000000003,74679.0
1269636598524749154,372.0,76,otimista,0.7,365,hipotese_de_sensibilidade,255.49999999999997,95046.0
1271171762063321920,650.0,56,conservador,0.4,365,hipotese_de_sensibilidade,146.0,94900.0
1271171762063321920,650.0,56,base,0.55,365,hipotese_de_sensibilidade,200.75000000000003,130487.5
1271171762063321920,650.0,56,otimista,0.7,365,hipotese_de_sensibilidade,255.49999999999997,166075.0
1272260793182499350,582.0,45,conservador,0.4,365,hipotese_de_sensibilidade,146.0,84972.0
1272260793182499350,582.0,45,base,0.55,365,hipotese_de_sensibilidade,200.75000000000003,116836.5
1272260793182499350,582.0,45,otimista,0.7,365,hipotese_de_sensibilidade,255.49999999999997,148701.0
1272537775161574422,446.0,56,conservador,0.4,365,hipotese_de_sensibilidade,146.0,65116.0
1272537775161574422,446.0,56,base,0.55,365,hipotese_de_sensibilidade,200.75000000000003,89534.5
1272537775161574422,446.0,56,otimista,0.7,365,hipotese_de_sensibilidade,255.49999999999997,113953.0
1274055523929375490,545.0,91,conservador,0.4,365,hipotese_de_sensibilidade,146.0,79570.0
1274055523929375490,545.0,91,base,0.55,365,hipotese_de_sensibilidade,200.75000000000003,109408.75
1274055523929375490,545.0,91,otimista,0.7,365,hipotese_de_sensibilidade,255.49999999999997,139247.5
1274533646308060247,471.0,86,conservador,0.4,365,hipotese_de_sensibilidade,146.0,68766.0
1274533646308060247,471.0,86,base,0.55,365,hipotese_de_sensibilidade,200.75000000000003,94553.25
1274533646308060247,471.0,86,otimista,0.7,365,hipotese_de_sensibilidade,255.49999999999997,120340.5
1274679812745645557,563.0,88,conservador,0.4,365,hipotese_de_sensibilidade,146.0,82198.0
1274679812745645557,563.0,88,base,0.55,365,hipotese_de_sensibilidade,200.75000000000003,113022.25
1274679812745645557,563.0,88,otimista,0.7,365,hipotese_de_sensibilidade,255.49999999999997,143846.5
1276789839775235217,500.0,43,conservador,0.4,365,hipotese_de_sensibilidade,146.0,73000.0
1276789839775235217,500.0,43,base,0.55,365,hipotese_de_sensibilidade,200.75000000000003,100375.0
1276789839775235217,500.0,43,otimista,0.7,365,hipotese_de_sensibilidade,255.49999999999997,127750.0
1277103969415516416,470.0,54,conservador,0.4,365,hipotese_de_sensibilidade,146.0,68620.0
1277103969415516416,470.0,54,base,0.55,365,hipotese_de_sensibilidade,200.75000000000003,94352.5
1277103969415516416,470.0,54,otimista,0.7,365,hipotese_de_sensibilidade,255.49999999999997,120085.0
1277671971539993475,273.5,30,conservador,0.4,365,hipotese_de_sensibilidade,146.0,39931.0
1277671971539993475,273.5,30,base,0.55,365,hipotese_de_sensibilidade,200.75000000000003,54905.13
1277671971539993475,273.5,30,otimista,0.7,365,hipotese_de_sensibilidade,255.49999999999997,69879.25
1280559161534348023,554.0,85,conservador,0.4,365,hipotese_de_sensibilidade,146.0,80884.0
1280559161534348023,554.0,85,base,0.55,365,hipotese_de_sensibilidade,200.75000000000003,111215.5
1280559161534348023,554.0,85,otimista,0.7,365,hipotese_de_sensibilidade,255.49999999999997,141547.0
1282577030741754149,382.5,72,conservador,0.4,365,hipotese_de_sensibilidade,146.0,55845.0
1282577030741754149,382.5,72,base,0.55,365,hipotese_de_sensibilidade,200.75000000000003,76786.88
1282577030741754149,382.5,72,otimista,0.7,365,hipotese_de_sensibilidade,255.49999999999997,97728.75
1282585098065467787,385.0,65,conservador,0.4,365,hipotese_de_sensibilidade,146.0,56210.0
1282585098065467787,385.0,65,base,0.55,365,hipotese_de_sensibilidade,200.75000000000003,77288.75
1282585098065467787,385.0,65,otimista,0.7,365,hipotese_de_sensibilidade,255.49999999999997,98367.5
1283982403734255309,495.0,67,conservador,0.4,365,hipotese_de_sensibilidade,146.0,72270.0
1283982403734255309,495.0,67,base,0.55,365,hipotese_de_sensibilidade,200.75000000000003,99371.25
1283982403734255309,495.0,67,otimista,0.7,365,hipotese_de_sensibilidade,255.49999999999997,126472.5
1284110666632259028,509.0,76,conservador,0.4,365,hipotese_de_sensibilidade,146.0,74314.0
1284110666632259028,509.0,76,base,0.55,365,hipotese_de_sensibilidade,200.75000000000003,102181.75
1284110666632259028,509.0,76,otimista,0.7,365,hipotese_de_sensibilidade,255.49999999999997,130049.5
1285538056394050628,990.0,95,conservador,0.4,365,hipotese_de_sensibilidade,146.0,144540.0
1285538056394050628,990.0,95,base,0.55,365,hipotese_de_sensibilidade,200.75000000000003,198742.5
1285538056394050628,990.0,95,otimista,0.7,365,hipotese_de_sensibilidade,255.49999999999997,252945.0
1292815457899461748,680.0,71,conservador,0.4,365,hipotese_de_sensibilidade,146.0,99280.0
1292815457899461748,680.0,71,base,0.55,365,hipotese_de_sensibilidade,200.75000000000003,136510.0
1292815457899461748,680.0,71,otimista,0.7,365,hipotese_de_sensibilidade,255.49999999999997,173740.0
12931525,383.33334,46,conservador,0.4,365,hipotese_de_sensibilidade,146.0,55966.67
12931525,383.33334,46,base,0.55,365,hipotese_de_sensibilidade,200.75000000000003,76954.17
12931525,383.33334,46,otimista,0.7,365,hipotese_de_sensibilidade,255.49999999999997,97941.67
1297930390704189766,545.0,85,conservador,0.4,365,hipotese_de_sensibilidade,146.0,79570.0
1297930390704189766,545.0,85,base,0.55,365,hipotese_de_sensibilidade,200.75000000000003,109408.75
1297930390704189766,545.0,85,otimista,0.7,365,hipotese_de_sensibilidade,255.49999999999997,139247.5
1297930815921503919,842.0,76,conservador,0.4,365,hipotese_de_sensibilidade,146.0,122932.0
1297930815921503919,842.0,76,base,0.55,365,hipotese_de_sensibilidade,200.75000000000003,169031.5
1297930815921503919,842.0,76,otimista,0.7,365,hipotese_de_sensibilidade,255.49999999999997,215131.0
1303745304497797235,678.0,85,conservador,0.4,365,hipotese_de_sensibilidade,146.0,98988.0
1303745304497797235,678.0,85,base,0.55,365,hipotese_de_sensibilidade,200.75000000000003,136108.5
1303745304497797235,678.0,85,otimista,0.7,365,hipotese_de_sensibilidade,255.49999999999997,173229.0
1304403734260231676,560.0,100,conservador,0.4,365,hipotese_de_sensibilidade,146.0,81760.0
1304403734260231676,560.0,100,base,0.55,365,hipotese_de_sensibilidade,200.75000000000003,112420.0
1304403734260231676,560.0,100,otimista,0.7,365,hipotese_de_sensibilidade,255.49999999999997,143080.0
1304433283397417052,941.0,66,conservador,0.4,365,hipotese_de_sensibilidade,146.0,137386.0
1304433283397417052,941.0,66,base,0.55,365,hipotese_de_sensibilidade,200.75000000000003,188905.75
1304433283397417052,941.0,66,otimista,0.7,365,hipotese_de_sensibilidade,255.49999999999997,240425.5
1307990676918354925,572.0,87,conservador,0.4,365,hipotese_de_sensibilidade,146.0,83512.0
1307990676918354925,572.0,87,base,0.55,365,hipotese_de_sensibilidade,200.75000000000003,114829.0
1307990676918354925,572.0,87,otimista,0.7,365,hipotese_de_sensibilidade,255.49999999999997,146146.0
1311575286815584867,753.0,82,conservador,0.4,365,hipotese_de_sensibilidade,146.0,109938.0
1311575286815584867,753.0,82,base,0.55,365,hipotese_de_sensibilidade,200.75000000000003,151164.75
1311575286815584867,753.0,82,otimista,0.7,365,hipotese_de_sensibilidade,255.49999999999997,192391.5
1312949509621922876,561.0,86,conservador,0.4,365,hipotese_de_sensibilidade,146.0,81906.0
1312949509621922876,561.0,86,base,0.55,365,hipotese_de_sensibilidade,200.75000000000003,112620.75
1312949509621922876,561.0,86,otimista,0.7,365,hipotese_de_sensibilidade,255.49999999999997,143335.5
1313064371372817918,880.0,98,conservador,0.4,365,hipotese_de_sensibilidade,146.0,128480.0
1313064371372817918,880.0,98,base,0.55,365,hipotese_de_sensibilidade,200.75000000000003,176660.0
1313064371372817918,880.0,98,otimista,0.7,365,hipotese_de_sensibilidade,255.49999999999997,224840.0
1315954985293478319,831.0,102,conservador,0.4,365,hipotese_de_sensibilidade,146.0,121326.0
1315954985293478319,831.0,102,base,0.55,365,hipotese_de_sensibilidade,200.75000000000003,166823.25
1315954985293478319,831.0,102,otimista,0.7,365,hipotese_de_sensibilidade,255.49999999999997,212320.5
1317427472349939673,1000.0,90,conservador,0.4,365,hipotese_de_sensibilidade,146.0,146000.0
1317427472349939673,1000.0,90,base,0.55,365,hipotese_de_sensibilidade,200.75000000000003,200750.0
1317427472349939673,1000.0,90,otimista,0.7,365,hipotese_de_sensibilidade,255.49999999999997,255500.0
1318315111310867765,700.0,81,conservador,0.4,365,hipotese_de_sensibilidade,146.0,102200.0
1318315111310867765,700.0,81,base,0.55,365,hipotese_de_sensibilidade,200.75000000000003,140525.0
1318315111310867765,700.0,81,otimista,0.7,365,hipotese_de_sensibilidade,255.49999999999997,178850.0
1320994692912931266,1430.0,96,conservador,0.4,365,hipotese_de_sensibilidade,146.0,208780.0
1320994692912931266,1430.0,96,base,0.55,365,hipotese_de_sensibilidade,200.75000000000003,287072.5
1320994692912931266,1430.0,96,otimista,0.7,365,hipotese_de_sensibilidade,255.49999999999997,365365.0
1320995339425720277,627.0,87,conservador,0.4,365,hipotese_de_sensibilidade,146.0,91542.0
1320995339425720277,627.0,87,base,0.55,365,hipotese_de_sensibilidade,200.75000000000003,125870.25
1320995339425720277,627.0,87,otimista,0.7,365,hipotese_de_sensibilidade,255.49999999999997,160198.5
1321022086036905023,858.0,91,conservador,0.4,365,hipotese_de_sensibilidade,146.0,125268.0
1321022086036905023,858.0,91,base,0.55,365,hipotese_de_sensibilidade,200.75000000000003,172243.5
1321022086036905023,858.0,91,otimista,0.7,365,hipotese_de_sensibilidade,255.49999999999997,219219.0
1321134786322096510,644.0,88,conservador,0.4,365,hipotese_de_sensibilidade,146.0,94024.0
1321134786322096510,644.0,88,base,0.55,365,hipotese_de_sensibilidade,200.75000000000003,129283.0
1321134786322096510,644.0,88,otimista,0.7,365,hipotese_de_sensibilidade,255.49999999999997,164542.0
1329787295308110610,935.0,71,conservador,0.4,365,hipotese_de_sensibilidade,146.0,136510.0
1329787295308110610,935.0,71,base,0.55,365,hipotese_de_sensibilidade,200.75000000000003,187701.25
1329787295308110610,935.0,71,otimista,0.7,365,hipotese_de_sensibilidade,255.49999999999997,238892.5
13522176,2300.0,32,conservador,0.4,365,hipotese_de_sensibilidade,146.0,335800.0
13522176,2300.0,32,base,0.55,365,hipotese_de_sensibilidade,200.75000000000003,461725.0
13522176,2300.0,32,otimista,0.7,365,hipotese_de_sensibilidade,255.49999999999997,587650.0
14872547,690.75,64,conservador,0.4,365,hipotese_de_sensibilidade,146.0,100849.5
14872547,690.75,64,base,0.55,365,hipotese_de_sensibilidade,200.75000000000003,138668.06
14872547,690.75,64,otimista,0.7,365,hipotese_de_sensibilidade,255.49999999999997,176486.62
14884678,595.0,42,conservador,0.4,365,hipotese_de_sensibilidade,146.0,86870.0
14884678,595.0,42,base,0.55,365,hipotese_de_sensibilidade,200.75000000000003,119446.25
14884678,595.0,42,otimista,0.7,365,hipotese_de_sensibilidade,255.49999999999997,152022.5
15024197,800.0,18,conservador,0.4,365,hipotese_de_sensibilidade,146.0,116800.0
15024197,800.0,18,base,0.55,365,hipotese_de_sensibilidade,200.75000000000003,160600.0
15024197,800.0,18,otimista,0.7,365,hipotese_de_sensibilidade,255.49999999999997,204400.0
15500038,444.20000000000005,88,conservador,0.4,365,hipotese_de_sensibilidade,146.0,64853.2
15500038,444.20000000000005,88,base,0.55,365,hipotese_de_sensibilidade,200.75000000000003,89173.15
15500038,444.20000000000005,88,otimista,0.7,365,hipotese_de_sensibilidade,255.49999999999997,113493.1
15523493,625.0,58,conservador,0.4,365,hipotese_de_sensibilidade,146.0,91250.0
15523493,625.0,58,base,0.55,365,hipotese_de_sensibilidade,200.75000000000003,125468.75
15523493,625.0,58,otimista,0.7,365,hipotese_de_sensibilidade,255.49999999999997,159687.5
15549803,590.0,45,conservador,0.4,365,hipotese_de_sensibilidade,146.0,86140.0
15549803,590.0,45,base,0.55,365,hipotese_de_sensibilidade,200.75000000000003,118442.5
15549803,590.0,45,otimista,0.7,365,hipotese_de_sensibilidade,255.49999999999997,150745.0
15732070,753.3333,63,conservador,0.4,365,hipotese_de_sensibilidade,146.0,109986.66
15732070,753.3333,63,base,0.55,365,hipotese_de_sensibilidade,200.75000000000003,151231.66
15732070,753.3333,63,otimista,0.7,365,hipotese_de_sensibilidade,255.49999999999997,192476.66
15754075,620.3333,37,conservador,0.4,365,hipotese_de_sensibilidade,146.0,90568.66
15754075,620.3333,37,base,0.55,365,hipotese_de_sensibilidade,200.75000000000003,124531.91
15754075,620.3333,37,otimista,0.7,365,hipotese_de_sensibilidade,255.49999999999997,158495.16
15791567,550.0,35,conservador,0.4,365,hipotese_de_sensibilidade,146.0,80300.0
15791567,550.0,35,base,0.55,365,hipotese_de_sensibilidade,200.75000000000003,110412.5
15791567,550.0,35,otimista,0.7,365,hipotese_de_sensibilidade,255.49999999999997,140525.0
15909831,790.0,78,conservador,0.4,365,hipotese_de_sensibilidade,146.0,115340.0
15909831,790.0,78,base,0.55,365,hipotese_de_sensibilidade,200.75000000000003,158592.5
15909831,790.0,78,otimista,0.7,365,hipotese_de_sensibilidade,255.49999999999997,201845.0
15934309,790.0,70,conservador,0.4,365,hipotese_de_sensibilidade,146.0,115340.0
15934309,790.0,70,base,0.55,365,hipotese_de_sensibilidade,200.75000000000003,158592.5
15934309,790.0,70,otimista,0.7,365,hipotese_de_sensibilidade,255.49999999999997,201845.0
15980018,400.0,22,conservador,0.4,365,hipotese_de_sensibilidade,146.0,58400.0
15980018,400.0,22,base,0.55,365,hipotese_de_sensibilidade,200.75000000000003,80300.0
15980018,400.0,22,otimista,0.7,365,hipotese_de_sensibilidade,255.49999999999997,102200.0
15980108,1500.0,39,conservador,0.4,365,hipotese_de_sensibilidade,146.0,219000.0
15980108,1500.0,39,base,0.55,365,hipotese_de_sensibilidade,200.75000000000003,301125.0
15980108,1500.0,39,otimista,0.7,365,hipotese_de_sensibilidade,255.49999999999997,383250.0
16017693,910.0,36,conservador,0.4,365,hipotese_de_sensibilidade,146.0,132860.0
16017693,910.0,36,base,0.55,365,hipotese_de_sensibilidade,200.75000000000003,182682.5
16017693,910.0,36,otimista,0.7,365,hipotese_de_sensibilidade,255.49999999999997,232505.0
16105751,250.0,31,conservador,0.4,365,hipotese_de_sensibilidade,146.0,36500.0
16105751,250.0,31,base,0.55,365,hipotese_de_sensibilidade,200.75000000000003,50187.5
16105751,250.0,31,otimista,0.7,365,hipotese_de_sensibilidade,255.49999999999997,63875.0
16177778,600.0,92,conservador,0.4,365,hipotese_de_sensibilidade,146.0,87600.0
16177778,600.0,92,base,0.55,365,hipotese_de_sensibilidade,200.75000000000003,120450.0
16177778,600.0,92,otimista,0.7,365,hipotese_de_sensibilidade,255.49999999999997,153300.0
16253828,1610.6666,73,conservador,0.4,365,hipotese_de_sensibilidade,146.0,235157.32
16253828,1610.6666,73,base,0.55,365,hipotese_de_sensibilidade,200.75000000000003,323341.32
16253828,1610.6666,73,otimista,0.7,365,hipotese_de_sensibilidade,255.49999999999997,411525.32
16270332,900.0,54,conservador,0.4,365,hipotese_de_sensibilidade,146.0,131400.0
16270332,900.0,54,base,0.55,365,hipotese_de_sensibilidade,200.75000000000003,180675.0
16270332,900.0,54,otimista,0.7,365,hipotese_de_sensibilidade,255.49999999999997,229950.0
16321793,450.0,74,conservador,0.4,365,hipotese_de_sensibilidade,146.0,65700.0
16321793,450.0,74,base,0.55,365,hipotese_de_sensibilidade,200.75000000000003,90337.5
16321793,450.0,74,otimista,0.7,365,hipotese_de_sensibilidade,255.49999999999997,114975.0
16350860,653.0,65,conservador,0.4,365,hipotese_de_sensibilidade,146.0,95338.0
16350860,653.0,65,base,0.55,365,hipotese_de_sensibilidade,200.75000000000003,131089.75
16350860,653.0,65,otimista,0.7,365,hipotese_de_sensibilidade,255.49999999999997,166841.5
16451544,500.0,31,conservador,0.4,365,hipotese_de_sensibilidade,146.0,73000.0
16451544,500.0,31,base,0.55,365,hipotese_de_sensibilidade,200.75000000000003,100375.0
16451544,500.0,31,otimista,0.7,365,hipotese_de_sensibilidade,255.49999999999997,127750.0
16527828,1050.0,87,conservador,0.4,365,hipotese_de_sensibilidade,146.0,153300.0
16527828,1050.0,87,base,0.55,365,hipotese_de_sensibilidade,200.75000000000003,210787.5
16527828,1050.0,87,otimista,0.7,365,hipotese_de_sensibilidade,255.49999999999997,268275.0
16570256,523.0,47,conservador,0.4,365,hipotese_de_sensibilidade,146.0,76358.0
16570256,523.0,47,base,0.55,365,hipotese_de_sensibilidade,200.75000000000003,104992.25
16570256,523.0,47,otimista,0.7,365,hipotese_de_sensibilidade,255.49999999999997,133626.5
16586622,580.0,80,conservador,0.4,365,hipotese_de_sensibilidade,146.0,84680.0
16586622,580.0,80,base,0.55,365,hipotese_de_sensibilidade,200.75000000000003,116435.0
16586622,580.0,80,otimista,0.7,365,hipotese_de_sensibilidade,255.49999999999997,148190.0
16618715,750.0,88,conservador,0.4,365,hipotese_de_sensibilidade,146.0,109500.0
16618715,750.0,88,base,0.55,365,hipotese_de_sensibilidade,200.75000000000003,150562.5
16618715,750.0,88,otimista,0.7,365,hipotese_de_sensibilidade,255.49999999999997,191625.0
16644316,770.0,66,conservador,0.4,365,hipotese_de_sensibilidade,146.0,112420.0
16644316,770.0,66,base,0.55,365,hipotese_de_sensibilidade,200.75000000000003,154577.5
16644316,770.0,66,otimista,0.7,365,hipotese_de_sensibilidade,255.49999999999997,196735.0
16662563,1728.0,62,conservador,0.4,365,hipotese_de_sensibilidade,146.0,252288.0
16662563,1728.0,62,base,0.55,365,hipotese_de_sensibilidade,200.75000000000003,346896.0
16662563,1728.0,62,otimista,0.7,365,hipotese_de_sensibilidade,255.49999999999997,441504.0
16730935,250.0,89,conservador,0.4,365,hipotese_de_sensibilidade,146.0,36500.0
16730935,250.0,89,base,0.55,365,hipotese_de_sensibilidade,200.75000000000003,50187.5
16730935,250.0,89,otimista,0.7,365,hipotese_de_sensibilidade,255.49999999999997,63875.0
16992951,500.0,71,conservador,0.4,365,hipotese_de_sensibilidade,146.0,73000.0
16992951,500.0,71,base,0.55,365,hipotese_de_sensibilidade,200.75000000000003,100375.0
16992951,500.0,71,otimista,0.7,365,hipotese_de_sensibilidade,255.49999999999997,127750.0
17013106,1500.0,59,conservador,0.4,365,hipotese_de_sensibilidade,146.0,219000.0
17013106,1500.0,59,base,0.55,365,hipotese_de_sensibilidade,200.75000000000003,301125.0
17013106,1500.0,59,otimista,0.7,365,hipotese_de_sensibilidade,255.49999999999997,383250.0
17034886,446.0,45,conservador,0.4,365,hipotese_de_sensibilidade,146.0,65116.0
17034886,446.0,45,base,0.55,365,hipotese_de_sensibilidade,200.75000000000003,89534.5
17034886,446.0,45,otimista,0.7,365,hipotese_de_sensibilidade,255.49999999999997,113953.0
17294276,850.0,47,conservador,0.4,365,hipotese_de_sensibilidade,146.0,124100.0
17294276,850.0,47,base,0.55,365,hipotese_de_sensibilidade,200.75000000000003,170637.5
17294276,850.0,47,otimista,0.7,365,hipotese_de_sensibilidade,255.49999999999997,217175.0
17511306,1100.0,62,conservador,0.4,365,hipotese_de_sensibilidade,146.0,160600.0
17511306,1100.0,62,base,0.55,365,hipotese_de_sensibilidade,200.75000000000003,220825.0
17511306,1100.0,62,otimista,0.7,365,hipotese_de_sensibilidade,255.49999999999997,281050.0
17570590,1574.0,68,conservador,0.4,365,hipotese_de_sensibilidade,146.0,229804.0
17570590,1574.0,68,base,0.55,365,hipotese_de_sensibilidade,200.75000000000003,315980.5
17570590,1574.0,68,otimista,0.7,365,hipotese_de_sensibilidade,255.49999999999997,402157.0
18395333,600.0,64,conservador,0.4,365,hipotese_de_sensibilidade,146.0,87600.0
18395333,600.0,64,base,0.55,365,hipotese_de_sensibilidade,200.75000000000003,120450.0
18395333,600.0,64,otimista,0.7,365,hipotese_de_sensibilidade,255.49999999999997,153300.0
18505349,628.5,30,conservador,0.4,365,hipotese_de_sensibilidade,146.0,91761.0
18505349,628.5,30,base,0.55,365,hipotese_de_sensibilidade,200.75000000000003,126171.38
18505349,628.5,30,otimista,0.7,365,hipotese_de_sensibilidade,255.49999999999997,160581.75
18506998,350.0,20,conservador,0.4,365,hipotese_de_sensibilidade,146.0,51100.0
18506998,350.0,20,base,0.55,365,hipotese_de_sensibilidade,200.75000000000003,70262.5
18506998,350.0,20,otimista,0.7,365,hipotese_de_sensibilidade,255.49999999999997,89425.0
18735821,250.0,44,conservador,0.4,365,hipotese_de_sensibilidade,146.0,36500.0
18735821,250.0,44,base,0.55,365,hipotese_de_sensibilidade,200.75000000000003,50187.5
18735821,250.0,44,otimista,0.7,365,hipotese_de_sensibilidade,255.49999999999997,63875.0
1977915,850.0,67,conservador,0.4,365,hipotese_de_sensibilidade,146.0,124100.0
1977915,850.0,67,base,0.55,365,hipotese_de_sensibilidade,200.75000000000003,170637.5
1977915,850.0,67,otimista,0.7,365,hipotese_de_sensibilidade,255.49999999999997,217175.0
20555680,200.0,19,conservador,0.4,365,hipotese_de_sensibilidade,146.0,29200.0
20555680,200.0,19,base,0.55,365,hipotese_de_sensibilidade,200.75000000000003,40150.0
20555680,200.0,19,otimista,0.7,365,hipotese_de_sensibilidade,255.49999999999997,51100.0
20618105,620.5714,44,conservador,0.4,365,hipotese_de_sensibilidade,146.0,90603.42
20618105,620.5714,44,base,0.55,365,hipotese_de_sensibilidade,200.75000000000003,124579.71
20618105,620.5714,44,otimista,0.7,365,hipotese_de_sensibilidade,255.49999999999997,158555.99
20863370,500.0,18,conservador,0.4,365,hipotese_de_sensibilidade,146.0,73000.0
20863370,500.0,18,base,0.55,365,hipotese_de_sensibilidade,200.75000000000003,100375.0
20863370,500.0,18,otimista,0.7,365,hipotese_de_sensibilidade,255.49999999999997,127750.0
20943549,400.0,65,conservador,0.4,365,hipotese_de_sensibilidade,146.0,58400.0
20943549,400.0,65,base,0.55,365,hipotese_de_sensibilidade,200.75000000000003,80300.0
20943549,400.0,65,otimista,0.7,365,hipotese_de_sensibilidade,255.49999999999997,102200.0
21025393,700.0,36,conservador,0.4,365,hipotese_de_sensibilidade,146.0,102200.0
21025393,700.0,36,base,0.55,365,hipotese_de_sensibilidade,200.75000000000003,140525.0
21025393,700.0,36,otimista,0.7,365,hipotese_de_sensibilidade,255.49999999999997,178850.0
21077682,670.3333,57,conservador,0.4,365,hipotese_de_sensibilidade,146.0,97868.66
21077682,670.3333,57,base,0.55,365,hipotese_de_sensibilidade,200.75000000000003,134569.41
21077682,670.3333,57,otimista,0.7,365,hipotese_de_sensibilidade,255.49999999999997,171270.16
21091876,700.0,91,conservador,0.4,365,hipotese_de_sensibilidade,146.0,102200.0
21091876,700.0,91,base,0.55,365,hipotese_de_sensibilidade,200.75000000000003,140525.0
21091876,700.0,91,otimista,0.7,365,hipotese_de_sensibilidade,255.49999999999997,178850.0
21103486,315.0,66,conservador,0.4,365,hipotese_de_sensibilidade,146.0,45990.0
21103486,315.0,66,base,0.55,365,hipotese_de_sensibilidade,200.75000000000003,63236.25
21103486,315.0,66,otimista,0.7,365,hipotese_de_sensibilidade,255.49999999999997,80482.5
21103807,1450.0,71,conservador,0.4,365,hipotese_de_sensibilidade,146.0,211700.0
21103807,1450.0,71,base,0.55,365,hipotese_de_sensibilidade,200.75000000000003,291087.5
21103807,1450.0,71,otimista,0.7,365,hipotese_de_sensibilidade,255.49999999999997,370475.0
21280090,850.0,64,conservador,0.4,365,hipotese_de_sensibilidade,146.0,124100.0
21280090,850.0,64,base,0.55,365,hipotese_de_sensibilidade,200.75000000000003,170637.5
21280090,850.0,64,otimista,0.7,365,hipotese_de_sensibilidade,255.49999999999997,217175.0
21295667,820.0,53,conservador,0.4,365,hipotese_de_sensibilidade,146.0,119720.0
21295667,820.0,53,base,0.55,365,hipotese_de_sensibilidade,200.75000000000003,164615.0
21295667,820.0,53,otimista,0.7,365,hipotese_de_sensibilidade,255.49999999999997,209510.0
21324331,695.0,34,conservador,0.4,365,hipotese_de_sensibilidade,146.0,101470.0
21324331,695.0,34,base,0.55,365,hipotese_de_sensibilidade,200.75000000000003,139521.25
21324331,695.0,34,otimista,0.7,365,hipotese_de_sensibilidade,255.49999999999997,177572.5
21397811,600.0,68,conservador,0.4,365,hipotese_de_sensibilidade,146.0,87600.0
21397811,600.0,68,base,0.55,365,hipotese_de_sensibilidade,200.75000000000003,120450.0
21397811,600.0,68,otimista,0.7,365,hipotese_de_sensibilidade,255.49999999999997,153300.0
21436592,490.0,67,conservador,0.4,365,hipotese_de_sensibilidade,146.0,71540.0
21436592,490.0,67,base,0.55,365,hipotese_de_sensibilidade,200.75000000000003,98367.5
21436592,490.0,67,otimista,0.7,365,hipotese_de_sensibilidade,255.49999999999997,125195.0
21454457,172.0,15,conservador,0.4,365,hipotese_de_sensibilidade,146.0,25112.0
21454457,172.0,15,base,0.55,365,hipotese_de_sensibilidade,200.75000000000003,34529.0
21454457,172.0,15,otimista,0.7,365,hipotese_de_sensibilidade,255.49999999999997,43946.0
21545686,269.0,72,conservador,0.4,365,hipotese_de_sensibilidade,146.0,39274.0
21545686,269.0,72,base,0.55,365,hipotese_de_sensibilidade,200.75000000000003,54001.75
21545686,269.0,72,otimista,0.7,365,hipotese_de_sensibilidade,255.49999999999997,68729.5
21552865,650.0,29,conservador,0.4,365,hipotese_de_sensibilidade,146.0,94900.0
21552865,650.0,29,base,0.55,365,hipotese_de_sensibilidade,200.75000000000003,130487.5
21552865,650.0,29,otimista,0.7,365,hipotese_de_sensibilidade,255.49999999999997,166075.0
21607605,650.0,47,conservador,0.4,365,hipotese_de_sensibilidade,146.0,94900.0
21607605,650.0,47,base,0.55,365,hipotese_de_sensibilidade,200.75000000000003,130487.5
21607605,650.0,47,otimista,0.7,365,hipotese_de_sensibilidade,255.49999999999997,166075.0
21632405,408.0,53,conservador,0.4,365,hipotese_de_sensibilidade,146.0,59568.0
21632405,408.0,53,base,0.55,365,hipotese_de_sensibilidade,200.75000000000003,81906.0
21632405,408.0,53,otimista,0.7,365,hipotese_de_sensibilidade,255.49999999999997,104244.0
21662762,300.0,36,conservador,0.4,365,hipotese_de_sensibilidade,146.0,43800.0
21662762,300.0,36,base,0.55,365,hipotese_de_sensibilidade,200.75000000000003,60225.0
21662762,300.0,36,otimista,0.7,365,hipotese_de_sensibilidade,255.49999999999997,76650.0
21695053,702.0,82,conservador,0.4,365,hipotese_de_sensibilidade,146.0,102492.0
21695053,702.0,82,base,0.55,365,hipotese_de_sensibilidade,200.75000000000003,140926.5
21695053,702.0,82,otimista,0.7,365,hipotese_de_sensibilidade,255.49999999999997,179361.0
21734892,800.0,68,conservador,0.4,365,hipotese_de_sensibilidade,146.0,116800.0
21734892,800.0,68,base,0.55,365,hipotese_de_sensibilidade,200.75000000000003,160600.0
21734892,800.0,68,otimista,0.7,365,hipotese_de_sensibilidade,255.49999999999997,204400.0
21743476,650.0,56,conservador,0.4,365,hipotese_de_sensibilidade,146.0,94900.0
21743476,650.0,56,base,0.55,365,hipotese_de_sensibilidade,200.75000000000003,130487.5
21743476,650.0,56,otimista,0.7,365,hipotese_de_sensibilidade,255.49999999999997,166075.0
21780661,600.0,63,conservador,0.4,365,hipotese_de_sensibilidade,146.0,87600.0
21780661,600.0,63,base,0.55,365,hipotese_de_sensibilidade,200.75000000000003,120450.0
21780661,600.0,63,otimista,0.7,365,hipotese_de_sensibilidade,255.49999999999997,153300.0
22047595,622.16665,60,conservador,0.4,365,hipotese_de_sensibilidade,146.0,90836.33
22047595,622.16665,60,base,0.55,365,hipotese_de_sensibilidade,200.75000000000003,124899.95
22047595,622.16665,60,otimista,0.7,365,hipotese_de_sensibilidade,255.49999999999997,158963.58
22190101,250.0,46,conservador,0.4,365,hipotese_de_sensibilidade,146.0,36500.0
22190101,250.0,46,base,0.55,365,hipotese_de_sensibilidade,200.75000000000003,50187.5
22190101,250.0,46,otimista,0.7,365,hipotese_de_sensibilidade,255.49999999999997,63875.0
22191680,400.0,80,conservador,0.4,365,hipotese_de_sensibilidade,146.0,58400.0
22191680,400.0,80,base,0.55,365,hipotese_de_sensibilidade,200.75000000000003,80300.0
22191680,400.0,80,otimista,0.7,365,hipotese_de_sensibilidade,255.49999999999997,102200.0
22223346,590.0,28,conservador,0.4,365,hipotese_de_sensibilidade,146.0,86140.0
22223346,590.0,28,base,0.55,365,hipotese_de_sensibilidade,200.75000000000003,118442.5
22223346,590.0,28,otimista,0.7,365,hipotese_de_sensibilidade,255.49999999999997,150745.0
22231120,341.0,80,conservador,0.4,365,hipotese_de_sensibilidade,146.0,49786.0
22231120,341.0,80,base,0.55,365,hipotese_de_sensibilidade,200.75000000000003,68455.75
22231120,341.0,80,otimista,0.7,365,hipotese_de_sensibilidade,255.49999999999997,87125.5
22243318,580.0,52,conservador,0.4,365,hipotese_de_sensibilidade,146.0,84680.0
22243318,580.0,52,base,0.55,365,hipotese_de_sensibilidade,200.75000000000003,116435.0
22243318,580.0,52,otimista,0.7,365,hipotese_de_sensibilidade,255.49999999999997,148190.0
22245880,1210.5,72,conservador,0.4,365,hipotese_de_sensibilidade,146.0,176733.0
22245880,1210.5,72,base,0.55,365,hipotese_de_sensibilidade,200.75000000000003,243007.88
22245880,1210.5,72,otimista,0.7,365,hipotese_de_sensibilidade,255.49999999999997,309282.75
22306996,155.0,30,conservador,0.4,365,hipotese_de_sensibilidade,146.0,22630.0
22306996,155.0,30,base,0.55,365,hipotese_de_sensibilidade,200.75000000000003,31116.25
22306996,155.0,30,otimista,0.7,365,hipotese_de_sensibilidade,255.49999999999997,39602.5
22307401,400.0,27,conservador,0.4,365,hipotese_de_sensibilidade,146.0,58400.0
22307401,400.0,27,base,0.55,365,hipotese_de_sensibilidade,200.75000000000003,80300.0
22307401,400.0,27,otimista,0.7,365,hipotese_de_sensibilidade,255.49999999999997,102200.0
22335276,800.0,67,conservador,0.4,365,hipotese_de_sensibilidade,146.0,116800.0
22335276,800.0,67,base,0.55,365,hipotese_de_sensibilidade,200.75000000000003,160600.0
22335276,800.0,67,otimista,0.7,365,hipotese_de_sensibilidade,255.49999999999997,204400.0
22383070,250.0,40,conservador,0.4,365,hipotese_de_sensibilidade,146.0,36500.0
22383070,250.0,40,base,0.55,365,hipotese_de_sensibilidade,200.75000000000003,50187.5
22383070,250.0,40,otimista,0.7,365,hipotese_de_sensibilidade,255.49999999999997,63875.0
22421421,347.0,56,conservador,0.4,365,hipotese_de_sensibilidade,146.0,50662.0
22421421,347.0,56,base,0.55,365,hipotese_de_sensibilidade,200.75000000000003,69660.25
22421421,347.0,56,otimista,0.7,365,hipotese_de_sensibilidade,255.49999999999997,88658.5
22421606,361.0,46,conservador,0.4,365,hipotese_de_sensibilidade,146.0,52706.0
22421606,361.0,46,base,0.55,365,hipotese_de_sensibilidade,200.75000000000003,72470.75
22421606,361.0,46,otimista,0.7,365,hipotese_de_sensibilidade,255.49999999999997,92235.5
22428497,299.0,40,conservador,0.4,365,hipotese_de_sensibilidade,146.0,43654.0
22428497,299.0,40,base,0.55,365,hipotese_de_sensibilidade,200.75000000000003,60024.25
22428497,299.0,40,otimista,0.7,365,hipotese_de_sensibilidade,255.49999999999997,76394.5
22514231,300.0,36,conservador,0.4,365,hipotese_de_sensibilidade,146.0,43800.0
22514231,300.0,36,base,0.55,365,hipotese_de_sensibilidade,200.75000000000003,60225.0
22514231,300.0,36,otimista,0.7,365,hipotese_de_sensibilidade,255.49999999999997,76650.0
22648075,348.0,65,conservador,0.4,365,hipotese_de_sensibilidade,146.0,50808.0
22648075,348.0,65,base,0.55,365,hipotese_de_sensibilidade,200.75000000000003,69861.0
22648075,348.0,65,otimista,0.7,365,hipotese_de_sensibilidade,255.49999999999997,88914.0
22739656,1100.0,74,conservador,0.4,365,hipotese_de_sensibilidade,146.0,160600.0
22739656,1100.0,74,base,0.55,365,hipotese_de_sensibilidade,200.75000000000003,220825.0
22739656,1100.0,74,otimista,0.7,365,hipotese_de_sensibilidade,255.49999999999997,281050.0
22810332,480.0,65,conservador,0.4,365,hipotese_de_sensibilidade,146.0,70080.0
22810332,480.0,65,base,0.55,365,hipotese_de_sensibilidade,200.75000000000003,96360.0
22810332,480.0,65,otimista,0.7,365,hipotese_de_sensibilidade,255.49999999999997,122640.0
22901902,700.0,92,conservador,0.4,365,hipotese_de_sensibilidade,146.0,102200.0
22901902,700.0,92,base,0.55,365,hipotese_de_sensibilidade,200.75000000000003,140525.0
22901902,700.0,92,otimista,0.7,365,hipotese_de_sensibilidade,255.49999999999997,178850.0
23023313,550.0,68,conservador,0.4,365,hipotese_de_sensibilidade,146.0,80300.0
23023313,550.0,68,base,0.55,365,hipotese_de_sensibilidade,200.75000000000003,110412.5
23023313,550.0,68,otimista,0.7,365,hipotese_de_sensibilidade,255.49999999999997,140525.0
23068512,700.0,19,conservador,0.4,365,hipotese_de_sensibilidade,146.0,102200.0
23068512,700.0,19,base,0.55,365,hipotese_de_sensibilidade,200.75000000000003,140525.0
23068512,700.0,19,otimista,0.7,365,hipotese_de_sensibilidade,255.49999999999997,178850.0
23078040,800.0,54,conservador,0.4,365,hipotese_de_sensibilidade,146.0,116800.0
23078040,800.0,54,base,0.55,365,hipotese_de_sensibilidade,200.75000000000003,160600.0
23078040,800.0,54,otimista,0.7,365,hipotese_de_sensibilidade,255.49999999999997,204400.0
23108026,590.0,74,conservador,0.4,365,hipotese_de_sensibilidade,146.0,86140.0
23108026,590.0,74,base,0.55,365,hipotese_de_sensibilidade,200.75000000000003,118442.5
23108026,590.0,74,otimista,0.7,365,hipotese_de_sensibilidade,255.49999999999997,150745.0
23299596,553.0,36,conservador,0.4,365,hipotese_de_sensibilidade,146.0,80738.0
23299596,553.0,36,base,0.55,365,hipotese_de_sensibilidade,200.75000000000003,111014.75
23299596,553.0,36,otimista,0.7,365,hipotese_de_sensibilidade,255.49999999999997,141291.5
23343001,600.0,71,conservador,0.4,365,hipotese_de_sensibilidade,146.0,87600.0
23343001,600.0,71,base,0.55,365,hipotese_de_sensibilidade,200.75000000000003,120450.0
23343001,600.0,71,otimista,0.7,365,hipotese_de_sensibilidade,255.49999999999997,153300.0
23390752,1350.0,78,conservador,0.4,365,hipotese_de_sensibilidade,146.0,197100.0
23390752,1350.0,78,base,0.55,365,hipotese_de_sensibilidade,200.75000000000003,271012.5
23390752,1350.0,78,otimista,0.7,365,hipotese_de_sensibilidade,255.49999999999997,344925.0
23779860,300.0,32,conservador,0.4,365,hipotese_de_sensibilidade,146.0,43800.0
23779860,300.0,32,base,0.55,365,hipotese_de_sensibilidade,200.75000000000003,60225.0
23779860,300.0,32,otimista,0.7,365,hipotese_de_sensibilidade,255.49999999999997,76650.0
23787711,400.0,89,conservador,0.4,365,hipotese_de_sensibilidade,146.0,58400.0
23787711,400.0,89,base,0.55,365,hipotese_de_sensibilidade,200.75000000000003,80300.0
23787711,400.0,89,otimista,0.7,365,hipotese_de_sensibilidade,255.49999999999997,102200.0
24171739,400.0,31,conservador,0.4,365,hipotese_de_sensibilidade,146.0,58400.0
24171739,400.0,31,base,0.55,365,hipotese_de_sensibilidade,200.75000000000003,80300.0
24171739,400.0,31,otimista,0.7,365,hipotese_de_sensibilidade,255.49999999999997,102200.0
25104649,890.0,56,conservador,0.4,365,hipotese_de_sensibilidade,146.0,129940.0
25104649,890.0,56,base,0.55,365,hipotese_de_sensibilidade,200.75000000000003,178667.5
25104649,890.0,56,otimista,0.7,365,hipotese_de_sensibilidade,255.49999999999997,227395.0
25165914,700.0,87,conservador,0.4,365,hipotese_de_sensibilidade,146.0,102200.0
25165914,700.0,87,base,0.55,365,hipotese_de_sensibilidade,200.75000000000003,140525.0
25165914,700.0,87,otimista,0.7,365,hipotese_de_sensibilidade,255.49999999999997,178850.0
25918412,390.0,64,conservador,0.4,365,hipotese_de_sensibilidade,146.0,56940.0
25918412,390.0,64,base,0.55,365,hipotese_de_sensibilidade,200.75000000000003,78292.5
25918412,390.0,64,otimista,0.7,365,hipotese_de_sensibilidade,255.49999999999997,99645.0
26026295,390.0,27,conservador,0.4,365,hipotese_de_sensibilidade,146.0,56940.0
26026295,390.0,27,base,0.55,365,hipotese_de_sensibilidade,200.75000000000003,78292.5
26026295,390.0,27,otimista,0.7,365,hipotese_de_sensibilidade,255.49999999999997,99645.0
26197944,450.0,75,conservador,0.4,365,hipotese_de_sensibilidade,146.0,65700.0
26197944,450.0,75,base,0.55,365,hipotese_de_sensibilidade,200.75000000000003,90337.5
26197944,450.0,75,otimista,0.7,365,hipotese_de_sensibilidade,255.49999999999997,114975.0
26334990,1200.0,67,conservador,0.4,365,hipotese_de_sensibilidade,146.0,175200.0
26334990,1200.0,67,base,0.55,365,hipotese_de_sensibilidade,200.75000000000003,240900.0
26334990,1200.0,67,otimista,0.7,365,hipotese_de_sensibilidade,255.49999999999997,306600.0
26570136,700.0,82,conservador,0.4,365,hipotese_de_sensibilidade,146.0,102200.0
26570136,700.0,82,base,0.55,365,hipotese_de_sensibilidade,200.75000000000003,140525.0
26570136,700.0,82,otimista,0.7,365,hipotese_de_sensibilidade,255.49999999999997,178850.0
26708551,434.5,72,conservador,0.4,365,hipotese_de_sensibilidade,146.0,63437.0
26708551,434.5,72,base,0.55,365,hipotese_de_sensibilidade,200.75000000000003,87225.88
26708551,434.5,72,otimista,0.7,365,hipotese_de_sensibilidade,255.49999999999997,111014.75
26839303,800.0,52,conservador,0.4,365,hipotese_de_sensibilidade,146.0,116800.0
26839303,800.0,52,base,0.55,365,hipotese_de_sensibilidade,200.75000000000003,160600.0
26839303,800.0,52,otimista,0.7,365,hipotese_de_sensibilidade,255.49999999999997,204400.0
26895628,850.0,40,conservador,0.4,365,hipotese_de_sensibilidade,146.0,124100.0
26895628,850.0,40,base,0.55,365,hipotese_de_sensibilidade,200.75000000000003,170637.5
26895628,850.0,40,otimista,0.7,365,hipotese_de_sensibilidade,255.49999999999997,217175.0
26898492,350.0,38,conservador,0.4,365,hipotese_de_sensibilidade,146.0,51100.0
26898492,350.0,38,base,0.55,365,hipotese_de_sensibilidade,200.75000000000003,70262.5
26898492,350.0,38,otimista,0.7,365,hipotese_de_sensibilidade,255.49999999999997,89425.0
27022969,1450.0,60,conservador,0.4,365,hipotese_de_sensibilidade,146.0,211700.0
27022969,1450.0,60,base,0.55,365,hipotese_de_sensibilidade,200.75000000000003,291087.5
27022969,1450.0,60,otimista,0.7,365,hipotese_de_sensibilidade,255.49999999999997,370475.0
27201205,600.0,37,conservador,0.4,365,hipotese_de_sensibilidade,146.0,87600.0
27201205,600.0,37,base,0.55,365,hipotese_de_sensibilidade,200.75000000000003,120450.0
27201205,600.0,37,otimista,0.7,365,hipotese_de_sensibilidade,255.49999999999997,153300.0
27338096,1350.0,89,conservador,0.4,365,hipotese_de_sensibilidade,146.0,197100.0
27338096,1350.0,89,base,0.55,365,hipotese_de_sensibilidade,200.75000000000003,271012.5
27338096,1350.0,89,otimista,0.7,365,hipotese_de_sensibilidade,255.49999999999997,344925.0
27704027,725.0,84,conservador,0.4,365,hipotese_de_sensibilidade,146.0,105850.0
27704027,725.0,84,base,0.55,365,hipotese_de_sensibilidade,200.75000000000003,145543.75
27704027,725.0,84,otimista,0.7,365,hipotese_de_sensibilidade,255.49999999999997,185237.5
27718978,500.0,24,conservador,0.4,365,hipotese_de_sensibilidade,146.0,73000.0
27718978,500.0,24,base,0.55,365,hipotese_de_sensibilidade,200.75000000000003,100375.0
27718978,500.0,24,otimista,0.7,365,hipotese_de_sensibilidade,255.49999999999997,127750.0
27910707,1680.0,81,conservador,0.4,365,hipotese_de_sensibilidade,146.0,245280.0
27910707,1680.0,81,base,0.55,365,hipotese_de_sensibilidade,200.75000000000003,337260.0
27910707,1680.0,81,otimista,0.7,365,hipotese_de_sensibilidade,255.49999999999997,429240.0
27981528,500.0,61,conservador,0.4,365,hipotese_de_sensibilidade,146.0,73000.0
27981528,500.0,61,base,0.55,365,hipotese_de_sensibilidade,200.75000000000003,100375.0
27981528,500.0,61,otimista,0.7,365,hipotese_de_sensibilidade,255.49999999999997,127750.0
28071688,550.0,41,conservador,0.4,365,hipotese_de_sensibilidade,146.0,80300.0
28071688,550.0,41,base,0.55,365,hipotese_de_sensibilidade,200.75000000000003,110412.5
28071688,550.0,41,otimista,0.7,365,hipotese_de_sensibilidade,255.49999999999997,140525.0
28075525,400.0,36,conservador,0.4,365,hipotese_de_sensibilidade,146.0,58400.0
28075525,400.0,36,base,0.55,365,hipotese_de_sensibilidade,200.75000000000003,80300.0
28075525,400.0,36,otimista,0.7,365,hipotese_de_sensibilidade,255.49999999999997,102200.0
28155872,400.0,25,conservador,0.4,365,hipotese_de_sensibilidade,146.0,58400.0
28155872,400.0,25,base,0.55,365,hipotese_de_sensibilidade,200.75000000000003,80300.0
28155872,400.0,25,otimista,0.7,365,hipotese_de_sensibilidade,255.49999999999997,102200.0
28160414,498.0,61,conservador,0.4,365,hipotese_de_sensibilidade,146.0,72708.0
28160414,498.0,61,base,0.55,365,hipotese_de_sensibilidade,200.75000000000003,99973.5
28160414,498.0,61,otimista,0.7,365,hipotese_de_sensibilidade,255.49999999999997,127239.0
28366360,800.0,67,conservador,0.4,365,hipotese_de_sensibilidade,146.0,116800.0
28366360,800.0,67,base,0.55,365,hipotese_de_sensibilidade,200.75000000000003,160600.0
28366360,800.0,67,otimista,0.7,365,hipotese_de_sensibilidade,255.49999999999997,204400.0
28410850,499.0,76,conservador,0.4,365,hipotese_de_sensibilidade,146.0,72854.0
28410850,499.0,76,base,0.55,365,hipotese_de_sensibilidade,200.75000000000003,100174.25
28410850,499.0,76,otimista,0.7,365,hipotese_de_sensibilidade,255.49999999999997,127494.5
28429135,330.8,63,conservador,0.4,365,hipotese_de_sensibilidade,146.0,48296.8
28429135,330.8,63,base,0.55,365,hipotese_de_sensibilidade,200.75000000000003,66408.1
28429135,330.8,63,otimista,0.7,365,hipotese_de_sensibilidade,255.49999999999997,84519.4
28932247,450.0,50,conservador,0.4,365,hipotese_de_sensibilidade,146.0,65700.0
28932247,450.0,50,base,0.55,365,hipotese_de_sensibilidade,200.75000000000003,90337.5
28932247,450.0,50,otimista,0.7,365,hipotese_de_sensibilidade,255.49999999999997,114975.0
28987242,507.0,28,conservador,0.4,365,hipotese_de_sensibilidade,146.0,74022.0
28987242,507.0,28,base,0.55,365,hipotese_de_sensibilidade,200.75000000000003,101780.25
28987242,507.0,28,otimista,0.7,365,hipotese_de_sensibilidade,255.49999999999997,129538.5
29008738,494.0,56,conservador,0.4,365,hipotese_de_sensibilidade,146.0,72124.0
29008738,494.0,56,base,0.55,365,hipotese_de_sensibilidade,200.75000000000003,99170.5
29008738,494.0,56,otimista,0.7,365,hipotese_de_sensibilidade,255.49999999999997,126217.0
29114516,400.0,36,conservador,0.4,365,hipotese_de_sensibilidade,146.0,58400.0
29114516,400.0,36,base,0.55,365,hipotese_de_sensibilidade,200.75000000000003,80300.0
29114516,400.0,36,otimista,0.7,365,hipotese_de_sensibilidade,255.49999999999997,102200.0
29145061,500.0,56,conservador,0.4,365,hipotese_de_sensibilidade,146.0,73000.0
29145061,500.0,56,base,0.55,365,hipotese_de_sensibilidade,200.75000000000003,100375.0
29145061,500.0,56,otimista,0.7,365,hipotese_de_sensibilidade,255.49999999999997,127750.0
29302246,400.0,58,conservador,0.4,365,hipotese_de_sensibilidade,146.0,58400.0
29302246,400.0,58,base,0.55,365,hipotese_de_sensibilidade,200.75000000000003,80300.0
29302246,400.0,58,otimista,0.7,365,hipotese_de_sensibilidade,255.49999999999997,102200.0
29341170,349.0,46,conservador,0.4,365,hipotese_de_sensibilidade,146.0,50954.0
29341170,349.0,46,base,0.55,365,hipotese_de_sensibilidade,200.75000000000003,70061.75
29341170,349.0,46,otimista,0.7,365,hipotese_de_sensibilidade,255.49999999999997,89169.5
2951220,670.0,85,conservador,0.4,365,hipotese_de_sensibilidade,146.0,97820.0
2951220,670.0,85,base,0.55,365,hipotese_de_sensibilidade,200.75000000000003,134502.5
2951220,670.0,85,otimista,0.7,365,hipotese_de_sensibilidade,255.49999999999997,171185.0
29739100,750.0,89,conservador,0.4,365,hipotese_de_sensibilidade,146.0,109500.0
29739100,750.0,89,base,0.55,365,hipotese_de_sensibilidade,200.75000000000003,150562.5
29739100,750.0,89,otimista,0.7,365,hipotese_de_sensibilidade,255.49999999999997,191625.0
29800671,546.0,75,conservador,0.4,365,hipotese_de_sensibilidade,146.0,79716.0
29800671,546.0,75,base,0.55,365,hipotese_de_sensibilidade,200.75000000000003,109609.5
29800671,546.0,75,otimista,0.7,365,hipotese_de_sensibilidade,255.49999999999997,139503.0
29870406,980.0,86,conservador,0.4,365,hipotese_de_sensibilidade,146.0,143080.0
29870406,980.0,86,base,0.55,365,hipotese_de_sensibilidade,200.75000000000003,196735.0
29870406,980.0,86,otimista,0.7,365,hipotese_de_sensibilidade,255.49999999999997,250390.0
30032994,360.0,57,conservador,0.4,365,hipotese_de_sensibilidade,146.0,52560.0
30032994,360.0,57,base,0.55,365,hipotese_de_sensibilidade,200.75000000000003,72270.0
30032994,360.0,57,otimista,0.7,365,hipotese_de_sensibilidade,255.49999999999997,91980.0
30085847,590.0,85,conservador,0.4,365,hipotese_de_sensibilidade,146.0,86140.0
30085847,590.0,85,base,0.55,365,hipotese_de_sensibilidade,200.75000000000003,118442.5
30085847,590.0,85,otimista,0.7,365,hipotese_de_sensibilidade,255.49999999999997,150745.0
30105402,900.0,91,conservador,0.4,365,hipotese_de_sensibilidade,146.0,131400.0
30105402,900.0,91,base,0.55,365,hipotese_de_sensibilidade,200.75000000000003,180675.0
30105402,900.0,91,otimista,0.7,365,hipotese_de_sensibilidade,255.49999999999997,229950.0
30153564,399.0,55,conservador,0.4,365,hipotese_de_sensibilidade,146.0,58254.0
30153564,399.0,55,base,0.55,365,hipotese_de_sensibilidade,200.75000000000003,80099.25
30153564,399.0,55,otimista,0.7,365,hipotese_de_sensibilidade,255.49999999999997,101944.5
30209117,450.0,42,conservador,0.4,365,hipotese_de_sensibilidade,146.0,65700.0
30209117,450.0,42,base,0.55,365,hipotese_de_sensibilidade,200.75000000000003,90337.5
30209117,450.0,42,otimista,0.7,365,hipotese_de_sensibilidade,255.49999999999997,114975.0
30271062,583.0,76,conservador,0.4,365,hipotese_de_sensibilidade,146.0,85118.0
30271062,583.0,76,base,0.55,365,hipotese_de_sensibilidade,200.75000000000003,117037.25
30271062,583.0,76,otimista,0.7,365,hipotese_de_sensibilidade,255.49999999999997,148956.5
30332330,347.0,56,conservador,0.4,365,hipotese_de_sensibilidade,146.0,50662.0
30332330,347.0,56,base,0.55,365,hipotese_de_sensibilidade,200.75000000000003,69660.25
30332330,347.0,56,otimista,0.7,365,hipotese_de_sensibilidade,255.49999999999997,88658.5
30354217,320.0,27,conservador,0.4,365,hipotese_de_sensibilidade,146.0,46720.0
30354217,320.0,27,base,0.55,365,hipotese_de_sensibilidade,200.75000000000003,64240.0
30354217,320.0,27,otimista,0.7,365,hipotese_de_sensibilidade,255.49999999999997,81760.0
30402651,550.0,63,conservador,0.4,365,hipotese_de_sensibilidade,146.0,80300.0
30402651,550.0,63,base,0.55,365,hipotese_de_sensibilidade,200.75000000000003,110412.5
30402651,550.0,63,otimista,0.7,365,hipotese_de_sensibilidade,255.49999999999997,140525.0
30491733,799.4,63,conservador,0.4,365,hipotese_de_sensibilidade,146.0,116712.4
30491733,799.4,63,base,0.55,365,hipotese_de_sensibilidade,200.75000000000003,160479.55
30491733,799.4,63,otimista,0.7,365,hipotese_de_sensibilidade,255.49999999999997,204246.7
30493854,450.0,41,conservador,0.4,365,hipotese_de_sensibilidade,146.0,65700.0
30493854,450.0,41,base,0.55,365,hipotese_de_sensibilidade,200.75000000000003,90337.5
30493854,450.0,41,otimista,0.7,365,hipotese_de_sensibilidade,255.49999999999997,114975.0
30494198,480.0,87,conservador,0.4,365,hipotese_de_sensibilidade,146.0,70080.0
30494198,480.0,87,base,0.55,365,hipotese_de_sensibilidade,200.75000000000003,96360.0
30494198,480.0,87,otimista,0.7,365,hipotese_de_sensibilidade,255.49999999999997,122640.0
30519162,3900.0,90,conservador,0.4,365,hipotese_de_sensibilidade,146.0,569400.0
30519162,3900.0,90,base,0.55,365,hipotese_de_sensibilidade,200.75000000000003,782925.0
30519162,3900.0,90,otimista,0.7,365,hipotese_de_sensibilidade,255.49999999999997,996450.0
30560948,700.0,85,conservador,0.4,365,hipotese_de_sensibilidade,146.0,102200.0
30560948,700.0,85,base,0.55,365,hipotese_de_sensibilidade,200.75000000000003,140525.0
30560948,700.0,85,otimista,0.7,365,hipotese_de_sensibilidade,255.49999999999997,178850.0
30617740,500.0,71,conservador,0.4,365,hipotese_de_sensibilidade,146.0,73000.0
30617740,500.0,71,base,0.55,365,hipotese_de_sensibilidade,200.75000000000003,100375.0
30617740,500.0,71,otimista,0.7,365,hipotese_de_sensibilidade,255.49999999999997,127750.0
30756202,550.0,76,conservador,0.4,365,hipotese_de_sensibilidade,146.0,80300.0
30756202,550.0,76,base,0.55,365,hipotese_de_sensibilidade,200.75000000000003,110412.5
30756202,550.0,76,otimista,0.7,365,hipotese_de_sensibilidade,255.49999999999997,140525.0
30785010,430.0,58,conservador,0.4,365,hipotese_de_sensibilidade,146.0,62780.0
30785010,430.0,58,base,0.55,365,hipotese_de_sensibilidade,200.75000000000003,86322.5
30785010,430.0,58,otimista,0.7,365,hipotese_de_sensibilidade,255.49999999999997,109865.0
30795921,1500.0,22,conservador,0.4,365,hipotese_de_sensibilidade,146.0,219000.0
30795921,1500.0,22,base,0.55,365,hipotese_de_sensibilidade,200.75000000000003,301125.0
30795921,1500.0,22,otimista,0.7,365,hipotese_de_sensibilidade,255.49999999999997,383250.0
30910938,450.0,56,conservador,0.4,365,hipotese_de_sensibilidade,146.0,65700.0
30910938,450.0,56,base,0.55,365,hipotese_de_sensibilidade,200.75000000000003,90337.5
30910938,450.0,56,otimista,0.7,365,hipotese_de_sensibilidade,255.49999999999997,114975.0
30922946,150.0,71,conservador,0.4,365,hipotese_de_sensibilidade,146.0,21900.0
30922946,150.0,71,base,0.55,365,hipotese_de_sensibilidade,200.75000000000003,30112.5
30922946,150.0,71,otimista,0.7,365,hipotese_de_sensibilidade,255.49999999999997,38325.0
31055581,415.0,69,conservador,0.4,365,hipotese_de_sensibilidade,146.0,60590.0
31055581,415.0,69,base,0.55,365,hipotese_de_sensibilidade,200.75000000000003,83311.25
31055581,415.0,69,otimista,0.7,365,hipotese_de_sensibilidade,255.49999999999997,106032.5
31059537,811.5,78,conservador,0.4,365,hipotese_de_sensibilidade,146.0,118479.0
31059537,811.5,78,base,0.55,365,hipotese_de_sensibilidade,200.75000000000003,162908.63
31059537,811.5,78,otimista,0.7,365,hipotese_de_sensibilidade,255.49999999999997,207338.25
31069380,749.0,21,conservador,0.4,365,hipotese_de_sensibilidade,146.0,109354.0
31069380,749.0,21,base,0.55,365,hipotese_de_sensibilidade,200.75000000000003,150361.75
31069380,749.0,21,otimista,0.7,365,hipotese_de_sensibilidade,255.49999999999997,191369.5
31084342,800.0,53,conservador,0.4,365,hipotese_de_sensibilidade,146.0,116800.0
31084342,800.0,53,base,0.55,365,hipotese_de_sensibilidade,200.75000000000003,160600.0
31084342,800.0,53,otimista,0.7,365,hipotese_de_sensibilidade,255.49999999999997,204400.0
31115702,300.0,46,conservador,0.4,365,hipotese_de_sensibilidade,146.0,43800.0
31115702,300.0,46,base,0.55,365,hipotese_de_sensibilidade,200.75000000000003,60225.0
31115702,300.0,46,otimista,0.7,365,hipotese_de_sensibilidade,255.49999999999997,76650.0
31141252,300.0,38,conservador,0.4,365,hipotese_de_sensibilidade,146.0,43800.0
31141252,300.0,38,base,0.55,365,hipotese_de_sensibilidade,200.75000000000003,60225.0
31141252,300.0,38,otimista,0.7,365,hipotese_de_sensibilidade,255.49999999999997,76650.0
31167122,10000.0,85,conservador,0.4,365,hipotese_de_sensibilidade,146.0,1460000.0
31167122,10000.0,85,base,0.55,365,hipotese_de_sensibilidade,200.75000000000003,2007500.0
31167122,10000.0,85,otimista,0.7,365,hipotese_de_sensibilidade,255.49999999999997,2555000.0
31169655,375.0,65,conservador,0.4,365,hipotese_de_sensibilidade,146.0,54750.0
31169655,375.0,65,base,0.55,365,hipotese_de_sensibilidade,200.75000000000003,75281.25
31169655,375.0,65,otimista,0.7,365,hipotese_de_sensibilidade,255.49999999999997,95812.5
31278015,430.0,56,conservador,0.4,365,hipotese_de_sensibilidade,146.0,62780.0
31278015,430.0,56,base,0.55,365,hipotese_de_sensibilidade,200.75000000000003,86322.5
31278015,430.0,56,otimista,0.7,365,hipotese_de_sensibilidade,255.49999999999997,109865.0
31284638,845.0,40,conservador,0.4,365,hipotese_de_sensibilidade,146.0,123370.0
31284638,845.0,40,base,0.55,365,hipotese_de_sensibilidade,200.75000000000003,169633.75
31284638,845.0,40,otimista,0.7,365,hipotese_de_sensibilidade,255.49999999999997,215897.5
31380471,800.0,78,conservador,0.4,365,hipotese_de_sensibilidade,146.0,116800.0
31380471,800.0,78,base,0.55,365,hipotese_de_sensibilidade,200.75000000000003,160600.0
31380471,800.0,78,otimista,0.7,365,hipotese_de_sensibilidade,255.49999999999997,204400.0
31397917,250.0,15,conservador,0.4,365,hipotese_de_sensibilidade,146.0,36500.0
31397917,250.0,15,base,0.55,365,hipotese_de_sensibilidade,200.75000000000003,50187.5
31397917,250.0,15,otimista,0.7,365,hipotese_de_sensibilidade,255.49999999999997,63875.0
31430342,450.0,59,conservador,0.4,365,hipotese_de_sensibilidade,146.0,65700.0
31430342,450.0,59,base,0.55,365,hipotese_de_sensibilidade,200.75000000000003,90337.5
31430342,450.0,59,otimista,0.7,365,hipotese_de_sensibilidade,255.49999999999997,114975.0
31441134,1500.0,101,conservador,0.4,365,hipotese_de_sensibilidade,146.0,219000.0
31441134,1500.0,101,base,0.55,365,hipotese_de_sensibilidade,200.75000000000003,301125.0
31441134,1500.0,101,otimista,0.7,365,hipotese_de_sensibilidade,255.49999999999997,383250.0
31454750,479.0,58,conservador,0.4,365,hipotese_de_sensibilidade,146.0,69934.0
31454750,479.0,58,base,0.55,365,hipotese_de_sensibilidade,200.75000000000003,96159.25
31454750,479.0,58,otimista,0.7,365,hipotese_de_sensibilidade,255.49999999999997,122384.5
31511990,500.0,86,conservador,0.4,365,hipotese_de_sensibilidade,146.0,73000.0
31511990,500.0,86,base,0.55,365,hipotese_de_sensibilidade,200.75000000000003,100375.0
31511990,500.0,86,otimista,0.7,365,hipotese_de_sensibilidade,255.49999999999997,127750.0
31530689,700.0,90,conservador,0.4,365,hipotese_de_sensibilidade,146.0,102200.0
31530689,700.0,90,base,0.55,365,hipotese_de_sensibilidade,200.75000000000003,140525.0
31530689,700.0,90,otimista,0.7,365,hipotese_de_sensibilidade,255.49999999999997,178850.0
31543199,687.5,44,conservador,0.4,365,hipotese_de_sensibilidade,146.0,100375.0
31543199,687.5,44,base,0.55,365,hipotese_de_sensibilidade,200.75000000000003,138015.63
31543199,687.5,44,otimista,0.7,365,hipotese_de_sensibilidade,255.49999999999997,175656.25
31560419,449.0,47,conservador,0.4,365,hipotese_de_sensibilidade,146.0,65554.0
31560419,449.0,47,base,0.55,365,hipotese_de_sensibilidade,200.75000000000003,90136.75
31560419,449.0,47,otimista,0.7,365,hipotese_de_sensibilidade,255.49999999999997,114719.5
31682871,290.0,41,conservador,0.4,365,hipotese_de_sensibilidade,146.0,42340.0
31682871,290.0,41,base,0.55,365,hipotese_de_sensibilidade,200.75000000000003,58217.5
31682871,290.0,41,otimista,0.7,365,hipotese_de_sensibilidade,255.49999999999997,74095.0
31859744,500.0,77,conservador,0.4,365,hipotese_de_sensibilidade,146.0,73000.0
31859744,500.0,77,base,0.55,365,hipotese_de_sensibilidade,200.75000000000003,100375.0
31859744,500.0,77,otimista,0.7,365,hipotese_de_sensibilidade,255.49999999999997,127750.0
31945494,630.0,70,conservador,0.4,365,hipotese_de_sensibilidade,146.0,91980.0
31945494,630.0,70,base,0.55,365,hipotese_de_sensibilidade,200.75000000000003,126472.5
31945494,630.0,70,otimista,0.7,365,hipotese_de_sensibilidade,255.49999999999997,160965.0
31972121,350.0,59,conservador,0.4,365,hipotese_de_sensibilidade,146.0,51100.0
31972121,350.0,59,base,0.55,365,hipotese_de_sensibilidade,200.75000000000003,70262.5
31972121,350.0,59,otimista,0.7,365,hipotese_de_sensibilidade,255.49999999999997,89425.0
32134287,750.0,83,conservador,0.4,365,hipotese_de_sensibilidade,146.0,109500.0
32134287,750.0,83,base,0.55,365,hipotese_de_sensibilidade,200.75000000000003,150562.5
32134287,750.0,83,otimista,0.7,365,hipotese_de_sensibilidade,255.49999999999997,191625.0
32185033,1000.0,41,conservador,0.4,365,hipotese_de_sensibilidade,146.0,146000.0
32185033,1000.0,41,base,0.55,365,hipotese_de_sensibilidade,200.75000000000003,200750.0
32185033,1000.0,41,otimista,0.7,365,hipotese_de_sensibilidade,255.49999999999997,255500.0
32234626,380.0,38,conservador,0.4,365,hipotese_de_sensibilidade,146.0,55480.0
32234626,380.0,38,base,0.55,365,hipotese_de_sensibilidade,200.75000000000003,76285.0
32234626,380.0,38,otimista,0.7,365,hipotese_de_sensibilidade,255.49999999999997,97090.0
32371924,518.0,33,conservador,0.4,365,hipotese_de_sensibilidade,146.0,75628.0
32371924,518.0,33,base,0.55,365,hipotese_de_sensibilidade,200.75000000000003,103988.5
32371924,518.0,33,otimista,0.7,365,hipotese_de_sensibilidade,255.49999999999997,132349.0
32486859,849.5,51,conservador,0.4,365,hipotese_de_sensibilidade,146.0,124027.0
32486859,849.5,51,base,0.55,365,hipotese_de_sensibilidade,200.75000000000003,170537.13
32486859,849.5,51,otimista,0.7,365,hipotese_de_sensibilidade,255.49999999999997,217047.25
32585103,600.0,57,conservador,0.4,365,hipotese_de_sensibilidade,146.0,87600.0
32585103,600.0,57,base,0.55,365,hipotese_de_sensibilidade,200.75000000000003,120450.0
32585103,600.0,57,otimista,0.7,365,hipotese_de_sensibilidade,255.49999999999997,153300.0
32592683,1000.0,56,conservador,0.4,365,hipotese_de_sensibilidade,146.0,146000.0
32592683,1000.0,56,base,0.55,365,hipotese_de_sensibilidade,200.75000000000003,200750.0
32592683,1000.0,56,otimista,0.7,365,hipotese_de_sensibilidade,255.49999999999997,255500.0
32600458,511.1111,53,conservador,0.4,365,hipotese_de_sensibilidade,146.0,74622.22
32600458,511.1111,53,base,0.55,365,hipotese_de_sensibilidade,200.75000000000003,102605.55
32600458,511.1111,53,otimista,0.7,365,hipotese_de_sensibilidade,255.49999999999997,130588.89
32606991,536.5,77,conservador,0.4,365,hipotese_de_sensibilidade,146.0,78329.0
32606991,536.5,77,base,0.55,365,hipotese_de_sensibilidade,200.75000000000003,107702.38
32606991,536.5,77,otimista,0.7,365,hipotese_de_sensibilidade,255.49999999999997,137075.75
3263701,1650.0,26,conservador,0.4,365,hipotese_de_sensibilidade,146.0,240900.0
3263701,1650.0,26,base,0.55,365,hipotese_de_sensibilidade,200.75000000000003,331237.5
3263701,1650.0,26,otimista,0.7,365,hipotese_de_sensibilidade,255.49999999999997,421575.0
32697747,350.0,34,conservador,0.4,365,hipotese_de_sensibilidade,146.0,51100.0
32697747,350.0,34,base,0.55,365,hipotese_de_sensibilidade,200.75000000000003,70262.5
32697747,350.0,34,otimista,0.7,365,hipotese_de_sensibilidade,255.49999999999997,89425.0
32766950,300.0,48,conservador,0.4,365,hipotese_de_sensibilidade,146.0,43800.0
32766950,300.0,48,base,0.55,365,hipotese_de_sensibilidade,200.75000000000003,60225.0
32766950,300.0,48,otimista,0.7,365,hipotese_de_sensibilidade,255.49999999999997,76650.0
32990586,950.0,85,conservador,0.4,365,hipotese_de_sensibilidade,146.0,138700.0
32990586,950.0,85,base,0.55,365,hipotese_de_sensibilidade,200.75000000000003,190712.5
32990586,950.0,85,otimista,0.7,365,hipotese_de_sensibilidade,255.49999999999997,242725.0
33336758,384.0,36,conservador,0.4,365,hipotese_de_sensibilidade,146.0,56064.0
33336758,384.0,36,base,0.55,365,hipotese_de_sensibilidade,200.75000000000003,77088.0
33336758,384.0,36,otimista,0.7,365,hipotese_de_sensibilidade,255.49999999999997,98112.0
34218930,570.0,58,conservador,0.4,365,hipotese_de_sensibilidade,146.0,83220.0
34218930,570.0,58,base,0.55,365,hipotese_de_sensibilidade,200.75000000000003,114427.5
34218930,570.0,58,otimista,0.7,365,hipotese_de_sensibilidade,255.49999999999997,145635.0
34540951,524.0,70,conservador,0.4,365,hipotese_de_sensibilidade,146.0,76504.0
34540951,524.0,70,base,0.55,365,hipotese_de_sensibilidade,200.75000000000003,105193.0
34540951,524.0,70,otimista,0.7,365,hipotese_de_sensibilidade,255.49999999999997,133882.0
34866449,400.0,74,conservador,0.4,365,hipotese_de_sensibilidade,146.0,58400.0
34866449,400.0,74,base,0.55,365,hipotese_de_sensibilidade,200.75000000000003,80300.0
34866449,400.0,74,otimista,0.7,365,hipotese_de_sensibilidade,255.49999999999997,102200.0
35481220,650.0,84,conservador,0.4,365,hipotese_de_sensibilidade,146.0,94900.0
35481220,650.0,84,base,0.55,365,hipotese_de_sensibilidade,200.75000000000003,130487.5
35481220,650.0,84,otimista,0.7,365,hipotese_de_sensibilidade,255.49999999999997,166075.0
35826155,590.0,20,conservador,0.4,365,hipotese_de_sensibilidade,146.0,86140.0
35826155,590.0,20,base,0.55,365,hipotese_de_sensibilidade,200.75000000000003,118442.5
35826155,590.0,20,otimista,0.7,365,hipotese_de_sensibilidade,255.49999999999997,150745.0
35912580,350.0,38,conservador,0.4,365,hipotese_de_sensibilidade,146.0,51100.0
35912580,350.0,38,base,0.55,365,hipotese_de_sensibilidade,200.75000000000003,70262.5
35912580,350.0,38,otimista,0.7,365,hipotese_de_sensibilidade,255.49999999999997,89425.0
36032020,450.0,25,conservador,0.4,365,hipotese_de_sensibilidade,146.0,65700.0
36032020,450.0,25,base,0.55,365,hipotese_de_sensibilidade,200.75000000000003,90337.5
36032020,450.0,25,otimista,0.7,365,hipotese_de_sensibilidade,255.49999999999997,114975.0
36632832,450.0,74,conservador,0.4,365,hipotese_de_sensibilidade,146.0,65700.0
36632832,450.0,74,base,0.55,365,hipotese_de_sensibilidade,200.75000000000003,90337.5
36632832,450.0,74,otimista,0.7,365,hipotese_de_sensibilidade,255.49999999999997,114975.0
36698654,1900.0,79,conservador,0.4,365,hipotese_de_sensibilidade,146.0,277400.0
36698654,1900.0,79,base,0.55,365,hipotese_de_sensibilidade,200.75000000000003,381425.0
36698654,1900.0,79,otimista,0.7,365,hipotese_de_sensibilidade,255.49999999999997,485450.0
36908385,455.0,27,conservador,0.4,365,hipotese_de_sensibilidade,146.0,66430.0
36908385,455.0,27,base,0.55,365,hipotese_de_sensibilidade,200.75000000000003,91341.25
36908385,455.0,27,otimista,0.7,365,hipotese_de_sensibilidade,255.49999999999997,116252.5
37118794,1000.0,62,conservador,0.4,365,hipotese_de_sensibilidade,146.0,146000.0
37118794,1000.0,62,base,0.55,365,hipotese_de_sensibilidade,200.75000000000003,200750.0
37118794,1000.0,62,otimista,0.7,365,hipotese_de_sensibilidade,255.49999999999997,255500.0
37153670,400.0,53,conservador,0.4,365,hipotese_de_sensibilidade,146.0,58400.0
37153670,400.0,53,base,0.55,365,hipotese_de_sensibilidade,200.75000000000003,80300.0
37153670,400.0,53,otimista,0.7,365,hipotese_de_sensibilidade,255.49999999999997,102200.0
37347085,492.0,90,conservador,0.4,365,hipotese_de_sensibilidade,146.0,71832.0
37347085,492.0,90,base,0.55,365,hipotese_de_sensibilidade,200.75000000000003,98769.0
37347085,492.0,90,otimista,0.7,365,hipotese_de_sensibilidade,255.49999999999997,125706.0
37487828,380.0,49,conservador,0.4,365,hipotese_de_sensibilidade,146.0,55480.0
37487828,380.0,49,base,0.55,365,hipotese_de_sensibilidade,200.75000000000003,76285.0
37487828,380.0,49,otimista,0.7,365,hipotese_de_sensibilidade,255.49999999999997,97090.0
37494985,850.0,84,conservador,0.4,365,hipotese_de_sensibilidade,146.0,124100.0
37494985,850.0,84,base,0.55,365,hipotese_de_sensibilidade,200.75000000000003,170637.5
37494985,850.0,84,otimista,0.7,365,hipotese_de_sensibilidade,255.49999999999997,217175.0
37708447,700.0,44,conservador,0.4,365,hipotese_de_sensibilidade,146.0,102200.0
37708447,700.0,44,base,0.55,365,hipotese_de_sensibilidade,200.75000000000003,140525.0
37708447,700.0,44,otimista,0.7,365,hipotese_de_sensibilidade,255.49999999999997,178850.0
37744392,680.0,79,conservador,0.4,365,hipotese_de_sensibilidade,146.0,99280.0
37744392,680.0,79,base,0.55,365,hipotese_de_sensibilidade,200.75000000000003,136510.0
37744392,680.0,79,otimista,0.7,365,hipotese_de_sensibilidade,255.49999999999997,173740.0
37989675,400.0,63,conservador,0.4,365,hipotese_de_sensibilidade,146.0,58400.0
37989675,400.0,63,base,0.55,365,hipotese_de_sensibilidade,200.75000000000003,80300.0
37989675,400.0,63,otimista,0.7,365,hipotese_de_sensibilidade,255.49999999999997,102200.0
38262480,1200.0,27,conservador,0.4,365,hipotese_de_sensibilidade,146.0,175200.0
38262480,1200.0,27,base,0.55,365,hipotese_de_sensibilidade,200.75000000000003,240900.0
38262480,1200.0,27,otimista,0.7,365,hipotese_de_sensibilidade,255.49999999999997,306600.0
38319706,590.0,80,conservador,0.4,365,hipotese_de_sensibilidade,146.0,86140.0
38319706,590.0,80,base,0.55,365,hipotese_de_sensibilidade,200.75000000000003,118442.5
38319706,590.0,80,otimista,0.7,365,hipotese_de_sensibilidade,255.49999999999997,150745.0
38447436,1127.0,100,conservador,0.4,365,hipotese_de_sensibilidade,146.0,164542.0
38447436,1127.0,100,base,0.55,365,hipotese_de_sensibilidade,200.75000000000003,226245.25
38447436,1127.0,100,otimista,0.7,365,hipotese_de_sensibilidade,255.49999999999997,287948.5
38514587,867.3333,92,conservador,0.4,365,hipotese_de_sensibilidade,146.0,126630.66
38514587,867.3333,92,base,0.55,365,hipotese_de_sensibilidade,200.75000000000003,174117.16
38514587,867.3333,92,otimista,0.7,365,hipotese_de_sensibilidade,255.49999999999997,221603.66
38616586,367.0,38,conservador,0.4,365,hipotese_de_sensibilidade,146.0,53582.0
38616586,367.0,38,base,0.55,365,hipotese_de_sensibilidade,200.75000000000003,73675.25
38616586,367.0,38,otimista,0.7,365,hipotese_de_sensibilidade,255.49999999999997,93768.5
38638326,627.625,80,conservador,0.4,365,hipotese_de_sensibilidade,146.0,91633.25
38638326,627.625,80,base,0.55,365,hipotese_de_sensibilidade,200.75000000000003,125995.72
38638326,627.625,80,otimista,0.7,365,hipotese_de_sensibilidade,255.49999999999997,160358.19
38693604,450.0,85,conservador,0.4,365,hipotese_de_sensibilidade,146.0,65700.0
38693604,450.0,85,base,0.55,365,hipotese_de_sensibilidade,200.75000000000003,90337.5
38693604,450.0,85,otimista,0.7,365,hipotese_de_sensibilidade,255.49999999999997,114975.0
38695314,550.0,62,conservador,0.4,365,hipotese_de_sensibilidade,146.0,80300.0
38695314,550.0,62,base,0.55,365,hipotese_de_sensibilidade,200.75000000000003,110412.5
38695314,550.0,62,otimista,0.7,365,hipotese_de_sensibilidade,255.49999999999997,140525.0
38730549,732.0,78,conservador,0.4,365,hipotese_de_sensibilidade,146.0,106872.0
38730549,732.0,78,base,0.55,365,hipotese_de_sensibilidade,200.75000000000003,146949.0
38730549,732.0,78,otimista,0.7,365,hipotese_de_sensibilidade,255.49999999999997,187026.0
38800430,350.0,34,conservador,0.4,365,hipotese_de_sensibilidade,146.0,51100.0
38800430,350.0,34,base,0.55,365,hipotese_de_sensibilidade,200.75000000000003,70262.5
38800430,350.0,34,otimista,0.7,365,hipotese_de_sensibilidade,255.49999999999997,89425.0
38852725,450.0,62,conservador,0.4,365,hipotese_de_sensibilidade,146.0,65700.0
38852725,450.0,62,base,0.55,365,hipotese_de_sensibilidade,200.75000000000003,90337.5
38852725,450.0,62,otimista,0.7,365,hipotese_de_sensibilidade,255.49999999999997,114975.0
38899673,500.0,78,conservador,0.4,365,hipotese_de_sensibilidade,146.0,73000.0
38899673,500.0,78,base,0.55,365,hipotese_de_sensibilidade,200.75000000000003,100375.0
38899673,500.0,78,otimista,0.7,365,hipotese_de_sensibilidade,255.49999999999997,127750.0
38957661,400.0,55,conservador,0.4,365,hipotese_de_sensibilidade,146.0,58400.0
38957661,400.0,55,base,0.55,365,hipotese_de_sensibilidade,200.75000000000003,80300.0
38957661,400.0,55,otimista,0.7,365,hipotese_de_sensibilidade,255.49999999999997,102200.0
38980085,800.0,90,conservador,0.4,365,hipotese_de_sensibilidade,146.0,116800.0
38980085,800.0,90,base,0.55,365,hipotese_de_sensibilidade,200.75000000000003,160600.0
38980085,800.0,90,otimista,0.7,365,hipotese_de_sensibilidade,255.49999999999997,204400.0
38998610,195.0,68,conservador,0.4,365,hipotese_de_sensibilidade,146.0,28470.0
38998610,195.0,68,base,0.55,365,hipotese_de_sensibilidade,200.75000000000003,39146.25
38998610,195.0,68,otimista,0.7,365,hipotese_de_sensibilidade,255.49999999999997,49822.5
39007372,1100.0,95,conservador,0.4,365,hipotese_de_sensibilidade,146.0,160600.0
39007372,1100.0,95,base,0.55,365,hipotese_de_sensibilidade,200.75000000000003,220825.0
39007372,1100.0,95,otimista,0.7,365,hipotese_de_sensibilidade,255.49999999999997,281050.0
39051477,1500.0,91,conservador,0.4,365,hipotese_de_sensibilidade,146.0,219000.0
39051477,1500.0,91,base,0.55,365,hipotese_de_sensibilidade,200.75000000000003,301125.0
39051477,1500.0,91,otimista,0.7,365,hipotese_de_sensibilidade,255.49999999999997,383250.0
39059902,750.0,78,conservador,0.4,365,hipotese_de_sensibilidade,146.0,109500.0
39059902,750.0,78,base,0.55,365,hipotese_de_sensibilidade,200.75000000000003,150562.5
39059902,750.0,78,otimista,0.7,365,hipotese_de_sensibilidade,255.49999999999997,191625.0
39109062,1400.0,74,conservador,0.4,365,hipotese_de_sensibilidade,146.0,204400.0
39109062,1400.0,74,base,0.55,365,hipotese_de_sensibilidade,200.75000000000003,281050.0
39109062,1400.0,74,otimista,0.7,365,hipotese_de_sensibilidade,255.49999999999997,357700.0
39145712,993.0,31,conservador,0.4,365,hipotese_de_sensibilidade,146.0,144978.0
39145712,993.0,31,base,0.55,365,hipotese_de_sensibilidade,200.75000000000003,199344.75
39145712,993.0,31,otimista,0.7,365,hipotese_de_sensibilidade,255.49999999999997,253711.5
39316910,790.0,15,conservador,0.4,365,hipotese_de_sensibilidade,146.0,115340.0
39316910,790.0,15,base,0.55,365,hipotese_de_sensibilidade,200.75000000000003,158592.5
39316910,790.0,15,otimista,0.7,365,hipotese_de_sensibilidade,255.49999999999997,201845.0
39363955,370.0,57,conservador,0.4,365,hipotese_de_sensibilidade,146.0,54020.0
39363955,370.0,57,base,0.55,365,hipotese_de_sensibilidade,200.75000000000003,74277.5
39363955,370.0,57,otimista,0.7,365,hipotese_de_sensibilidade,255.49999999999997,94535.0
39394196,350.0,23,conservador,0.4,365,hipotese_de_sensibilidade,146.0,51100.0
39394196,350.0,23,base,0.55,365,hipotese_de_sensibilidade,200.75000000000003,70262.5
39394196,350.0,23,otimista,0.7,365,hipotese_de_sensibilidade,255.49999999999997,89425.0
39394644,738.8333,90,conservador,0.4,365,hipotese_de_sensibilidade,146.0,107869.66
39394644,738.8333,90,base,0.55,365,hipotese_de_sensibilidade,200.75000000000003,148320.78
39394644,738.8333,90,otimista,0.7,365,hipotese_de_sensibilidade,255.49999999999997,188771.91
39414948,490.0,61,conservador,0.4,365,hipotese_de_sensibilidade,146.0,71540.0
39414948,490.0,61,base,0.55,365,hipotese_de_sensibilidade,200.75000000000003,98367.5
39414948,490.0,61,otimista,0.7,365,hipotese_de_sensibilidade,255.49999999999997,125195.0
39420557,800.0,33,conservador,0.4,365,hipotese_de_sensibilidade,146.0,116800.0
39420557,800.0,33,base,0.55,365,hipotese_de_sensibilidade,200.75000000000003,160600.0
39420557,800.0,33,otimista,0.7,365,hipotese_de_sensibilidade,255.49999999999997,204400.0
39507664,599.0,39,conservador,0.4,365,hipotese_de_sensibilidade,146.0,87454.0
39507664,599.0,39,base,0.55,365,hipotese_de_sensibilidade,200.75000000000003,120249.25
39507664,599.0,39,otimista,0.7,365,hipotese_de_sensibilidade,255.49999999999997,153044.5
39583346,525.0,50,conservador,0.4,365,hipotese_de_sensibilidade,146.0,76650.0
39583346,525.0,50,base,0.55,365,hipotese_de_sensibilidade,200.75000000000003,105393.75
39583346,525.0,50,otimista,0.7,365,hipotese_de_sensibilidade,255.49999999999997,134137.5
39629644,350.0,27,conservador,0.4,365,hipotese_de_sensibilidade,146.0,51100.0
39629644,350.0,27,base,0.55,365,hipotese_de_sensibilidade,200.75000000000003,70262.5
39629644,350.0,27,otimista,0.7,365,hipotese_de_sensibilidade,255.49999999999997,89425.0
39635217,382.5,23,conservador,0.4,365,hipotese_de_sensibilidade,146.0,55845.0
39635217,382.5,23,base,0.55,365,hipotese_de_sensibilidade,200.75000000000003,76786.88
39635217,382.5,23,otimista,0.7,365,hipotese_de_sensibilidade,255.49999999999997,97728.75
39642773,400.0,46,conservador,0.4,365,hipotese_de_sensibilidade,146.0,58400.0
39642773,400.0,46,base,0.55,365,hipotese_de_sensibilidade,200.75000000000003,80300.0
39642773,400.0,46,otimista,0.7,365,hipotese_de_sensibilidade,255.49999999999997,102200.0
39685785,464.16666,73,conservador,0.4,365,hipotese_de_sensibilidade,146.0,67768.33
39685785,464.16666,73,base,0.55,365,hipotese_de_sensibilidade,200.75000000000003,93181.46
39685785,464.16666,73,otimista,0.7,365,hipotese_de_sensibilidade,255.49999999999997,118594.58
39715668,230.0,65,conservador,0.4,365,hipotese_de_sensibilidade,146.0,33580.0
39715668,230.0,65,base,0.55,365,hipotese_de_sensibilidade,200.75000000000003,46172.5
39715668,230.0,65,otimista,0.7,365,hipotese_de_sensibilidade,255.49999999999997,58765.0
39745810,2250.0,89,conservador,0.4,365,hipotese_de_sensibilidade,146.0,328500.0
39745810,2250.0,89,base,0.55,365,hipotese_de_sensibilidade,200.75000000000003,451687.5
39745810,2250.0,89,otimista,0.7,365,hipotese_de_sensibilidade,255.49999999999997,574875.0
3977675,198.0,55,conservador,0.4,365,hipotese_de_sensibilidade,146.0,28908.0
3977675,198.0,55,base,0.55,365,hipotese_de_sensibilidade,200.75000000000003,39748.5
3977675,198.0,55,otimista,0.7,365,hipotese_de_sensibilidade,255.49999999999997,50589.0
39820601,345.0,33,conservador,0.4,365,hipotese_de_sensibilidade,146.0,50370.0
39820601,345.0,33,base,0.55,365,hipotese_de_sensibilidade,200.75000000000003,69258.75
39820601,345.0,33,otimista,0.7,365,hipotese_de_sensibilidade,255.49999999999997,88147.5
39837626,430.0,23,conservador,0.4,365,hipotese_de_sensibilidade,146.0,62780.0
39837626,430.0,23,base,0.55,365,hipotese_de_sensibilidade,200.75000000000003,86322.5
39837626,430.0,23,otimista,0.7,365,hipotese_de_sensibilidade,255.49999999999997,109865.0
39972515,323.0,59,conservador,0.4,365,hipotese_de_sensibilidade,146.0,47158.0
39972515,323.0,59,base,0.55,365,hipotese_de_sensibilidade,200.75000000000003,64842.25
39972515,323.0,59,otimista,0.7,365,hipotese_de_sensibilidade,255.49999999999997,82526.5
40023421,500.0,99,conservador,0.4,365,hipotese_de_sensibilidade,146.0,73000.0
40023421,500.0,99,base,0.55,365,hipotese_de_sensibilidade,200.75000000000003,100375.0
40023421,500.0,99,otimista,0.7,365,hipotese_de_sensibilidade,255.49999999999997,127750.0
40039627,319.0,83,conservador,0.4,365,hipotese_de_sensibilidade,146.0,46574.0
40039627,319.0,83,base,0.55,365,hipotese_de_sensibilidade,200.75000000000003,64039.25
40039627,319.0,83,otimista,0.7,365,hipotese_de_sensibilidade,255.49999999999997,81504.5
40191152,2500.0,76,conservador,0.4,365,hipotese_de_sensibilidade,146.0,365000.0
40191152,2500.0,76,base,0.55,365,hipotese_de_sensibilidade,200.75000000000003,501875.0
40191152,2500.0,76,otimista,0.7,365,hipotese_de_sensibilidade,255.49999999999997,638750.0
40209404,311.0,73,conservador,0.4,365,hipotese_de_sensibilidade,146.0,45406.0
40209404,311.0,73,base,0.55,365,hipotese_de_sensibilidade,200.75000000000003,62433.25
40209404,311.0,73,otimista,0.7,365,hipotese_de_sensibilidade,255.49999999999997,79460.5
40236441,193.0,47,conservador,0.4,365,hipotese_de_sensibilidade,146.0,28178.0
40236441,193.0,47,base,0.55,365,hipotese_de_sensibilidade,200.75000000000003,38744.75
40236441,193.0,47,otimista,0.7,365,hipotese_de_sensibilidade,255.49999999999997,49311.5
40246675,315.0,44,conservador,0.4,365,hipotese_de_sensibilidade,146.0,45990.0
40246675,315.0,44,base,0.55,365,hipotese_de_sensibilidade,200.75000000000003,63236.25
40246675,315.0,44,otimista,0.7,365,hipotese_de_sensibilidade,255.49999999999997,80482.5
40250642,840.0,73,conservador,0.4,365,hipotese_de_sensibilidade,146.0,122640.0
40250642,840.0,73,base,0.55,365,hipotese_de_sensibilidade,200.75000000000003,168630.0
40250642,840.0,73,otimista,0.7,365,hipotese_de_sensibilidade,255.49999999999997,214620.0
40289385,2500.0,62,conservador,0.4,365,hipotese_de_sensibilidade,146.0,365000.0
40289385,2500.0,62,base,0.55,365,hipotese_de_sensibilidade,200.75000000000003,501875.0
40289385,2500.0,62,otimista,0.7,365,hipotese_de_sensibilidade,255.49999999999997,638750.0
40320100,760.8333,75,conservador,0.4,365,hipotese_de_sensibilidade,146.0,111081.66
40320100,760.8333,75,base,0.55,365,hipotese_de_sensibilidade,200.75000000000003,152737.28
40320100,760.8333,75,otimista,0.7,365,hipotese_de_sensibilidade,255.49999999999997,194392.91
40342798,700.0,81,conservador,0.4,365,hipotese_de_sensibilidade,146.0,102200.0
40342798,700.0,81,base,0.55,365,hipotese_de_sensibilidade,200.75000000000003,140525.0
40342798,700.0,81,otimista,0.7,365,hipotese_de_sensibilidade,255.49999999999997,178850.0
40351988,333.0,52,conservador,0.4,365,hipotese_de_sensibilidade,146.0,48618.0
40351988,333.0,52,base,0.55,365,hipotese_de_sensibilidade,200.75000000000003,66849.75
40351988,333.0,52,otimista,0.7,365,hipotese_de_sensibilidade,255.49999999999997,85081.5
40371384,588.16665,90,conservador,0.4,365,hipotese_de_sensibilidade,146.0,85872.33
40371384,588.16665,90,base,0.55,365,hipotese_de_sensibilidade,200.75000000000003,118074.45
40371384,588.16665,90,otimista,0.7,365,hipotese_de_sensibilidade,255.49999999999997,150276.58
40400432,500.0,64,conservador,0.4,365,hipotese_de_sensibilidade,146.0,73000.0
40400432,500.0,64,base,0.55,365,hipotese_de_sensibilidade,200.75000000000003,100375.0
40400432,500.0,64,otimista,0.7,365,hipotese_de_sensibilidade,255.49999999999997,127750.0
40449599,537.0,72,conservador,0.4,365,hipotese_de_sensibilidade,146.0,78402.0
40449599,537.0,72,base,0.55,365,hipotese_de_sensibilidade,200.75000000000003,107802.75
40449599,537.0,72,otimista,0.7,365,hipotese_de_sensibilidade,255.49999999999997,137203.5
40532740,330.0,40,conservador,0.4,365,hipotese_de_sensibilidade,146.0,48180.0
40532740,330.0,40,base,0.55,365,hipotese_de_sensibilidade,200.75000000000003,66247.5
40532740,330.0,40,otimista,0.7,365,hipotese_de_sensibilidade,255.49999999999997,84315.0
40560834,708.83335,90,conservador,0.4,365,hipotese_de_sensibilidade,146.0,103489.67
40560834,708.83335,90,base,0.55,365,hipotese_de_sensibilidade,200.75000000000003,142298.3
40560834,708.83335,90,otimista,0.7,365,hipotese_de_sensibilidade,255.49999999999997,181106.92
40576710,500.0,59,conservador,0.4,365,hipotese_de_sensibilidade,146.0,73000.0
40576710,500.0,59,base,0.55,365,hipotese_de_sensibilidade,200.75000000000003,100375.0
40576710,500.0,59,otimista,0.7,365,hipotese_de_sensibilidade,255.49999999999997,127750.0
40794806,709.0,52,conservador,0.4,365,hipotese_de_sensibilidade,146.0,103514.0
40794806,709.0,52,base,0.55,365,hipotese_de_sensibilidade,200.75000000000003,142331.75
40794806,709.0,52,otimista,0.7,365,hipotese_de_sensibilidade,255.49999999999997,181149.5
40892344,409.0,60,conservador,0.4,365,hipotese_de_sensibilidade,146.0,59714.0
40892344,409.0,60,base,0.55,365,hipotese_de_sensibilidade,200.75000000000003,82106.75
40892344,409.0,60,otimista,0.7,365,hipotese_de_sensibilidade,255.49999999999997,104499.5
40899047,290.0,37,conservador,0.4,365,hipotese_de_sensibilidade,146.0,42340.0
40899047,290.0,37,base,0.55,365,hipotese_de_sensibilidade,200.75000000000003,58217.5
40899047,290.0,37,otimista,0.7,365,hipotese_de_sensibilidade,255.49999999999997,74095.0
40910065,650.0,88,conservador,0.4,365,hipotese_de_sensibilidade,146.0,94900.0
40910065,650.0,88,base,0.55,365,hipotese_de_sensibilidade,200.75000000000003,130487.5
40910065,650.0,88,otimista,0.7,365,hipotese_de_sensibilidade,255.49999999999997,166075.0
40960741,275.0,75,conservador,0.4,365,hipotese_de_sensibilidade,146.0,40150.0
40960741,275.0,75,base,0.55,365,hipotese_de_sensibilidade,200.75000000000003,55206.25
40960741,275.0,75,otimista,0.7,365,hipotese_de_sensibilidade,255.49999999999997,70262.5
40971559,800.0,34,conservador,0.4,365,hipotese_de_sensibilidade,146.0,116800.0
40971559,800.0,34,base,0.55,365,hipotese_de_sensibilidade,200.75000000000003,160600.0
40971559,800.0,34,otimista,0.7,365,hipotese_de_sensibilidade,255.49999999999997,204400.0
41141790,656.0,39,conservador,0.4,365,hipotese_de_sensibilidade,146.0,95776.0
41141790,656.0,39,base,0.55,365,hipotese_de_sensibilidade,200.75000000000003,131692.0
41141790,656.0,39,otimista,0.7,365,hipotese_de_sensibilidade,255.49999999999997,167608.0
41147466,540.0,45,conservador,0.4,365,hipotese_de_sensibilidade,146.0,78840.0
41147466,540.0,45,base,0.55,365,hipotese_de_sensibilidade,200.75000000000003,108405.0
41147466,540.0,45,otimista,0.7,365,hipotese_de_sensibilidade,255.49999999999997,137970.0
41193865,400.0,74,conservador,0.4,365,hipotese_de_sensibilidade,146.0,58400.0
41193865,400.0,74,base,0.55,365,hipotese_de_sensibilidade,200.75000000000003,80300.0
41193865,400.0,74,otimista,0.7,365,hipotese_de_sensibilidade,255.49999999999997,102200.0
41227471,610.0,81,conservador,0.4,365,hipotese_de_sensibilidade,146.0,89060.0
41227471,610.0,81,base,0.55,365,hipotese_de_sensibilidade,200.75000000000003,122457.5
41227471,610.0,81,otimista,0.7,365,hipotese_de_sensibilidade,255.49999999999997,155855.0
41260111,1763.0,85,conservador,0.4,365,hipotese_de_sensibilidade,146.0,257398.0
41260111,1763.0,85,base,0.55,365,hipotese_de_sensibilidade,200.75000000000003,353922.25
41260111,1763.0,85,otimista,0.7,365,hipotese_de_sensibilidade,255.49999999999997,450446.5
41270247,600.0,27,conservador,0.4,365,hipotese_de_sensibilidade,146.0,87600.0
41270247,600.0,27,base,0.55,365,hipotese_de_sensibilidade,200.75000000000003,120450.0
41270247,600.0,27,otimista,0.7,365,hipotese_de_sensibilidade,255.49999999999997,153300.0
41285546,800.0,91,conservador,0.4,365,hipotese_de_sensibilidade,146.0,116800.0
41285546,800.0,91,base,0.55,365,hipotese_de_sensibilidade,200.75000000000003,160600.0
41285546,800.0,91,otimista,0.7,365,hipotese_de_sensibilidade,255.49999999999997,204400.0
41404141,690.0,68,conservador,0.4,365,hipotese_de_sensibilidade,146.0,100740.0
41404141,690.0,68,base,0.55,365,hipotese_de_sensibilidade,200.75000000000003,138517.5
41404141,690.0,68,otimista,0.7,365,hipotese_de_sensibilidade,255.49999999999997,176295.0
41473656,700.0,23,conservador,0.4,365,hipotese_de_sensibilidade,146.0,102200.0
41473656,700.0,23,base,0.55,365,hipotese_de_sensibilidade,200.75000000000003,140525.0
41473656,700.0,23,otimista,0.7,365,hipotese_de_sensibilidade,255.49999999999997,178850.0
41478160,400.0,29,conservador,0.4,365,hipotese_de_sensibilidade,146.0,58400.0
41478160,400.0,29,base,0.55,365,hipotese_de_sensibilidade,200.75000000000003,80300.0
41478160,400.0,29,otimista,0.7,365,hipotese_de_sensibilidade,255.49999999999997,102200.0
41493620,750.0,98,conservador,0.4,365,hipotese_de_sensibilidade,146.0,109500.0
41493620,750.0,98,base,0.55,365,hipotese_de_sensibilidade,200.75000000000003,150562.5
41493620,750.0,98,otimista,0.7,365,hipotese_de_sensibilidade,255.49999999999997,191625.0
41532894,791.5,61,conservador,0.4,365,hipotese_de_sensibilidade,146.0,115559.0
41532894,791.5,61,base,0.55,365,hipotese_de_sensibilidade,200.75000000000003,158893.63
41532894,791.5,61,otimista,0.7,365,hipotese_de_sensibilidade,255.49999999999997,202228.25
41533462,750.0,71,conservador,0.4,365,hipotese_de_sensibilidade,146.0,109500.0
41533462,750.0,71,base,0.55,365,hipotese_de_sensibilidade,200.75000000000003,150562.5
41533462,750.0,71,otimista,0.7,365,hipotese_de_sensibilidade,255.49999999999997,191625.0
41590719,400.0,73,conservador,0.4,365,hipotese_de_sensibilidade,146.0,58400.0
41590719,400.0,73,base,0.55,365,hipotese_de_sensibilidade,200.75000000000003,80300.0
41590719,400.0,73,otimista,0.7,365,hipotese_de_sensibilidade,255.49999999999997,102200.0
41634696,500.0,84,conservador,0.4,365,hipotese_de_sensibilidade,146.0,73000.0
41634696,500.0,84,base,0.55,365,hipotese_de_sensibilidade,200.75000000000003,100375.0
41634696,500.0,84,otimista,0.7,365,hipotese_de_sensibilidade,255.49999999999997,127750.0
41664387,180.0,45,conservador,0.4,365,hipotese_de_sensibilidade,146.0,26280.0
41664387,180.0,45,base,0.55,365,hipotese_de_sensibilidade,200.75000000000003,36135.0
41664387,180.0,45,otimista,0.7,365,hipotese_de_sensibilidade,255.49999999999997,45990.0
41676390,600.0,90,conservador,0.4,365,hipotese_de_sensibilidade,146.0,87600.0
41676390,600.0,90,base,0.55,365,hipotese_de_sensibilidade,200.75000000000003,120450.0
41676390,600.0,90,otimista,0.7,365,hipotese_de_sensibilidade,255.49999999999997,153300.0
41682475,400.0,43,conservador,0.4,365,hipotese_de_sensibilidade,146.0,58400.0
41682475,400.0,43,base,0.55,365,hipotese_de_sensibilidade,200.75000000000003,80300.0
41682475,400.0,43,otimista,0.7,365,hipotese_de_sensibilidade,255.49999999999997,102200.0
41686810,100.0,59,conservador,0.4,365,hipotese_de_sensibilidade,146.0,14600.0
41686810,100.0,59,base,0.55,365,hipotese_de_sensibilidade,200.75000000000003,20075.0
41686810,100.0,59,otimista,0.7,365,hipotese_de_sensibilidade,255.49999999999997,25550.0
41702158,1200.0,46,conservador,0.4,365,hipotese_de_sensibilidade,146.0,175200.0
41702158,1200.0,46,base,0.55,365,hipotese_de_sensibilidade,200.75000000000003,240900.0
41702158,1200.0,46,otimista,0.7,365,hipotese_de_sensibilidade,255.49999999999997,306600.0
41761142,270.0,43,conservador,0.4,365,hipotese_de_sensibilidade,146.0,39420.0
41761142,270.0,43,base,0.55,365,hipotese_de_sensibilidade,200.75000000000003,54202.5
41761142,270.0,43,otimista,0.7,365,hipotese_de_sensibilidade,255.49999999999997,68985.0
41762297,1651.25,96,conservador,0.4,365,hipotese_de_sensibilidade,146.0,241082.5
41762297,1651.25,96,base,0.55,365,hipotese_de_sensibilidade,200.75000000000003,331488.44
41762297,1651.25,96,otimista,0.7,365,hipotese_de_sensibilidade,255.49999999999997,421894.37
41769298,1000.0,70,conservador,0.4,365,hipotese_de_sensibilidade,146.0,146000.0
41769298,1000.0,70,base,0.55,365,hipotese_de_sensibilidade,200.75000000000003,200750.0
41769298,1000.0,70,otimista,0.7,365,hipotese_de_sensibilidade,255.49999999999997,255500.0
41883230,470.0,53,conservador,0.4,365,hipotese_de_sensibilidade,146.0,68620.0
41883230,470.0,53,base,0.55,365,hipotese_de_sensibilidade,200.75000000000003,94352.5
41883230,470.0,53,otimista,0.7,365,hipotese_de_sensibilidade,255.49999999999997,120085.0
41888100,531.0,78,conservador,0.4,365,hipotese_de_sensibilidade,146.0,77526.0
41888100,531.0,78,base,0.55,365,hipotese_de_sensibilidade,200.75000000000003,106598.25
41888100,531.0,78,otimista,0.7,365,hipotese_de_sensibilidade,255.49999999999997,135670.5
42003334,500.0,65,conservador,0.4,365,hipotese_de_sensibilidade,146.0,73000.0
42003334,500.0,65,base,0.55,365,hipotese_de_sensibilidade,200.75000000000003,100375.0
42003334,500.0,65,otimista,0.7,365,hipotese_de_sensibilidade,255.49999999999997,127750.0
42013117,590.0,26,conservador,0.4,365,hipotese_de_sensibilidade,146.0,86140.0
42013117,590.0,26,base,0.55,365,hipotese_de_sensibilidade,200.75000000000003,118442.5
42013117,590.0,26,otimista,0.7,365,hipotese_de_sensibilidade,255.49999999999997,150745.0
42138941,1200.0,69,conservador,0.4,365,hipotese_de_sensibilidade,146.0,175200.0
42138941,1200.0,69,base,0.55,365,hipotese_de_sensibilidade,200.75000000000003,240900.0
42138941,1200.0,69,otimista,0.7,365,hipotese_de_sensibilidade,255.49999999999997,306600.0
42180312,200.0,60,conservador,0.4,365,hipotese_de_sensibilidade,146.0,29200.0
42180312,200.0,60,base,0.55,365,hipotese_de_sensibilidade,200.75000000000003,40150.0
42180312,200.0,60,otimista,0.7,365,hipotese_de_sensibilidade,255.49999999999997,51100.0
42270655,490.0,74,conservador,0.4,365,hipotese_de_sensibilidade,146.0,71540.0
42270655,490.0,74,base,0.55,365,hipotese_de_sensibilidade,200.75000000000003,98367.5
42270655,490.0,74,otimista,0.7,365,hipotese_de_sensibilidade,255.49999999999997,125195.0
42335961,500.0,85,conservador,0.4,365,hipotese_de_sensibilidade,146.0,73000.0
42335961,500.0,85,base,0.55,365,hipotese_de_sensibilidade,200.75000000000003,100375.0
42335961,500.0,85,otimista,0.7,365,hipotese_de_sensibilidade,255.49999999999997,127750.0
42362925,874.0,69,conservador,0.4,365,hipotese_de_sensibilidade,146.0,127604.0
42362925,874.0,69,base,0.55,365,hipotese_de_sensibilidade,200.75000000000003,175455.5
42362925,874.0,69,otimista,0.7,365,hipotese_de_sensibilidade,255.49999999999997,223307.0
42515348,900.0,32,conservador,0.4,365,hipotese_de_sensibilidade,146.0,131400.0
42515348,900.0,32,base,0.55,365,hipotese_de_sensibilidade,200.75000000000003,180675.0
42515348,900.0,32,otimista,0.7,365,hipotese_de_sensibilidade,255.49999999999997,229950.0
42588365,390.0,43,conservador,0.4,365,hipotese_de_sensibilidade,146.0,56940.0
42588365,390.0,43,base,0.55,365,hipotese_de_sensibilidade,200.75000000000003,78292.5
42588365,390.0,43,otimista,0.7,365,hipotese_de_sensibilidade,255.49999999999997,99645.0
42625075,1000.0,60,conservador,0.4,365,hipotese_de_sensibilidade,146.0,146000.0
42625075,1000.0,60,base,0.55,365,hipotese_de_sensibilidade,200.75000000000003,200750.0
42625075,1000.0,60,otimista,0.7,365,hipotese_de_sensibilidade,255.49999999999997,255500.0
42704327,1126.5,84,conservador,0.4,365,hipotese_de_sensibilidade,146.0,164469.0
42704327,1126.5,84,base,0.55,365,hipotese_de_sensibilidade,200.75000000000003,226144.88
42704327,1126.5,84,otimista,0.7,365,hipotese_de_sensibilidade,255.49999999999997,287820.75
42709234,899.0,97,conservador,0.4,365,hipotese_de_sensibilidade,146.0,131254.0
42709234,899.0,97,base,0.55,365,hipotese_de_sensibilidade,200.75000000000003,180474.25
42709234,899.0,97,otimista,0.7,365,hipotese_de_sensibilidade,255.49999999999997,229694.5
42788291,700.0,54,conservador,0.4,365,hipotese_de_sensibilidade,146.0,102200.0
42788291,700.0,54,base,0.55,365,hipotese_de_sensibilidade,200.75000000000003,140525.0
42788291,700.0,54,otimista,0.7,365,hipotese_de_sensibilidade,255.49999999999997,178850.0
42841323,402.0,23,conservador,0.4,365,hipotese_de_sensibilidade,146.0,58692.0
42841323,402.0,23,base,0.55,365,hipotese_de_sensibilidade,200.75000000000003,80701.5
42841323,402.0,23,otimista,0.7,365,hipotese_de_sensibilidade,255.49999999999997,102711.0
43300431,2500.0,88,conservador,0.4,365,hipotese_de_sensibilidade,146.0,365000.0
43300431,2500.0,88,base,0.55,365,hipotese_de_sensibilidade,200.75000000000003,501875.0
43300431,2500.0,88,otimista,0.7,365,hipotese_de_sensibilidade,255.49999999999997,638750.0
43379132,340.0,26,conservador,0.4,365,hipotese_de_sensibilidade,146.0,49640.0
43379132,340.0,26,base,0.55,365,hipotese_de_sensibilidade,200.75000000000003,68255.0
43379132,340.0,26,otimista,0.7,365,hipotese_de_sensibilidade,255.49999999999997,86870.0
43499385,585.0,69,conservador,0.4,365,hipotese_de_sensibilidade,146.0,85410.0
43499385,585.0,69,base,0.55,365,hipotese_de_sensibilidade,200.75000000000003,117438.75
43499385,585.0,69,otimista,0.7,365,hipotese_de_sensibilidade,255.49999999999997,149467.5
43712530,601.0,21,conservador,0.4,365,hipotese_de_sensibilidade,146.0,87746.0
43712530,601.0,21,base,0.55,365,hipotese_de_sensibilidade,200.75000000000003,120650.75
43712530,601.0,21,otimista,0.7,365,hipotese_de_sensibilidade,255.49999999999997,153555.5
43754654,897.0,87,conservador,0.4,365,hipotese_de_sensibilidade,146.0,130962.0
43754654,897.0,87,base,0.55,365,hipotese_de_sensibilidade,200.75000000000003,180072.75
43754654,897.0,87,otimista,0.7,365,hipotese_de_sensibilidade,255.49999999999997,229183.5
44075219,2778.4285,14,conservador,0.4,365,hipotese_de_sensibilidade,146.0,405650.56
44075219,2778.4285,14,base,0.55,365,hipotese_de_sensibilidade,200.75000000000003,557769.52
44075219,2778.4285,14,otimista,0.7,365,hipotese_de_sensibilidade,255.49999999999997,709888.48
44153810,199.0,48,conservador,0.4,365,hipotese_de_sensibilidade,146.0,29054.0
44153810,199.0,48,base,0.55,365,hipotese_de_sensibilidade,200.75000000000003,39949.25
44153810,199.0,48,otimista,0.7,365,hipotese_de_sensibilidade,255.49999999999997,50844.5
44192417,310.0,39,conservador,0.4,365,hipotese_de_sensibilidade,146.0,45260.0
44192417,310.0,39,base,0.55,365,hipotese_de_sensibilidade,200.75000000000003,62232.5
44192417,310.0,39,otimista,0.7,365,hipotese_de_sensibilidade,255.49999999999997,79205.0
44425260,450.0,66,conservador,0.4,365,hipotese_de_sensibilidade,146.0,65700.0
44425260,450.0,66,base,0.55,365,hipotese_de_sensibilidade,200.75000000000003,90337.5
44425260,450.0,66,otimista,0.7,365,hipotese_de_sensibilidade,255.49999999999997,114975.0
45002455,250.0,26,conservador,0.4,365,hipotese_de_sensibilidade,146.0,36500.0
45002455,250.0,26,base,0.55,365,hipotese_de_sensibilidade,200.75000000000003,50187.5
45002455,250.0,26,otimista,0.7,365,hipotese_de_sensibilidade,255.49999999999997,63875.0
45184991,648.0,62,conservador,0.4,365,hipotese_de_sensibilidade,146.0,94608.0
45184991,648.0,62,base,0.55,365,hipotese_de_sensibilidade,200.75000000000003,130086.0
45184991,648.0,62,otimista,0.7,365,hipotese_de_sensibilidade,255.49999999999997,165564.0
45350304,450.0,79,conservador,0.4,365,hipotese_de_sensibilidade,146.0,65700.0
45350304,450.0,79,base,0.55,365,hipotese_de_sensibilidade,200.75000000000003,90337.5
45350304,450.0,79,otimista,0.7,365,hipotese_de_sensibilidade,255.49999999999997,114975.0
45382246,850.0,38,conservador,0.4,365,hipotese_de_sensibilidade,146.0,124100.0
45382246,850.0,38,base,0.55,365,hipotese_de_sensibilidade,200.75000000000003,170637.5
45382246,850.0,38,otimista,0.7,365,hipotese_de_sensibilidade,255.49999999999997,217175.0
45512442,790.0,61,conservador,0.4,365,hipotese_de_sensibilidade,146.0,115340.0
45512442,790.0,61,base,0.55,365,hipotese_de_sensibilidade,200.75000000000003,158592.5
45512442,790.0,61,otimista,0.7,365,hipotese_de_sensibilidade,255.49999999999997,201845.0
45513430,780.0,89,conservador,0.4,365,hipotese_de_sensibilidade,146.0,113880.0
45513430,780.0,89,base,0.55,365,hipotese_de_sensibilidade,200.75000000000003,156585.0
45513430,780.0,89,otimista,0.7,365,hipotese_de_sensibilidade,255.49999999999997,199290.0
45531969,650.0,53,conservador,0.4,365,hipotese_de_sensibilidade,146.0,94900.0
45531969,650.0,53,base,0.55,365,hipotese_de_sensibilidade,200.75000000000003,130487.5
45531969,650.0,53,otimista,0.7,365,hipotese_de_sensibilidade,255.49999999999997,166075.0
45621607,350.0,71,conservador,0.4,365,hipotese_de_sensibilidade,146.0,51100.0
45621607,350.0,71,base,0.55,365,hipotese_de_sensibilidade,200.75000000000003,70262.5
45621607,350.0,71,otimista,0.7,365,hipotese_de_sensibilidade,255.49999999999997,89425.0
45687710,350.0,79,conservador,0.4,365,hipotese_de_sensibilidade,146.0,51100.0
45687710,350.0,79,base,0.55,365,hipotese_de_sensibilidade,200.75000000000003,70262.5
45687710,350.0,79,otimista,0.7,365,hipotese_de_sensibilidade,255.49999999999997,89425.0
45726200,1590.0,45,conservador,0.4,365,hipotese_de_sensibilidade,146.0,232140.0
45726200,1590.0,45,base,0.55,365,hipotese_de_sensibilidade,200.75000000000003,319192.5
45726200,1590.0,45,otimista,0.7,365,hipotese_de_sensibilidade,255.49999999999997,406245.0
45768161,850.0,83,conservador,0.4,365,hipotese_de_sensibilidade,146.0,124100.0
45768161,850.0,83,base,0.55,365,hipotese_de_sensibilidade,200.75000000000003,170637.5
45768161,850.0,83,otimista,0.7,365,hipotese_de_sensibilidade,255.49999999999997,217175.0
45803876,450.0,78,conservador,0.4,365,hipotese_de_sensibilidade,146.0,65700.0
45803876,450.0,78,base,0.55,365,hipotese_de_sensibilidade,200.75000000000003,90337.5
45803876,450.0,78,otimista,0.7,365,hipotese_de_sensibilidade,255.49999999999997,114975.0
45822839,390.0,78,conservador,0.4,365,hipotese_de_sensibilidade,146.0,56940.0
45822839,390.0,78,base,0.55,365,hipotese_de_sensibilidade,200.75000000000003,78292.5
45822839,390.0,78,otimista,0.7,365,hipotese_de_sensibilidade,255.49999999999997,99645.0
45889892,595.0,60,conservador,0.4,365,hipotese_de_sensibilidade,146.0,86870.0
45889892,595.0,60,base,0.55,365,hipotese_de_sensibilidade,200.75000000000003,119446.25
45889892,595.0,60,otimista,0.7,365,hipotese_de_sensibilidade,255.49999999999997,152022.5
45911573,969.0,35,conservador,0.4,365,hipotese_de_sensibilidade,146.0,141474.0
45911573,969.0,35,base,0.55,365,hipotese_de_sensibilidade,200.75000000000003,194526.75
45911573,969.0,35,otimista,0.7,365,hipotese_de_sensibilidade,255.49999999999997,247579.5
45911990,560.0,26,conservador,0.4,365,hipotese_de_sensibilidade,146.0,81760.0
45911990,560.0,26,base,0.55,365,hipotese_de_sensibilidade,200.75000000000003,112420.0
45911990,560.0,26,otimista,0.7,365,hipotese_de_sensibilidade,255.49999999999997,143080.0
45923984,307.625,28,conservador,0.4,365,hipotese_de_sensibilidade,146.0,44913.25
45923984,307.625,28,base,0.55,365,hipotese_de_sensibilidade,200.75000000000003,61755.72
45923984,307.625,28,otimista,0.7,365,hipotese_de_sensibilidade,255.49999999999997,78598.19
45973790,644.16665,100,conservador,0.4,365,hipotese_de_sensibilidade,146.0,94048.33
45973790,644.16665,100,base,0.55,365,hipotese_de_sensibilidade,200.75000000000003,129316.45
45973790,644.16665,100,otimista,0.7,365,hipotese_de_sensibilidade,255.49999999999997,164584.58
46011731,590.0,21,conservador,0.4,365,hipotese_de_sensibilidade,146.0,86140.0
46011731,590.0,21,base,0.55,365,hipotese_de_sensibilidade,200.75000000000003,118442.5
46011731,590.0,21,otimista,0.7,365,hipotese_de_sensibilidade,255.49999999999997,150745.0
46036384,330.0,58,conservador,0.4,365,hipotese_de_sensibilidade,146.0,48180.0
46036384,330.0,58,base,0.55,365,hipotese_de_sensibilidade,200.75000000000003,66247.5
46036384,330.0,58,otimista,0.7,365,hipotese_de_sensibilidade,255.49999999999997,84315.0
46048925,937.3333,91,conservador,0.4,365,hipotese_de_sensibilidade,146.0,136850.66
46048925,937.3333,91,base,0.55,365,hipotese_de_sensibilidade,200.75000000000003,188169.66
46048925,937.3333,91,otimista,0.7,365,hipotese_de_sensibilidade,255.49999999999997,239488.66
46048941,400.0,34,conservador,0.4,365,hipotese_de_sensibilidade,146.0,58400.0
46048941,400.0,34,base,0.55,365,hipotese_de_sensibilidade,200.75000000000003,80300.0
46048941,400.0,34,otimista,0.7,365,hipotese_de_sensibilidade,255.49999999999997,102200.0
46072703,584.0,45,conservador,0.4,365,hipotese_de_sensibilidade,146.0,85264.0
46072703,584.0,45,base,0.55,365,hipotese_de_sensibilidade,200.75000000000003,117238.0
46072703,584.0,45,otimista,0.7,365,hipotese_de_sensibilidade,255.49999999999997,149212.0
46088002,648.0,58,conservador,0.4,365,hipotese_de_sensibilidade,146.0,94608.0
46088002,648.0,58,base,0.55,365,hipotese_de_sensibilidade,200.75000000000003,130086.0
46088002,648.0,58,otimista,0.7,365,hipotese_de_sensibilidade,255.49999999999997,165564.0
46116173,300.0,31,conservador,0.4,365,hipotese_de_sensibilidade,146.0,43800.0
46116173,300.0,31,base,0.55,365,hipotese_de_sensibilidade,200.75000000000003,60225.0
46116173,300.0,31,otimista,0.7,365,hipotese_de_sensibilidade,255.49999999999997,76650.0
46220279,697.0,80,conservador,0.4,365,hipotese_de_sensibilidade,146.0,101762.0
46220279,697.0,80,base,0.55,365,hipotese_de_sensibilidade,200.75000000000003,139922.75
46220279,697.0,80,otimista,0.7,365,hipotese_de_sensibilidade,255.49999999999997,178083.5
46222390,500.0,73,conservador,0.4,365,hipotese_de_sensibilidade,146.0,73000.0
46222390,500.0,73,base,0.55,365,hipotese_de_sensibilidade,200.75000000000003,100375.0
46222390,500.0,73,otimista,0.7,365,hipotese_de_sensibilidade,255.49999999999997,127750.0
46298558,697.5,54,conservador,0.4,365,hipotese_de_sensibilidade,146.0,101835.0
46298558,697.5,54,base,0.55,365,hipotese_de_sensibilidade,200.75000000000003,140023.13
46298558,697.5,54,otimista,0.7,365,hipotese_de_sensibilidade,255.49999999999997,178211.25
46327705,944.0,40,conservador,0.4,365,hipotese_de_sensibilidade,146.0,137824.0
46327705,944.0,40,base,0.55,365,hipotese_de_sensibilidade,200.75000000000003,189508.0
46327705,944.0,40,otimista,0.7,365,hipotese_de_sensibilidade,255.49999999999997,241192.0
46372862,518.0,74,conservador,0.4,365,hipotese_de_sensibilidade,146.0,75628.0
46372862,518.0,74,base,0.55,365,hipotese_de_sensibilidade,200.75000000000003,103988.5
46372862,518.0,74,otimista,0.7,365,hipotese_de_sensibilidade,255.49999999999997,132349.0
46451253,440.0,71,conservador,0.4,365,hipotese_de_sensibilidade,146.0,64240.0
46451253,440.0,71,base,0.55,365,hipotese_de_sensibilidade,200.75000000000003,88330.0
46451253,440.0,71,otimista,0.7,365,hipotese_de_sensibilidade,255.49999999999997,112420.0
46530405,1022.0,83,conservador,0.4,365,hipotese_de_sensibilidade,146.0,149212.0
46530405,1022.0,83,base,0.55,365,hipotese_de_sensibilidade,200.75000000000003,205166.5
46530405,1022.0,83,otimista,0.7,365,hipotese_de_sensibilidade,255.49999999999997,261121.0
46550767,800.0,47,conservador,0.4,365,hipotese_de_sensibilidade,146.0,116800.0
46550767,800.0,47,base,0.55,365,hipotese_de_sensibilidade,200.75000000000003,160600.0
46550767,800.0,47,otimista,0.7,365,hipotese_de_sensibilidade,255.49999999999997,204400.0
46598066,1000.0,85,conservador,0.4,365,hipotese_de_sensibilidade,146.0,146000.0
46598066,1000.0,85,base,0.55,365,hipotese_de_sensibilidade,200.75000000000003,200750.0
46598066,1000.0,85,otimista,0.7,365,hipotese_de_sensibilidade,255.49999999999997,255500.0
46604700,350.0,87,conservador,0.4,365,hipotese_de_sensibilidade,146.0,51100.0
46604700,350.0,87,base,0.55,365,hipotese_de_sensibilidade,200.75000000000003,70262.5
46604700,350.0,87,otimista,0.7,365,hipotese_de_sensibilidade,255.49999999999997,89425.0
46678933,750.0,97,conservador,0.4,365,hipotese_de_sensibilidade,146.0,109500.0
46678933,750.0,97,base,0.55,365,hipotese_de_sensibilidade,200.75000000000003,150562.5
46678933,750.0,97,otimista,0.7,365,hipotese_de_sensibilidade,255.49999999999997,191625.0
46690986,1299.0,90,conservador,0.4,365,hipotese_de_sensibilidade,146.0,189654.0
46690986,1299.0,90,base,0.55,365,hipotese_de_sensibilidade,200.75000000000003,260774.25
46690986,1299.0,90,otimista,0.7,365,hipotese_de_sensibilidade,255.49999999999997,331894.5
46710652,550.0,71,conservador,0.4,365,hipotese_de_sensibilidade,146.0,80300.0
46710652,550.0,71,base,0.55,365,hipotese_de_sensibilidade,200.75000000000003,110412.5
46710652,550.0,71,otimista,0.7,365,hipotese_de_sensibilidade,255.49999999999997,140525.0
46724379,481.0,100,conservador,0.4,365,hipotese_de_sensibilidade,146.0,70226.0
46724379,481.0,100,base,0.55,365,hipotese_de_sensibilidade,200.75000000000003,96560.75
46724379,481.0,100,otimista,0.7,365,hipotese_de_sensibilidade,255.49999999999997,122895.5
46755580,300.0,58,conservador,0.4,365,hipotese_de_sensibilidade,146.0,43800.0
46755580,300.0,58,base,0.55,365,hipotese_de_sensibilidade,200.75000000000003,60225.0
46755580,300.0,58,otimista,0.7,365,hipotese_de_sensibilidade,255.49999999999997,76650.0
46769078,988.0,93,conservador,0.4,365,hipotese_de_sensibilidade,146.0,144248.0
46769078,988.0,93,base,0.55,365,hipotese_de_sensibilidade,200.75000000000003,198341.0
46769078,988.0,93,otimista,0.7,365,hipotese_de_sensibilidade,255.49999999999997,252434.0
46866680,450.0,67,conservador,0.4,365,hipotese_de_sensibilidade,146.0,65700.0
46866680,450.0,67,base,0.55,365,hipotese_de_sensibilidade,200.75000000000003,90337.5
46866680,450.0,67,otimista,0.7,365,hipotese_de_sensibilidade,255.49999999999997,114975.0
46878566,500.0,81,conservador,0.4,365,hipotese_de_sensibilidade,146.0,73000.0
46878566,500.0,81,base,0.55,365,hipotese_de_sensibilidade,200.75000000000003,100375.0
46878566,500.0,81,otimista,0.7,365,hipotese_de_sensibilidade,255.49999999999997,127750.0
46896012,550.0,65,conservador,0.4,365,hipotese_de_sensibilidade,146.0,80300.0
46896012,550.0,65,base,0.55,365,hipotese_de_sensibilidade,200.75000000000003,110412.5
46896012,550.0,65,otimista,0.7,365,hipotese_de_sensibilidade,255.49999999999997,140525.0
46936020,380.0,54,conservador,0.4,365,hipotese_de_sensibilidade,146.0,55480.0
46936020,380.0,54,base,0.55,365,hipotese_de_sensibilidade,200.75000000000003,76285.0
46936020,380.0,54,otimista,0.7,365,hipotese_de_sensibilidade,255.49999999999997,97090.0
46990438,600.0,60,conservador,0.4,365,hipotese_de_sensibilidade,146.0,87600.0
46990438,600.0,60,base,0.55,365,hipotese_de_sensibilidade,200.75000000000003,120450.0
46990438,600.0,60,otimista,0.7,365,hipotese_de_sensibilidade,255.49999999999997,153300.0
47000276,500.0,42,conservador,0.4,365,hipotese_de_sensibilidade,146.0,73000.0
47000276,500.0,42,base,0.55,365,hipotese_de_sensibilidade,200.75000000000003,100375.0
47000276,500.0,42,otimista,0.7,365,hipotese_de_sensibilidade,255.49999999999997,127750.0
47006355,592.0,49,conservador,0.4,365,hipotese_de_sensibilidade,146.0,86432.0
47006355,592.0,49,base,0.55,365,hipotese_de_sensibilidade,200.75000000000003,118844.0
47006355,592.0,49,otimista,0.7,365,hipotese_de_sensibilidade,255.49999999999997,151256.0
47052262,399.0,69,conservador,0.4,365,hipotese_de_sensibilidade,146.0,58254.0
47052262,399.0,69,base,0.55,365,hipotese_de_sensibilidade,200.75000000000003,80099.25
47052262,399.0,69,otimista,0.7,365,hipotese_de_sensibilidade,255.49999999999997,101944.5
47089646,472.0,51,conservador,0.4,365,hipotese_de_sensibilidade,146.0,68912.0
47089646,472.0,51,base,0.55,365,hipotese_de_sensibilidade,200.75000000000003,94754.0
47089646,472.0,51,otimista,0.7,365,hipotese_de_sensibilidade,255.49999999999997,120596.0
47172145,688.83335,74,conservador,0.4,365,hipotese_de_sensibilidade,146.0,100569.67
47172145,688.83335,74,base,0.55,365,hipotese_de_sensibilidade,200.75000000000003,138283.3
47172145,688.83335,74,otimista,0.7,365,hipotese_de_sensibilidade,255.49999999999997,175996.92
47213093,290.5,22,conservador,0.4,365,hipotese_de_sensibilidade,146.0,42413.0
47213093,290.5,22,base,0.55,365,hipotese_de_sensibilidade,200.75000000000003,58317.88
47213093,290.5,22,otimista,0.7,365,hipotese_de_sensibilidade,255.49999999999997,74222.75
47222306,175.0,47,conservador,0.4,365,hipotese_de_sensibilidade,146.0,25550.0
47222306,175.0,47,base,0.55,365,hipotese_de_sensibilidade,200.75000000000003,35131.25
47222306,175.0,47,otimista,0.7,365,hipotese_de_sensibilidade,255.49999999999997,44712.5
47232230,1001.0,16,conservador,0.4,365,hipotese_de_sensibilidade,146.0,146146.0
47232230,1001.0,16,base,0.55,365,hipotese_de_sensibilidade,200.75000000000003,200950.75
47232230,1001.0,16,otimista,0.7,365,hipotese_de_sensibilidade,255.49999999999997,255755.5
47254288,450.0,72,conservador,0.4,365,hipotese_de_sensibilidade,146.0,65700.0
47254288,450.0,72,base,0.55,365,hipotese_de_sensibilidade,200.75000000000003,90337.5
47254288,450.0,72,otimista,0.7,365,hipotese_de_sensibilidade,255.49999999999997,114975.0
47260862,450.0,44,conservador,0.4,365,hipotese_de_sensibilidade,146.0,65700.0
47260862,450.0,44,base,0.55,365,hipotese_de_sensibilidade,200.75000000000003,90337.5
47260862,450.0,44,otimista,0.7,365,hipotese_de_sensibilidade,255.49999999999997,114975.0
47325492,607.7778,89,conservador,0.4,365,hipotese_de_sensibilidade,146.0,88735.56
47325492,607.7778,89,base,0.55,365,hipotese_de_sensibilidade,200.75000000000003,122011.39
47325492,607.7778,89,otimista,0.7,365,hipotese_de_sensibilidade,255.49999999999997,155287.23
47326216,1100.0,87,conservador,0.4,365,hipotese_de_sensibilidade,146.0,160600.0
47326216,1100.0,87,base,0.55,365,hipotese_de_sensibilidade,200.75000000000003,220825.0
47326216,1100.0,87,otimista,0.7,365,hipotese_de_sensibilidade,255.49999999999997,281050.0
47402735,399.0,66,conservador,0.4,365,hipotese_de_sensibilidade,146.0,58254.0
47402735,399.0,66,base,0.55,365,hipotese_de_sensibilidade,200.75000000000003,80099.25
47402735,399.0,66,otimista,0.7,365,hipotese_de_sensibilidade,255.49999999999997,101944.5
47421617,370.0,36,conservador,0.4,365,hipotese_de_sensibilidade,146.0,54020.0
47421617,370.0,36,base,0.55,365,hipotese_de_sensibilidade,200.75000000000003,74277.5
47421617,370.0,36,otimista,0.7,365,hipotese_de_sensibilidade,255.49999999999997,94535.0
47543180,250.0,38,conservador,0.4,365,hipotese_de_sensibilidade,146.0,36500.0
47543180,250.0,38,base,0.55,365,hipotese_de_sensibilidade,200.75000000000003,50187.5
47543180,250.0,38,otimista,0.7,365,hipotese_de_sensibilidade,255.49999999999997,63875.0
47558531,850.0,90,conservador,0.4,365,hipotese_de_sensibilidade,146.0,124100.0
47558531,850.0,90,base,0.55,365,hipotese_de_sensibilidade,200.75000000000003,170637.5
47558531,850.0,90,otimista,0.7,365,hipotese_de_sensibilidade,255.49999999999997,217175.0
47783121,405.0,52,conservador,0.4,365,hipotese_de_sensibilidade,146.0,59130.0
47783121,405.0,52,base,0.55,365,hipotese_de_sensibilidade,200.75000000000003,81303.75
47783121,405.0,52,otimista,0.7,365,hipotese_de_sensibilidade,255.49999999999997,103477.5
47802450,210.0,29,conservador,0.4,365,hipotese_de_sensibilidade,146.0,30660.0
47802450,210.0,29,base,0.55,365,hipotese_de_sensibilidade,200.75000000000003,42157.5
47802450,210.0,29,otimista,0.7,365,hipotese_de_sensibilidade,255.49999999999997,53655.0
47816646,590.0,73,conservador,0.4,365,hipotese_de_sensibilidade,146.0,86140.0
47816646,590.0,73,base,0.55,365,hipotese_de_sensibilidade,200.75000000000003,118442.5
47816646,590.0,73,otimista,0.7,365,hipotese_de_sensibilidade,255.49999999999997,150745.0
47891397,490.0,81,conservador,0.4,365,hipotese_de_sensibilidade,146.0,71540.0
47891397,490.0,81,base,0.55,365,hipotese_de_sensibilidade,200.75000000000003,98367.5
47891397,490.0,81,otimista,0.7,365,hipotese_de_sensibilidade,255.49999999999997,125195.0
47909482,1000.0,67,conservador,0.4,365,hipotese_de_sensibilidade,146.0,146000.0
47909482,1000.0,67,base,0.55,365,hipotese_de_sensibilidade,200.75000000000003,200750.0
47909482,1000.0,67,otimista,0.7,365,hipotese_de_sensibilidade,255.49999999999997,255500.0
48080102,410.0,45,conservador,0.4,365,hipotese_de_sensibilidade,146.0,59860.0
48080102,410.0,45,base,0.55,365,hipotese_de_sensibilidade,200.75000000000003,82307.5
48080102,410.0,45,otimista,0.7,365,hipotese_de_sensibilidade,255.49999999999997,104755.0
48109229,480.0,73,conservador,0.4,365,hipotese_de_sensibilidade,146.0,70080.0
48109229,480.0,73,base,0.55,365,hipotese_de_sensibilidade,200.75000000000003,96360.0
48109229,480.0,73,otimista,0.7,365,hipotese_de_sensibilidade,255.49999999999997,122640.0
48158176,390.0,33,conservador,0.4,365,hipotese_de_sensibilidade,146.0,56940.0
48158176,390.0,33,base,0.55,365,hipotese_de_sensibilidade,200.75000000000003,78292.5
48158176,390.0,33,otimista,0.7,365,hipotese_de_sensibilidade,255.49999999999997,99645.0
48243472,1199.0,60,conservador,0.4,365,hipotese_de_sensibilidade,146.0,175054.0
48243472,1199.0,60,base,0.55,365,hipotese_de_sensibilidade,200.75000000000003,240699.25
48243472,1199.0,60,otimista,0.7,365,hipotese_de_sensibilidade,255.49999999999997,306344.5
48254075,509.0,20,conservador,0.4,365,hipotese_de_sensibilidade,146.0,74314.0
48254075,509.0,20,base,0.55,365,hipotese_de_sensibilidade,200.75000000000003,102181.75
48254075,509.0,20,otimista,0.7,365,hipotese_de_sensibilidade,255.49999999999997,130049.5
48526011,500.0,65,conservador,0.4,365,hipotese_de_sensibilidade,146.0,73000.0
48526011,500.0,65,base,0.55,365,hipotese_de_sensibilidade,200.75000000000003,100375.0
48526011,500.0,65,otimista,0.7,365,hipotese_de_sensibilidade,255.49999999999997,127750.0
48624860,250.0,18,conservador,0.4,365,hipotese_de_sensibilidade,146.0,36500.0
48624860,250.0,18,base,0.55,365,hipotese_de_sensibilidade,200.75000000000003,50187.5
48624860,250.0,18,otimista,0.7,365,hipotese_de_sensibilidade,255.49999999999997,63875.0
48699117,420.0,48,conservador,0.4,365,hipotese_de_sensibilidade,146.0,61320.0
48699117,420.0,48,base,0.55,365,hipotese_de_sensibilidade,200.75000000000003,84315.0
48699117,420.0,48,otimista,0.7,365,hipotese_de_sensibilidade,255.49999999999997,107310.0
48848529,1000.0,87,conservador,0.4,365,hipotese_de_sensibilidade,146.0,146000.0
48848529,1000.0,87,base,0.55,365,hipotese_de_sensibilidade,200.75000000000003,200750.0
48848529,1000.0,87,otimista,0.7,365,hipotese_de_sensibilidade,255.49999999999997,255500.0
48941838,370.0,46,conservador,0.4,365,hipotese_de_sensibilidade,146.0,54020.0
48941838,370.0,46,base,0.55,365,hipotese_de_sensibilidade,200.75000000000003,74277.5
48941838,370.0,46,otimista,0.7,365,hipotese_de_sensibilidade,255.49999999999997,94535.0
49050392,700.0,46,conservador,0.4,365,hipotese_de_sensibilidade,146.0,102200.0
49050392,700.0,46,base,0.55,365,hipotese_de_sensibilidade,200.75000000000003,140525.0
49050392,700.0,46,otimista,0.7,365,hipotese_de_sensibilidade,255.49999999999997,178850.0
49123621,762.5,88,conservador,0.4,365,hipotese_de_sensibilidade,146.0,111325.0
49123621,762.5,88,base,0.55,365,hipotese_de_sensibilidade,200.75000000000003,153071.88
49123621,762.5,88,otimista,0.7,365,hipotese_de_sensibilidade,255.49999999999997,194818.75
49369605,230.0,21,conservador,0.4,365,hipotese_de_sensibilidade,146.0,33580.0
49369605,230.0,21,base,0.55,365,hipotese_de_sensibilidade,200.75000000000003,46172.5
49369605,230.0,21,otimista,0.7,365,hipotese_de_sensibilidade,255.49999999999997,58765.0
49824103,440.0,47,conservador,0.4,365,hipotese_de_sensibilidade,146.0,64240.0
49824103,440.0,47,base,0.55,365,hipotese_de_sensibilidade,200.75000000000003,88330.0
49824103,440.0,47,otimista,0.7,365,hipotese_de_sensibilidade,255.49999999999997,112420.0
49968308,700.0,26,conservador,0.4,365,hipotese_de_sensibilidade,146.0,102200.0
49968308,700.0,26,base,0.55,365,hipotese_de_sensibilidade,200.75000000000003,140525.0
49968308,700.0,26,otimista,0.7,365,hipotese_de_sensibilidade,255.49999999999997,178850.0
50047341,300.0,36,conservador,0.4,365,hipotese_de_sensibilidade,146.0,43800.0
50047341,300.0,36,base,0.55,365,hipotese_de_sensibilidade,200.75000000000003,60225.0
50047341,300.0,36,otimista,0.7,365,hipotese_de_sensibilidade,255.49999999999997,76650.0
50059423,500.0,40,conservador,0.4,365,hipotese_de_sensibilidade,146.0,73000.0
50059423,500.0,40,base,0.55,365,hipotese_de_sensibilidade,200.75000000000003,100375.0
50059423,500.0,40,otimista,0.7,365,hipotese_de_sensibilidade,255.49999999999997,127750.0
50085393,650.0,21,conservador,0.4,365,hipotese_de_sensibilidade,146.0,94900.0
50085393,650.0,21,base,0.55,365,hipotese_de_sensibilidade,200.75000000000003,130487.5
50085393,650.0,21,otimista,0.7,365,hipotese_de_sensibilidade,255.49999999999997,166075.0
50243281,467.0,35,conservador,0.4,365,hipotese_de_sensibilidade,146.0,68182.0
50243281,467.0,35,base,0.55,365,hipotese_de_sensibilidade,200.75000000000003,93750.25
50243281,467.0,35,otimista,0.7,365,hipotese_de_sensibilidade,255.49999999999997,119318.5
50535771,650.0,44,conservador,0.4,365,hipotese_de_sensibilidade,146.0,94900.0
50535771,650.0,44,base,0.55,365,hipotese_de_sensibilidade,200.75000000000003,130487.5
50535771,650.0,44,otimista,0.7,365,hipotese_de_sensibilidade,255.49999999999997,166075.0
50958684,920.0,74,conservador,0.4,365,hipotese_de_sensibilidade,146.0,134320.0
50958684,920.0,74,base,0.55,365,hipotese_de_sensibilidade,200.75000000000003,184690.0
50958684,920.0,74,otimista,0.7,365,hipotese_de_sensibilidade,255.49999999999997,235060.0
51301217,399.0,67,conservador,0.4,365,hipotese_de_sensibilidade,146.0,58254.0
51301217,399.0,67,base,0.55,365,hipotese_de_sensibilidade,200.75000000000003,80099.25
51301217,399.0,67,otimista,0.7,365,hipotese_de_sensibilidade,255.49999999999997,101944.5
51403736,160.0,55,conservador,0.4,365,hipotese_de_sensibilidade,146.0,23360.0
51403736,160.0,55,base,0.55,365,hipotese_de_sensibilidade,200.75000000000003,32120.0
51403736,160.0,55,otimista,0.7,365,hipotese_de_sensibilidade,255.49999999999997,40880.0
51405106,800.0,74,conservador,0.4,365,hipotese_de_sensibilidade,146.0,116800.0
51405106,800.0,74,base,0.55,365,hipotese_de_sensibilidade,200.75000000000003,160600.0
51405106,800.0,74,otimista,0.7,365,hipotese_de_sensibilidade,255.49999999999997,204400.0
51453135,600.0,91,conservador,0.4,365,hipotese_de_sensibilidade,146.0,87600.0
51453135,600.0,91,base,0.55,365,hipotese_de_sensibilidade,200.75000000000003,120450.0
51453135,600.0,91,otimista,0.7,365,hipotese_de_sensibilidade,255.49999999999997,153300.0
51507847,400.0,16,conservador,0.4,365,hipotese_de_sensibilidade,146.0,58400.0
51507847,400.0,16,base,0.55,365,hipotese_de_sensibilidade,200.75000000000003,80300.0
51507847,400.0,16,otimista,0.7,365,hipotese_de_sensibilidade,255.49999999999997,102200.0
51669111,800.0,92,conservador,0.4,365,hipotese_de_sensibilidade,146.0,116800.0
51669111,800.0,92,base,0.55,365,hipotese_de_sensibilidade,200.75000000000003,160600.0
51669111,800.0,92,otimista,0.7,365,hipotese_de_sensibilidade,255.49999999999997,204400.0
51683537,400.0,28,conservador,0.4,365,hipotese_de_sensibilidade,146.0,58400.0
51683537,400.0,28,base,0.55,365,hipotese_de_sensibilidade,200.75000000000003,80300.0
51683537,400.0,28,otimista,0.7,365,hipotese_de_sensibilidade,255.49999999999997,102200.0
51785337,308.83334,56,conservador,0.4,365,hipotese_de_sensibilidade,146.0,45089.67
51785337,308.83334,56,base,0.55,365,hipotese_de_sensibilidade,200.75000000000003,61998.29
51785337,308.83334,56,otimista,0.7,365,hipotese_de_sensibilidade,255.49999999999997,78906.92
51825638,650.0,74,conservador,0.4,365,hipotese_de_sensibilidade,146.0,94900.0
51825638,650.0,74,base,0.55,365,hipotese_de_sensibilidade,200.75000000000003,130487.5
51825638,650.0,74,otimista,0.7,365,hipotese_de_sensibilidade,255.49999999999997,166075.0
51861410,700.0,18,conservador,0.4,365,hipotese_de_sensibilidade,146.0,102200.0
51861410,700.0,18,base,0.55,365,hipotese_de_sensibilidade,200.75000000000003,140525.0
51861410,700.0,18,otimista,0.7,365,hipotese_de_sensibilidade,255.49999999999997,178850.0
51866473,450.0,45,conservador,0.4,365,hipotese_de_sensibilidade,146.0,65700.0
51866473,450.0,45,base,0.55,365,hipotese_de_sensibilidade,200.75000000000003,90337.5
51866473,450.0,45,otimista,0.7,365,hipotese_de_sensibilidade,255.49999999999997,114975.0
51983017,549.0,29,conservador,0.4,365,hipotese_de_sensibilidade,146.0,80154.0
51983017,549.0,29,base,0.55,365,hipotese_de_sensibilidade,200.75000000000003,110211.75
51983017,549.0,29,otimista,0.7,365,hipotese_de_sensibilidade,255.49999999999997,140269.5
51990592,959.125,60,conservador,0.4,365,hipotese_de_sensibilidade,146.0,140032.25
51990592,959.125,60,base,0.55,365,hipotese_de_sensibilidade,200.75000000000003,192544.34
51990592,959.125,60,otimista,0.7,365,hipotese_de_sensibilidade,255.49999999999997,245056.44
52025452,400.0,52,conservador,0.4,365,hipotese_de_sensibilidade,146.0,58400.0
52025452,400.0,52,base,0.55,365,hipotese_de_sensibilidade,200.75000000000003,80300.0
52025452,400.0,52,otimista,0.7,365,hipotese_de_sensibilidade,255.49999999999997,102200.0
52059007,1000.0,103,conservador,0.4,365,hipotese_de_sensibilidade,146.0,146000.0
52059007,1000.0,103,base,0.55,365,hipotese_de_sensibilidade,200.75000000000003,200750.0
52059007,1000.0,103,otimista,0.7,365,hipotese_de_sensibilidade,255.49999999999997,255500.0
52172003,317.0,42,conservador,0.4,365,hipotese_de_sensibilidade,146.0,46282.0
52172003,317.0,42,base,0.55,365,hipotese_de_sensibilidade,200.75000000000003,63637.75
52172003,317.0,42,otimista,0.7,365,hipotese_de_sensibilidade,255.49999999999997,80993.5
52214716,1657.0,79,conservador,0.4,365,hipotese_de_sensibilidade,146.0,241922.0
52214716,1657.0,79,base,0.55,365,hipotese_de_sensibilidade,200.75000000000003,332642.75
52214716,1657.0,79,otimista,0.7,365,hipotese_de_sensibilidade,255.49999999999997,423363.5
52266549,600.0,77,conservador,0.4,365,hipotese_de_sensibilidade,146.0,87600.0
52266549,600.0,77,base,0.55,365,hipotese_de_sensibilidade,200.75000000000003,120450.0
52266549,600.0,77,otimista,0.7,365,hipotese_de_sensibilidade,255.49999999999997,153300.0
52346232,890.0,59,conservador,0.4,365,hipotese_de_sensibilidade,146.0,129940.0
52346232,890.0,59,base,0.55,365,hipotese_de_sensibilidade,200.75000000000003,178667.5
52346232,890.0,59,otimista,0.7,365,hipotese_de_sensibilidade,255.49999999999997,227395.0
52348108,400.0,43,conservador,0.4,365,hipotese_de_sensibilidade,146.0,58400.0
52348108,400.0,43,base,0.55,365,hipotese_de_sensibilidade,200.75000000000003,80300.0
52348108,400.0,43,otimista,0.7,365,hipotese_de_sensibilidade,255.49999999999997,102200.0
52354467,450.0,68,conservador,0.4,365,hipotese_de_sensibilidade,146.0,65700.0
52354467,450.0,68,base,0.55,365,hipotese_de_sensibilidade,200.75000000000003,90337.5
52354467,450.0,68,otimista,0.7,365,hipotese_de_sensibilidade,255.49999999999997,114975.0
52358821,600.0,84,conservador,0.4,365,hipotese_de_sensibilidade,146.0,87600.0
52358821,600.0,84,base,0.55,365,hipotese_de_sensibilidade,200.75000000000003,120450.0
52358821,600.0,84,otimista,0.7,365,hipotese_de_sensibilidade,255.49999999999997,153300.0
52365560,300.0,75,conservador,0.4,365,hipotese_de_sensibilidade,146.0,43800.0
52365560,300.0,75,base,0.55,365,hipotese_de_sensibilidade,200.75000000000003,60225.0
52365560,300.0,75,otimista,0.7,365,hipotese_de_sensibilidade,255.49999999999997,76650.0
52472131,600.0,87,conservador,0.4,365,hipotese_de_sensibilidade,146.0,87600.0
52472131,600.0,87,base,0.55,365,hipotese_de_sensibilidade,200.75000000000003,120450.0
52472131,600.0,87,otimista,0.7,365,hipotese_de_sensibilidade,255.49999999999997,153300.0
52474050,780.0,22,conservador,0.4,365,hipotese_de_sensibilidade,146.0,113880.0
52474050,780.0,22,base,0.55,365,hipotese_de_sensibilidade,200.75000000000003,156585.0
52474050,780.0,22,otimista,0.7,365,hipotese_de_sensibilidade,255.49999999999997,199290.0
52530322,450.0,78,conservador,0.4,365,hipotese_de_sensibilidade,146.0,65700.0
52530322,450.0,78,base,0.55,365,hipotese_de_sensibilidade,200.75000000000003,90337.5
52530322,450.0,78,otimista,0.7,365,hipotese_de_sensibilidade,255.49999999999997,114975.0
52536443,340.0,26,conservador,0.4,365,hipotese_de_sensibilidade,146.0,49640.0
52536443,340.0,26,base,0.55,365,hipotese_de_sensibilidade,200.75000000000003,68255.0
52536443,340.0,26,otimista,0.7,365,hipotese_de_sensibilidade,255.49999999999997,86870.0
525472560929976068,1071.8333,86,conservador,0.4,365,hipotese_de_sensibilidade,146.0,156487.66
525472560929976068,1071.8333,86,base,0.55,365,hipotese_de_sensibilidade,200.75000000000003,215170.53
525472560929976068,1071.8333,86,otimista,0.7,365,hipotese_de_sensibilidade,255.49999999999997,273853.41
52596621,774.5,104,conservador,0.4,365,hipotese_de_sensibilidade,146.0,113077.0
52596621,774.5,104,base,0.55,365,hipotese_de_sensibilidade,200.75000000000003,155480.88
52596621,774.5,104,otimista,0.7,365,hipotese_de_sensibilidade,255.49999999999997,197884.75
52619006,450.0,58,conservador,0.4,365,hipotese_de_sensibilidade,146.0,65700.0
52619006,450.0,58,base,0.55,365,hipotese_de_sensibilidade,200.75000000000003,90337.5
52619006,450.0,58,otimista,0.7,365,hipotese_de_sensibilidade,255.49999999999997,114975.0
52646204,899.0,66,conservador,0.4,365,hipotese_de_sensibilidade,146.0,131254.0
52646204,899.0,66,base,0.55,365,hipotese_de_sensibilidade,200.75000000000003,180474.25
52646204,899.0,66,otimista,0.7,365,hipotese_de_sensibilidade,255.49999999999997,229694.5
52650644,600.0,75,conservador,0.4,365,hipotese_de_sensibilidade,146.0,87600.0
52650644,600.0,75,base,0.55,365,hipotese_de_sensibilidade,200.75000000000003,120450.0
52650644,600.0,75,otimista,0.7,365,hipotese_de_sensibilidade,255.49999999999997,153300.0
52652931,390.0,46,conservador,0.4,365,hipotese_de_sensibilidade,146.0,56940.0
52652931,390.0,46,base,0.55,365,hipotese_de_sensibilidade,200.75000000000003,78292.5
52652931,390.0,46,otimista,0.7,365,hipotese_de_sensibilidade,255.49999999999997,99645.0
52758042,3000.0,103,conservador,0.4,365,hipotese_de_sensibilidade,146.0,438000.0
52758042,3000.0,103,base,0.55,365,hipotese_de_sensibilidade,200.75000000000003,602250.0
52758042,3000.0,103,otimista,0.7,365,hipotese_de_sensibilidade,255.49999999999997,766500.0
52826190,300.0,38,conservador,0.4,365,hipotese_de_sensibilidade,146.0,43800.0
52826190,300.0,38,base,0.55,365,hipotese_de_sensibilidade,200.75000000000003,60225.0
52826190,300.0,38,otimista,0.7,365,hipotese_de_sensibilidade,255.49999999999997,76650.0
52884842,1900.0,89,conservador,0.4,365,hipotese_de_sensibilidade,146.0,277400.0
52884842,1900.0,89,base,0.55,365,hipotese_de_sensibilidade,200.75000000000003,381425.0
52884842,1900.0,89,otimista,0.7,365,hipotese_de_sensibilidade,255.49999999999997,485450.0
52969803,350.0,70,conservador,0.4,365,hipotese_de_sensibilidade,146.0,51100.0
52969803,350.0,70,base,0.55,365,hipotese_de_sensibilidade,200.75000000000003,70262.5
52969803,350.0,70,otimista,0.7,365,hipotese_de_sensibilidade,255.49999999999997,89425.0
53008127,300.0,56,conservador,0.4,365,hipotese_de_sensibilidade,146.0,43800.0
53008127,300.0,56,base,0.55,365,hipotese_de_sensibilidade,200.75000000000003,60225.0
53008127,300.0,56,otimista,0.7,365,hipotese_de_sensibilidade,255.49999999999997,76650.0
53113087,602.6667,57,conservador,0.4,365,hipotese_de_sensibilidade,146.0,87989.34
53113087,602.6667,57,base,0.55,365,hipotese_de_sensibilidade,200.75000000000003,120985.34
53113087,602.6667,57,otimista,0.7,365,hipotese_de_sensibilidade,255.49999999999997,153981.34
53133732,673.0,82,conservador,0.4,365,hipotese_de_sensibilidade,146.0,98258.0
53133732,673.0,82,base,0.55,365,hipotese_de_sensibilidade,200.75000000000003,135104.75
53133732,673.0,82,otimista,0.7,365,hipotese_de_sensibilidade,255.49999999999997,171951.5
53143021,600.0,49,conservador,0.4,365,hipotese_de_sensibilidade,146.0,87600.0
53143021,600.0,49,base,0.55,365,hipotese_de_sensibilidade,200.75000000000003,120450.0
53143021,600.0,49,otimista,0.7,365,hipotese_de_sensibilidade,255.49999999999997,153300.0
53154219,585.3333,87,conservador,0.4,365,hipotese_de_sensibilidade,146.0,85458.66
53154219,585.3333,87,base,0.55,365,hipotese_de_sensibilidade,200.75000000000003,117505.66
53154219,585.3333,87,otimista,0.7,365,hipotese_de_sensibilidade,255.49999999999997,149552.66
53175731,1199.0,101,conservador,0.4,365,hipotese_de_sensibilidade,146.0,175054.0
53175731,1199.0,101,base,0.55,365,hipotese_de_sensibilidade,200.75000000000003,240699.25
53175731,1199.0,101,otimista,0.7,365,hipotese_de_sensibilidade,255.49999999999997,306344.5
53190433,800.0,39,conservador,0.4,365,hipotese_de_sensibilidade,146.0,116800.0
53190433,800.0,39,base,0.55,365,hipotese_de_sensibilidade,200.75000000000003,160600.0
53190433,800.0,39,otimista,0.7,365,hipotese_de_sensibilidade,255.49999999999997,204400.0
53195241,1750.0,85,conservador,0.4,365,hipotese_de_sensibilidade,146.0,255500.0
53195241,1750.0,85,base,0.55,365,hipotese_de_sensibilidade,200.75000000000003,351312.5
53195241,1750.0,85,otimista,0.7,365,hipotese_de_sensibilidade,255.49999999999997,447125.0
53240300,990.0,79,conservador,0.4,365,hipotese_de_sensibilidade,146.0,144540.0
53240300,990.0,79,base,0.55,365,hipotese_de_sensibilidade,200.75000000000003,198742.5
53240300,990.0,79,otimista,0.7,365,hipotese_de_sensibilidade,255.49999999999997,252945.0
53280496,380.0,35,conservador,0.4,365,hipotese_de_sensibilidade,146.0,55480.0
53280496,380.0,35,base,0.55,365,hipotese_de_sensibilidade,200.75000000000003,76285.0
53280496,380.0,35,otimista,0.7,365,hipotese_de_sensibilidade,255.49999999999997,97090.0
53314692,662.875,60,conservador,0.4,365,hipotese_de_sensibilidade,146.0,96779.75
53314692,662.875,60,base,0.55,365,hipotese_de_sensibilidade,200.75000000000003,133072.16
53314692,662.875,60,otimista,0.7,365,hipotese_de_sensibilidade,255.49999999999997,169364.56
53325047,450.0,50,conservador,0.4,365,hipotese_de_sensibilidade,146.0,65700.0
53325047,450.0,50,base,0.55,365,hipotese_de_sensibilidade,200.75000000000003,90337.5
53325047,450.0,50,otimista,0.7,365,hipotese_de_sensibilidade,255.49999999999997,114975.0
53337464,550.0,89,conservador,0.4,365,hipotese_de_sensibilidade,146.0,80300.0
53337464,550.0,89,base,0.55,365,hipotese_de_sensibilidade,200.75000000000003,110412.5
53337464,550.0,89,otimista,0.7,365,hipotese_de_sensibilidade,255.49999999999997,140525.0
53340772,400.0,69,conservador,0.4,365,hipotese_de_sensibilidade,146.0,58400.0
53340772,400.0,69,base,0.55,365,hipotese_de_sensibilidade,200.75000000000003,80300.0
53340772,400.0,69,otimista,0.7,365,hipotese_de_sensibilidade,255.49999999999997,102200.0
53365226,405.0,54,conservador,0.4,365,hipotese_de_sensibilidade,146.0,59130.0
53365226,405.0,54,base,0.55,365,hipotese_de_sensibilidade,200.75000000000003,81303.75
53365226,405.0,54,otimista,0.7,365,hipotese_de_sensibilidade,255.49999999999997,103477.5
53445765,360.0,58,conservador,0.4,365,hipotese_de_sensibilidade,146.0,52560.0
53445765,360.0,58,base,0.55,365,hipotese_de_sensibilidade,200.75000000000003,72270.0
53445765,360.0,58,otimista,0.7,365,hipotese_de_sensibilidade,255.49999999999997,91980.0
53448627,505.0,26,conservador,0.4,365,hipotese_de_sensibilidade,146.0,73730.0
53448627,505.0,26,base,0.55,365,hipotese_de_sensibilidade,200.75000000000003,101378.75
53448627,505.0,26,otimista,0.7,365,hipotese_de_sensibilidade,255.49999999999997,129027.5
53458717,380.0,51,conservador,0.4,365,hipotese_de_sensibilidade,146.0,55480.0
53458717,380.0,51,base,0.55,365,hipotese_de_sensibilidade,200.75000000000003,76285.0
53458717,380.0,51,otimista,0.7,365,hipotese_de_sensibilidade,255.49999999999997,97090.0
53474066,850.0,39,conservador,0.4,365,hipotese_de_sensibilidade,146.0,124100.0
53474066,850.0,39,base,0.55,365,hipotese_de_sensibilidade,200.75000000000003,170637.5
53474066,850.0,39,otimista,0.7,365,hipotese_de_sensibilidade,255.49999999999997,217175.0
53492577,300.0,28,conservador,0.4,365,hipotese_de_sensibilidade,146.0,43800.0
53492577,300.0,28,base,0.55,365,hipotese_de_sensibilidade,200.75000000000003,60225.0
53492577,300.0,28,otimista,0.7,365,hipotese_de_sensibilidade,255.49999999999997,76650.0
53581602,500.0,70,conservador,0.4,365,hipotese_de_sensibilidade,146.0,73000.0
53581602,500.0,70,base,0.55,365,hipotese_de_sensibilidade,200.75000000000003,100375.0
53581602,500.0,70,otimista,0.7,365,hipotese_de_sensibilidade,255.49999999999997,127750.0
53605382,700.0,39,conservador,0.4,365,hipotese_de_sensibilidade,146.0,102200.0
53605382,700.0,39,base,0.55,365,hipotese_de_sensibilidade,200.75000000000003,140525.0
53605382,700.0,39,otimista,0.7,365,hipotese_de_sensibilidade,255.49999999999997,178850.0
53643568,769.0,25,conservador,0.4,365,hipotese_de_sensibilidade,146.0,112274.0
53643568,769.0,25,base,0.55,365,hipotese_de_sensibilidade,200.75000000000003,154376.75
53643568,769.0,25,otimista,0.7,365,hipotese_de_sensibilidade,255.49999999999997,196479.5
53645678,695.0,61,conservador,0.4,365,hipotese_de_sensibilidade,146.0,101470.0
53645678,695.0,61,base,0.55,365,hipotese_de_sensibilidade,200.75000000000003,139521.25
53645678,695.0,61,otimista,0.7,365,hipotese_de_sensibilidade,255.49999999999997,177572.5
53656846,400.0,43,conservador,0.4,365,hipotese_de_sensibilidade,146.0,58400.0
53656846,400.0,43,base,0.55,365,hipotese_de_sensibilidade,200.75000000000003,80300.0
53656846,400.0,43,otimista,0.7,365,hipotese_de_sensibilidade,255.49999999999997,102200.0
53669499,543.0,58,conservador,0.4,365,hipotese_de_sensibilidade,146.0,79278.0
53669499,543.0,58,base,0.55,365,hipotese_de_sensibilidade,200.75000000000003,109007.25
53669499,543.0,58,otimista,0.7,365,hipotese_de_sensibilidade,255.49999999999997,138736.5
53671997,300.0,23,conservador,0.4,365,hipotese_de_sensibilidade,146.0,43800.0
53671997,300.0,23,base,0.55,365,hipotese_de_sensibilidade,200.75000000000003,60225.0
53671997,300.0,23,otimista,0.7,365,hipotese_de_sensibilidade,255.49999999999997,76650.0
53717416,584.5,76,conservador,0.4,365,hipotese_de_sensibilidade,146.0,85337.0
53717416,584.5,76,base,0.55,365,hipotese_de_sensibilidade,200.75000000000003,117338.38
53717416,584.5,76,otimista,0.7,365,hipotese_de_sensibilidade,255.49999999999997,149339.75
53733977,350.0,38,conservador,0.4,365,hipotese_de_sensibilidade,146.0,51100.0
53733977,350.0,38,base,0.55,365,hipotese_de_sensibilidade,200.75000000000003,70262.5
53733977,350.0,38,otimista,0.7,365,hipotese_de_sensibilidade,255.49999999999997,89425.0
53738511,466.0,64,conservador,0.4,365,hipotese_de_sensibilidade,146.0,68036.0
53738511,466.0,64,base,0.55,365,hipotese_de_sensibilidade,200.75000000000003,93549.5
53738511,466.0,64,otimista,0.7,365,hipotese_de_sensibilidade,255.49999999999997,119063.0
53794321,549.0,67,conservador,0.4,365,hipotese_de_sensibilidade,146.0,80154.0
53794321,549.0,67,base,0.55,365,hipotese_de_sensibilidade,200.75000000000003,110211.75
53794321,549.0,67,otimista,0.7,365,hipotese_de_sensibilidade,255.49999999999997,140269.5
53796581,1000.0,57,conservador,0.4,365,hipotese_de_sensibilidade,146.0,146000.0
53796581,1000.0,57,base,0.55,365,hipotese_de_sensibilidade,200.75000000000003,200750.0
53796581,1000.0,57,otimista,0.7,365,hipotese_de_sensibilidade,255.49999999999997,255500.0
53803935,604.3333,26,conservador,0.4,365,hipotese_de_sensibilidade,146.0,88232.66
53803935,604.3333,26,base,0.55,365,hipotese_de_sensibilidade,200.75000000000003,121319.91
53803935,604.3333,26,otimista,0.7,365,hipotese_de_sensibilidade,255.49999999999997,154407.16
53815397,180.0,72,conservador,0.4,365,hipotese_de_sensibilidade,146.0,26280.0
53815397,180.0,72,base,0.55,365,hipotese_de_sensibilidade,200.75000000000003,36135.0
53815397,180.0,72,otimista,0.7,365,hipotese_de_sensibilidade,255.49999999999997,45990.0
53825192,633.0,50,conservador,0.4,365,hipotese_de_sensibilidade,146.0,92418.0
53825192,633.0,50,base,0.55,365,hipotese_de_sensibilidade,200.75000000000003,127074.75
53825192,633.0,50,otimista,0.7,365,hipotese_de_sensibilidade,255.49999999999997,161731.5
53893648,550.0,56,conservador,0.4,365,hipotese_de_sensibilidade,146.0,80300.0
53893648,550.0,56,base,0.55,365,hipotese_de_sensibilidade,200.75000000000003,110412.5
53893648,550.0,56,otimista,0.7,365,hipotese_de_sensibilidade,255.49999999999997,140525.0
53899162,290.0,72,conservador,0.4,365,hipotese_de_sensibilidade,146.0,42340.0
53899162,290.0,72,base,0.55,365,hipotese_de_sensibilidade,200.75000000000003,58217.5
53899162,290.0,72,otimista,0.7,365,hipotese_de_sensibilidade,255.49999999999997,74095.0
53903158,1090.0,72,conservador,0.4,365,hipotese_de_sensibilidade,146.0,159140.0
53903158,1090.0,72,base,0.55,365,hipotese_de_sensibilidade,200.75000000000003,218817.5
53903158,1090.0,72,otimista,0.7,365,hipotese_de_sensibilidade,255.49999999999997,278495.0
53914255,390.0,47,conservador,0.4,365,hipotese_de_sensibilidade,146.0,56940.0
53914255,390.0,47,base,0.55,365,hipotese_de_sensibilidade,200.75000000000003,78292.5
53914255,390.0,47,otimista,0.7,365,hipotese_de_sensibilidade,255.49999999999997,99645.0
53915734,450.0,64,conservador,0.4,365,hipotese_de_sensibilidade,146.0,65700.0
53915734,450.0,64,base,0.55,365,hipotese_de_sensibilidade,200.75000000000003,90337.5
53915734,450.0,64,otimista,0.7,365,hipotese_de_sensibilidade,255.49999999999997,114975.0
53918137,415.5,62,conservador,0.4,365,hipotese_de_sensibilidade,146.0,60663.0
53918137,415.5,62,base,0.55,365,hipotese_de_sensibilidade,200.75000000000003,83411.63
53918137,415.5,62,otimista,0.7,365,hipotese_de_sensibilidade,255.49999999999997,106160.25
53936201,822.0,43,conservador,0.4,365,hipotese_de_sensibilidade,146.0,120012.0
53936201,822.0,43,base,0.55,365,hipotese_de_sensibilidade,200.75000000000003,165016.5
53936201,822.0,43,otimista,0.7,365,hipotese_de_sensibilidade,255.49999999999997,210021.0
53972959,899.0,73,conservador,0.4,365,hipotese_de_sensibilidade,146.0,131254.0
53972959,899.0,73,base,0.55,365,hipotese_de_sensibilidade,200.75000000000003,180474.25
53972959,899.0,73,otimista,0.7,365,hipotese_de_sensibilidade,255.49999999999997,229694.5
53973724,589.0,69,conservador,0.4,365,hipotese_de_sensibilidade,146.0,85994.0
53973724,589.0,69,base,0.55,365,hipotese_de_sensibilidade,200.75000000000003,118241.75
53973724,589.0,69,otimista,0.7,365,hipotese_de_sensibilidade,255.49999999999997,150489.5
53986731,300.0,15,conservador,0.4,365,hipotese_de_sensibilidade,146.0,43800.0
53986731,300.0,15,base,0.55,365,hipotese_de_sensibilidade,200.75000000000003,60225.0
53986731,300.0,15,otimista,0.7,365,hipotese_de_sensibilidade,255.49999999999997,76650.0
54005716,800.0,43,conservador,0.4,365,hipotese_de_sensibilidade,146.0,116800.0
54005716,800.0,43,base,0.55,365,hipotese_de_sensibilidade,200.75000000000003,160600.0
54005716,800.0,43,otimista,0.7,365,hipotese_de_sensibilidade,255.49999999999997,204400.0
54020562,350.0,29,conservador,0.4,365,hipotese_de_sensibilidade,146.0,51100.0
54020562,350.0,29,base,0.55,365,hipotese_de_sensibilidade,200.75000000000003,70262.5
54020562,350.0,29,otimista,0.7,365,hipotese_de_sensibilidade,255.49999999999997,89425.0
54145466,2000.0,89,conservador,0.4,365,hipotese_de_sensibilidade,146.0,292000.0
54145466,2000.0,89,base,0.55,365,hipotese_de_sensibilidade,200.75000000000003,401500.0
54145466,2000.0,89,otimista,0.7,365,hipotese_de_sensibilidade,255.49999999999997,511000.0
54167570,1400.0,81,conservador,0.4,365,hipotese_de_sensibilidade,146.0,204400.0
54167570,1400.0,81,base,0.55,365,hipotese_de_sensibilidade,200.75000000000003,281050.0
54167570,1400.0,81,otimista,0.7,365,hipotese_de_sensibilidade,255.49999999999997,357700.0
54237040,700.0,66,conservador,0.4,365,hipotese_de_sensibilidade,146.0,102200.0
54237040,700.0,66,base,0.55,365,hipotese_de_sensibilidade,200.75000000000003,140525.0
54237040,700.0,66,otimista,0.7,365,hipotese_de_sensibilidade,255.49999999999997,178850.0
54245203,578.0,23,conservador,0.4,365,hipotese_de_sensibilidade,146.0,84388.0
54245203,578.0,23,base,0.55,365,hipotese_de_sensibilidade,200.75000000000003,116033.5
54245203,578.0,23,otimista,0.7,365,hipotese_de_sensibilidade,255.49999999999997,147679.0
54246694,800.0,89,conservador,0.4,365,hipotese_de_sensibilidade,146.0,116800.0
54246694,800.0,89,base,0.55,365,hipotese_de_sensibilidade,200.75000000000003,160600.0
54246694,800.0,89,otimista,0.7,365,hipotese_de_sensibilidade,255.49999999999997,204400.0
54287612,399.0,63,conservador,0.4,365,hipotese_de_sensibilidade,146.0,58254.0
54287612,399.0,63,base,0.55,365,hipotese_de_sensibilidade,200.75000000000003,80099.25
54287612,399.0,63,otimista,0.7,365,hipotese_de_sensibilidade,255.49999999999997,101944.5
543584528464360785,350.0,60,conservador,0.4,365,hipotese_de_sensibilidade,146.0,51100.0
543584528464360785,350.0,60,base,0.55,365,hipotese_de_sensibilidade,200.75000000000003,70262.5
543584528464360785,350.0,60,otimista,0.7,365,hipotese_de_sensibilidade,255.49999999999997,89425.0
54365625,700.0,81,conservador,0.4,365,hipotese_de_sensibilidade,146.0,102200.0
54365625,700.0,81,base,0.55,365,hipotese_de_sensibilidade,200.75000000000003,140525.0
54365625,700.0,81,otimista,0.7,365,hipotese_de_sensibilidade,255.49999999999997,178850.0
5443557,793.0,81,conservador,0.4,365,hipotese_de_sensibilidade,146.0,115778.0
5443557,793.0,81,base,0.55,365,hipotese_de_sensibilidade,200.75000000000003,159194.75
5443557,793.0,81,otimista,0.7,365,hipotese_de_sensibilidade,255.49999999999997,202611.5
549056203343531816,650.0,48,conservador,0.4,365,hipotese_de_sensibilidade,146.0,94900.0
549056203343531816,650.0,48,base,0.55,365,hipotese_de_sensibilidade,200.75000000000003,130487.5
549056203343531816,650.0,48,otimista,0.7,365,hipotese_de_sensibilidade,255.49999999999997,166075.0
552912581186899747,1300.0,49,conservador,0.4,365,hipotese_de_sensibilidade,146.0,189800.0
552912581186899747,1300.0,49,base,0.55,365,hipotese_de_sensibilidade,200.75000000000003,260975.0
552912581186899747,1300.0,49,otimista,0.7,365,hipotese_de_sensibilidade,255.49999999999997,332150.0
553578003486746447,650.0,15,conservador,0.4,365,hipotese_de_sensibilidade,146.0,94900.0
553578003486746447,650.0,15,base,0.55,365,hipotese_de_sensibilidade,200.75000000000003,130487.5
553578003486746447,650.0,15,otimista,0.7,365,hipotese_de_sensibilidade,255.49999999999997,166075.0
557386903732882183,1000.0,53,conservador,0.4,365,hipotese_de_sensibilidade,146.0,146000.0
557386903732882183,1000.0,53,base,0.55,365,hipotese_de_sensibilidade,200.75000000000003,200750.0
557386903732882183,1000.0,53,otimista,0.7,365,hipotese_de_sensibilidade,255.49999999999997,255500.0
572368704250611987,550.0,36,conservador,0.4,365,hipotese_de_sensibilidade,146.0,80300.0
572368704250611987,550.0,36,base,0.55,365,hipotese_de_sensibilidade,200.75000000000003,110412.5
572368704250611987,550.0,36,otimista,0.7,365,hipotese_de_sensibilidade,255.49999999999997,140525.0
573122310094338767,700.0,44,conservador,0.4,365,hipotese_de_sensibilidade,146.0,102200.0
573122310094338767,700.0,44,base,0.55,365,hipotese_de_sensibilidade,200.75000000000003,140525.0
573122310094338767,700.0,44,otimista,0.7,365,hipotese_de_sensibilidade,255.49999999999997,178850.0
577333685681759877,498.0,38,conservador,0.4,365,hipotese_de_sensibilidade,146.0,72708.0
577333685681759877,498.0,38,base,0.55,365,hipotese_de_sensibilidade,200.75000000000003,99973.5
577333685681759877,498.0,38,otimista,0.7,365,hipotese_de_sensibilidade,255.49999999999997,127239.0
577547502503396579,650.0,58,conservador,0.4,365,hipotese_de_sensibilidade,146.0,94900.0
577547502503396579,650.0,58,base,0.55,365,hipotese_de_sensibilidade,200.75000000000003,130487.5
577547502503396579,650.0,58,otimista,0.7,365,hipotese_de_sensibilidade,255.49999999999997,166075.0
580407424598756855,365.0,23,conservador,0.4,365,hipotese_de_sensibilidade,146.0,53290.0
580407424598756855,365.0,23,base,0.55,365,hipotese_de_sensibilidade,200.75000000000003,73273.75
580407424598756855,365.0,23,otimista,0.7,365,hipotese_de_sensibilidade,255.49999999999997,93257.5
580589381711973141,350.0,52,conservador,0.4,365,hipotese_de_sensibilidade,146.0,51100.0
580589381711973141,350.0,52,base,0.55,365,hipotese_de_sensibilidade,200.75000000000003,70262.5
580589381711973141,350.0,52,otimista,0.7,365,hipotese_de_sensibilidade,255.49999999999997,89425.0
599368528094352718,302.5,24,conservador,0.4,365,hipotese_de_sensibilidade,146.0,44165.0
599368528094352718,302.5,24,base,0.55,365,hipotese_de_sensibilidade,200.75000000000003,60726.88
599368528094352718,302.5,24,otimista,0.7,365,hipotese_de_sensibilidade,255.49999999999997,77288.75
604521043281534642,1080.0,27,conservador,0.4,365,hipotese_de_sensibilidade,146.0,157680.0
604521043281534642,1080.0,27,base,0.55,365,hipotese_de_sensibilidade,200.75000000000003,216810.0
604521043281534642,1080.0,27,otimista,0.7,365,hipotese_de_sensibilidade,255.49999999999997,275940.0
605748852048435444,400.0,61,conservador,0.4,365,hipotese_de_sensibilidade,146.0,58400.0
605748852048435444,400.0,61,base,0.55,365,hipotese_de_sensibilidade,200.75000000000003,80300.0
605748852048435444,400.0,61,otimista,0.7,365,hipotese_de_sensibilidade,255.49999999999997,102200.0
610155932497817911,518.0,65,conservador,0.4,365,hipotese_de_sensibilidade,146.0,75628.0
610155932497817911,518.0,65,base,0.55,365,hipotese_de_sensibilidade,200.75000000000003,103988.5
610155932497817911,518.0,65,otimista,0.7,365,hipotese_de_sensibilidade,255.49999999999997,132349.0
612245203931813020,700.0,66,conservador,0.4,365,hipotese_de_sensibilidade,146.0,102200.0
612245203931813020,700.0,66,base,0.55,365,hipotese_de_sensibilidade,200.75000000000003,140525.0
612245203931813020,700.0,66,otimista,0.7,365,hipotese_de_sensibilidade,255.49999999999997,178850.0
613221032690703355,711.0,48,conservador,0.4,365,hipotese_de_sensibilidade,146.0,103806.0
613221032690703355,711.0,48,base,0.55,365,hipotese_de_sensibilidade,200.75000000000003,142733.25
613221032690703355,711.0,48,otimista,0.7,365,hipotese_de_sensibilidade,255.49999999999997,181660.5
618150693526656201,249.0,48,conservador,0.4,365,hipotese_de_sensibilidade,146.0,36354.0
618150693526656201,249.0,48,base,0.55,365,hipotese_de_sensibilidade,200.75000000000003,49986.75
618150693526656201,249.0,48,otimista,0.7,365,hipotese_de_sensibilidade,255.49999999999997,63619.5
618943952389206201,400.0,80,conservador,0.4,365,hipotese_de_sensibilidade,146.0,58400.0
618943952389206201,400.0,80,base,0.55,365,hipotese_de_sensibilidade,200.75000000000003,80300.0
618943952389206201,400.0,80,otimista,0.7,365,hipotese_de_sensibilidade,255.49999999999997,102200.0
621626596784793972,500.0,43,conservador,0.4,365,hipotese_de_sensibilidade,146.0,73000.0
621626596784793972,500.0,43,base,0.55,365,hipotese_de_sensibilidade,200.75000000000003,100375.0
621626596784793972,500.0,43,otimista,0.7,365,hipotese_de_sensibilidade,255.49999999999997,127750.0
622878708674009200,650.0,74,conservador,0.4,365,hipotese_de_sensibilidade,146.0,94900.0
622878708674009200,650.0,74,base,0.55,365,hipotese_de_sensibilidade,200.75000000000003,130487.5
622878708674009200,650.0,74,otimista,0.7,365,hipotese_de_sensibilidade,255.49999999999997,166075.0
627388721154300829,475.0,26,conservador,0.4,365,hipotese_de_sensibilidade,146.0,69350.0
627388721154300829,475.0,26,base,0.55,365,hipotese_de_sensibilidade,200.75000000000003,95356.25
627388721154300829,475.0,26,otimista,0.7,365,hipotese_de_sensibilidade,255.49999999999997,121362.5
628897724940732017,975.0,25,conservador,0.4,365,hipotese_de_sensibilidade,146.0,142350.0
628897724940732017,975.0,25,base,0.55,365,hipotese_de_sensibilidade,200.75000000000003,195731.25
628897724940732017,975.0,25,otimista,0.7,365,hipotese_de_sensibilidade,255.49999999999997,249112.5
629724091250673746,575.0,71,conservador,0.4,365,hipotese_de_sensibilidade,146.0,83950.0
629724091250673746,575.0,71,base,0.55,365,hipotese_de_sensibilidade,200.75000000000003,115431.25
629724091250673746,575.0,71,otimista,0.7,365,hipotese_de_sensibilidade,255.49999999999997,146912.5
630326155301078742,350.0,37,conservador,0.4,365,hipotese_de_sensibilidade,146.0,51100.0
630326155301078742,350.0,37,base,0.55,365,hipotese_de_sensibilidade,200.75000000000003,70262.5
630326155301078742,350.0,37,otimista,0.7,365,hipotese_de_sensibilidade,255.49999999999997,89425.0
633809099013662442,450.0,42,conservador,0.4,365,hipotese_de_sensibilidade,146.0,65700.0
633809099013662442,450.0,42,base,0.55,365,hipotese_de_sensibilidade,200.75000000000003,90337.5
633809099013662442,450.0,42,otimista,0.7,365,hipotese_de_sensibilidade,255.49999999999997,114975.0
639216644351145145,900.0,16,conservador,0.4,365,hipotese_de_sensibilidade,146.0,131400.0
639216644351145145,900.0,16,base,0.55,365,hipotese_de_sensibilidade,200.75000000000003,180675.0
639216644351145145,900.0,16,otimista,0.7,365,hipotese_de_sensibilidade,255.49999999999997,229950.0
645092818132652927,320.0,29,conservador,0.4,365,hipotese_de_sensibilidade,146.0,46720.0
645092818132652927,320.0,29,base,0.55,365,hipotese_de_sensibilidade,200.75000000000003,64240.0
645092818132652927,320.0,29,otimista,0.7,365,hipotese_de_sensibilidade,255.49999999999997,81760.0
6569062,750.0,101,conservador,0.4,365,hipotese_de_sensibilidade,146.0,109500.0
6569062,750.0,101,base,0.55,365,hipotese_de_sensibilidade,200.75000000000003,150562.5
6569062,750.0,101,otimista,0.7,365,hipotese_de_sensibilidade,255.49999999999997,191625.0
667324814851452653,800.0,67,conservador,0.4,365,hipotese_de_sensibilidade,146.0,116800.0
667324814851452653,800.0,67,base,0.55,365,hipotese_de_sensibilidade,200.75000000000003,160600.0
667324814851452653,800.0,67,otimista,0.7,365,hipotese_de_sensibilidade,255.49999999999997,204400.0
668715506986619718,720.0,45,conservador,0.4,365,hipotese_de_sensibilidade,146.0,105120.0
668715506986619718,720.0,45,base,0.55,365,hipotese_de_sensibilidade,200.75000000000003,144540.0
668715506986619718,720.0,45,otimista,0.7,365,hipotese_de_sensibilidade,255.49999999999997,183960.0
670778657683556451,976.0,41,conservador,0.4,365,hipotese_de_sensibilidade,146.0,142496.0
670778657683556451,976.0,41,base,0.55,365,hipotese_de_sensibilidade,200.75000000000003,195932.0
670778657683556451,976.0,41,otimista,0.7,365,hipotese_de_sensibilidade,255.49999999999997,249368.0
673825002694927178,920.0,42,conservador,0.4,365,hipotese_de_sensibilidade,146.0,134320.0
673825002694927178,920.0,42,base,0.55,365,hipotese_de_sensibilidade,200.75000000000003,184690.0
673825002694927178,920.0,42,otimista,0.7,365,hipotese_de_sensibilidade,255.49999999999997,235060.0
673826204715344716,1058.0,53,conservador,0.4,365,hipotese_de_sensibilidade,146.0,154468.0
673826204715344716,1058.0,53,base,0.55,365,hipotese_de_sensibilidade,200.75000000000003,212393.5
673826204715344716,1058.0,53,otimista,0.7,365,hipotese_de_sensibilidade,255.49999999999997,270319.0
673826267743797671,704.0,27,conservador,0.4,365,hipotese_de_sensibilidade,146.0,102784.0
673826267743797671,704.0,27,base,0.55,365,hipotese_de_sensibilidade,200.75000000000003,141328.0
673826267743797671,704.0,27,otimista,0.7,365,hipotese_de_sensibilidade,255.49999999999997,179872.0
674566887638611404,600.0,42,conservador,0.4,365,hipotese_de_sensibilidade,146.0,87600.0
674566887638611404,600.0,42,base,0.55,365,hipotese_de_sensibilidade,200.75000000000003,120450.0
674566887638611404,600.0,42,otimista,0.7,365,hipotese_de_sensibilidade,255.49999999999997,153300.0
675242237586865339,464.0,75,conservador,0.4,365,hipotese_de_sensibilidade,146.0,67744.0
675242237586865339,464.0,75,base,0.55,365,hipotese_de_sensibilidade,200.75000000000003,93148.0
675242237586865339,464.0,75,otimista,0.7,365,hipotese_de_sensibilidade,255.49999999999997,118552.0
676838365540390245,250.0,20,conservador,0.4,365,hipotese_de_sensibilidade,146.0,36500.0
676838365540390245,250.0,20,base,0.55,365,hipotese_de_sensibilidade,200.75000000000003,50187.5
676838365540390245,250.0,20,otimista,0.7,365,hipotese_de_sensibilidade,255.49999999999997,63875.0
678242953903453952,350.0,49,conservador,0.4,365,hipotese_de_sensibilidade,146.0,51100.0
678242953903453952,350.0,49,base,0.55,365,hipotese_de_sensibilidade,200.75000000000003,70262.5
678242953903453952,350.0,49,otimista,0.7,365,hipotese_de_sensibilidade,255.49999999999997,89425.0
679166677359467385,937.0,78,conservador,0.4,365,hipotese_de_sensibilidade,146.0,136802.0
679166677359467385,937.0,78,base,0.55,365,hipotese_de_sensibilidade,200.75000000000003,188102.75
679166677359467385,937.0,78,otimista,0.7,365,hipotese_de_sensibilidade,255.49999999999997,239403.5
681139047695558927,219.0,47,conservador,0.4,365,hipotese_de_sensibilidade,146.0,31974.0
681139047695558927,219.0,47,base,0.55,365,hipotese_de_sensibilidade,200.75000000000003,43964.25
681139047695558927,219.0,47,otimista,0.7,365,hipotese_de_sensibilidade,255.49999999999997,55954.5
681894806923375678,648.0,39,conservador,0.4,365,hipotese_de_sensibilidade,146.0,94608.0
681894806923375678,648.0,39,base,0.55,365,hipotese_de_sensibilidade,200.75000000000003,130086.0
681894806923375678,648.0,39,otimista,0.7,365,hipotese_de_sensibilidade,255.49999999999997,165564.0
684782448665574114,635.0,60,conservador,0.4,365,hipotese_de_sensibilidade,146.0,92710.0
684782448665574114,635.0,60,base,0.55,365,hipotese_de_sensibilidade,200.75000000000003,127476.25
684782448665574114,635.0,60,otimista,0.7,365,hipotese_de_sensibilidade,255.49999999999997,162242.5
686743101124580615,648.0,27,conservador,0.4,365,hipotese_de_sensibilidade,146.0,94608.0
686743101124580615,648.0,27,base,0.55,365,hipotese_de_sensibilidade,200.75000000000003,130086.0
686743101124580615,648.0,27,otimista,0.7,365,hipotese_de_sensibilidade,255.49999999999997,165564.0
687757820659405525,557.5,90,conservador,0.4,365,hipotese_de_sensibilidade,146.0,81395.0
687757820659405525,557.5,90,base,0.55,365,hipotese_de_sensibilidade,200.75000000000003,111918.13
687757820659405525,557.5,90,otimista,0.7,365,hipotese_de_sensibilidade,255.49999999999997,142441.25
693024169316156606,562.0,44,conservador,0.4,365,hipotese_de_sensibilidade,146.0,82052.0
693024169316156606,562.0,44,base,0.55,365,hipotese_de_sensibilidade,200.75000000000003,112821.5
693024169316156606,562.0,44,otimista,0.7,365,hipotese_de_sensibilidade,255.49999999999997,143591.0
694313018923554703,1040.0,29,conservador,0.4,365,hipotese_de_sensibilidade,146.0,151840.0
694313018923554703,1040.0,29,base,0.55,365,hipotese_de_sensibilidade,200.75000000000003,208780.0
694313018923554703,1040.0,29,otimista,0.7,365,hipotese_de_sensibilidade,255.49999999999997,265720.0
694947516825280143,330.0,23,conservador,0.4,365,hipotese_de_sensibilidade,146.0,48180.0
694947516825280143,330.0,23,base,0.55,365,hipotese_de_sensibilidade,200.75000000000003,66247.5
694947516825280143,330.0,23,otimista,0.7,365,hipotese_de_sensibilidade,255.49999999999997,84315.0
703527486074504582,300.0,74,conservador,0.4,365,hipotese_de_sensibilidade,146.0,43800.0
703527486074504582,300.0,74,base,0.55,365,hipotese_de_sensibilidade,200.75000000000003,60225.0
703527486074504582,300.0,74,otimista,0.7,365,hipotese_de_sensibilidade,255.49999999999997,76650.0
703538637731385185,402.0,76,conservador,0.4,365,hipotese_de_sensibilidade,146.0,58692.0
703538637731385185,402.0,76,base,0.55,365,hipotese_de_sensibilidade,200.75000000000003,80701.5
703538637731385185,402.0,76,otimista,0.7,365,hipotese_de_sensibilidade,255.49999999999997,102711.0
703678241822238330,300.0,60,conservador,0.4,365,hipotese_de_sensibilidade,146.0,43800.0
703678241822238330,300.0,60,base,0.55,365,hipotese_de_sensibilidade,200.75000000000003,60225.0
703678241822238330,300.0,60,otimista,0.7,365,hipotese_de_sensibilidade,255.49999999999997,76650.0
705946468067026302,380.0,60,conservador,0.4,365,hipotese_de_sensibilidade,146.0,55480.0
705946468067026302,380.0,60,base,0.55,365,hipotese_de_sensibilidade,200.75000000000003,76285.0
705946468067026302,380.0,60,otimista,0.7,365,hipotese_de_sensibilidade,255.49999999999997,97090.0
708045427082372124,1250.0,93,conservador,0.4,365,hipotese_de_sensibilidade,146.0,182500.0
708045427082372124,1250.0,93,base,0.55,365,hipotese_de_sensibilidade,200.75000000000003,250937.5
708045427082372124,1250.0,93,otimista,0.7,365,hipotese_de_sensibilidade,255.49999999999997,319375.0
711032530664362412,149.0,35,conservador,0.4,365,hipotese_de_sensibilidade,146.0,21754.0
711032530664362412,149.0,35,base,0.55,365,hipotese_de_sensibilidade,200.75000000000003,29911.75
711032530664362412,149.0,35,otimista,0.7,365,hipotese_de_sensibilidade,255.49999999999997,38069.5
716703779507124462,790.0,72,conservador,0.4,365,hipotese_de_sensibilidade,146.0,115340.0
716703779507124462,790.0,72,base,0.55,365,hipotese_de_sensibilidade,200.75000000000003,158592.5
716703779507124462,790.0,72,otimista,0.7,365,hipotese_de_sensibilidade,255.49999999999997,201845.0
718922870189236806,2100.0,29,conservador,0.4,365,hipotese_de_sensibilidade,146.0,306600.0
718922870189236806,2100.0,29,base,0.55,365,hipotese_de_sensibilidade,200.75000000000003,421575.0
718922870189236806,2100.0,29,otimista,0.7,365,hipotese_de_sensibilidade,255.49999999999997,536550.0
719355891470345652,500.0,78,conservador,0.4,365,hipotese_de_sensibilidade,146.0,73000.0
719355891470345652,500.0,78,base,0.55,365,hipotese_de_sensibilidade,200.75000000000003,100375.0
719355891470345652,500.0,78,otimista,0.7,365,hipotese_de_sensibilidade,255.49999999999997,127750.0
721143022842232721,500.0,59,conservador,0.4,365,hipotese_de_sensibilidade,146.0,73000.0
721143022842232721,500.0,59,base,0.55,365,hipotese_de_sensibilidade,200.75000000000003,100375.0
721143022842232721,500.0,59,otimista,0.7,365,hipotese_de_sensibilidade,255.49999999999997,127750.0
721635424816164605,755.3333,59,conservador,0.4,365,hipotese_de_sensibilidade,146.0,110278.66
721635424816164605,755.3333,59,base,0.55,365,hipotese_de_sensibilidade,200.75000000000003,151633.16
721635424816164605,755.3333,59,otimista,0.7,365,hipotese_de_sensibilidade,255.49999999999997,192987.66
725867973010290782,480.0,66,conservador,0.4,365,hipotese_de_sensibilidade,146.0,70080.0
725867973010290782,480.0,66,base,0.55,365,hipotese_de_sensibilidade,200.75000000000003,96360.0
725867973010290782,480.0,66,otimista,0.7,365,hipotese_de_sensibilidade,255.49999999999997,122640.0
728531681504670920,133.5,37,conservador,0.4,365,hipotese_de_sensibilidade,146.0,19491.0
728531681504670920,133.5,37,base,0.55,365,hipotese_de_sensibilidade,200.75000000000003,26800.13
728531681504670920,133.5,37,otimista,0.7,365,hipotese_de_sensibilidade,255.49999999999997,34109.25
730437501239201082,708.33335,84,conservador,0.4,365,hipotese_de_sensibilidade,146.0,103416.67
730437501239201082,708.33335,84,base,0.55,365,hipotese_de_sensibilidade,200.75000000000003,142197.92
730437501239201082,708.33335,84,otimista,0.7,365,hipotese_de_sensibilidade,255.49999999999997,180979.17
730553947980169722,843.75,78,conservador,0.4,365,hipotese_de_sensibilidade,146.0,123187.5
730553947980169722,843.75,78,base,0.55,365,hipotese_de_sensibilidade,200.75000000000003,169382.81
730553947980169722,843.75,78,otimista,0.7,365,hipotese_de_sensibilidade,255.49999999999997,215578.12
731853350375474350,700.0,34,conservador,0.4,365,hipotese_de_sensibilidade,146.0,102200.0
731853350375474350,700.0,34,base,0.55,365,hipotese_de_sensibilidade,200.75000000000003,140525.0
731853350375474350,700.0,34,otimista,0.7,365,hipotese_de_sensibilidade,255.49999999999997,178850.0
732572931172602640,280.0,63,conservador,0.4,365,hipotese_de_sensibilidade,146.0,40880.0
732572931172602640,280.0,63,base,0.55,365,hipotese_de_sensibilidade,200.75000000000003,56210.0
732572931172602640,280.0,63,otimista,0.7,365,hipotese_de_sensibilidade,255.49999999999997,71540.0
734707774394612996,1400.0,53,conservador,0.4,365,hipotese_de_sensibilidade,146.0,204400.0
734707774394612996,1400.0,53,base,0.55,365,hipotese_de_sensibilidade,200.75000000000003,281050.0
734707774394612996,1400.0,53,otimista,0.7,365,hipotese_de_sensibilidade,255.49999999999997,357700.0
734774611454860165,625.0,64,conservador,0.4,365,hipotese_de_sensibilidade,146.0,91250.0
734774611454860165,625.0,64,base,0.55,365,hipotese_de_sensibilidade,200.75000000000003,125468.75
734774611454860165,625.0,64,otimista,0.7,365,hipotese_de_sensibilidade,255.49999999999997,159687.5
734843676958831992,350.0,32,conservador,0.4,365,hipotese_de_sensibilidade,146.0,51100.0
734843676958831992,350.0,32,base,0.55,365,hipotese_de_sensibilidade,200.75000000000003,70262.5
734843676958831992,350.0,32,otimista,0.7,365,hipotese_de_sensibilidade,255.49999999999997,89425.0
734991572208138176,280.0,83,conservador,0.4,365,hipotese_de_sensibilidade,146.0,40880.0
734991572208138176,280.0,83,base,0.55,365,hipotese_de_sensibilidade,200.75000000000003,56210.0
734991572208138176,280.0,83,otimista,0.7,365,hipotese_de_sensibilidade,255.49999999999997,71540.0
735732850757918650,927.6667,35,conservador,0.4,365,hipotese_de_sensibilidade,146.0,135439.34
735732850757918650,927.6667,35,base,0.55,365,hipotese_de_sensibilidade,200.75000000000003,186229.09
735732850757918650,927.6667,35,otimista,0.7,365,hipotese_de_sensibilidade,255.49999999999997,237018.84
739015384619300207,1604.0,58,conservador,0.4,365,hipotese_de_sensibilidade,146.0,234184.0
739015384619300207,1604.0,58,base,0.55,365,hipotese_de_sensibilidade,200.75000000000003,322003.0
739015384619300207,1604.0,58,otimista,0.7,365,hipotese_de_sensibilidade,255.49999999999997,409822.0
739663897909156017,800.0,72,conservador,0.4,365,hipotese_de_sensibilidade,146.0,116800.0
739663897909156017,800.0,72,base,0.55,365,hipotese_de_sensibilidade,200.75000000000003,160600.0
739663897909156017,800.0,72,otimista,0.7,365,hipotese_de_sensibilidade,255.49999999999997,204400.0
742262889162653132,180.0,56,conservador,0.4,365,hipotese_de_sensibilidade,146.0,26280.0
742262889162653132,180.0,56,base,0.55,365,hipotese_de_sensibilidade,200.75000000000003,36135.0
742262889162653132,180.0,56,otimista,0.7,365,hipotese_de_sensibilidade,255.49999999999997,45990.0
744210382596366805,500.0,55,conservador,0.4,365,hipotese_de_sensibilidade,146.0,73000.0
744210382596366805,500.0,55,base,0.55,365,hipotese_de_sensibilidade,200.75000000000003,100375.0
744210382596366805,500.0,55,otimista,0.7,365,hipotese_de_sensibilidade,255.49999999999997,127750.0
745632820094188215,800.0,16,conservador,0.4,365,hipotese_de_sensibilidade,146.0,116800.0
745632820094188215,800.0,16,base,0.55,365,hipotese_de_sensibilidade,200.75000000000003,160600.0
745632820094188215,800.0,16,otimista,0.7,365,hipotese_de_sensibilidade,255.49999999999997,204400.0
746451645715267085,900.0,91,conservador,0.4,365,hipotese_de_sensibilidade,146.0,131400.0
746451645715267085,900.0,91,base,0.55,365,hipotese_de_sensibilidade,200.75000000000003,180675.0
746451645715267085,900.0,91,otimista,0.7,365,hipotese_de_sensibilidade,255.49999999999997,229950.0
748336742434217963,450.0,44,conservador,0.4,365,hipotese_de_sensibilidade,146.0,65700.0
748336742434217963,450.0,44,base,0.55,365,hipotese_de_sensibilidade,200.75000000000003,90337.5
748336742434217963,450.0,44,otimista,0.7,365,hipotese_de_sensibilidade,255.49999999999997,114975.0
753461577197808016,980.0,73,conservador,0.4,365,hipotese_de_sensibilidade,146.0,143080.0
753461577197808016,980.0,73,base,0.55,365,hipotese_de_sensibilidade,200.75000000000003,196735.0
753461577197808016,980.0,73,otimista,0.7,365,hipotese_de_sensibilidade,255.49999999999997,250390.0
753566944813003124,560.0,96,conservador,0.4,365,hipotese_de_sensibilidade,146.0,81760.0
753566944813003124,560.0,96,base,0.55,365,hipotese_de_sensibilidade,200.75000000000003,112420.0
753566944813003124,560.0,96,otimista,0.7,365,hipotese_de_sensibilidade,255.49999999999997,143080.0
754141022905987471,600.0,80,conservador,0.4,365,hipotese_de_sensibilidade,146.0,87600.0
754141022905987471,600.0,80,base,0.55,365,hipotese_de_sensibilidade,200.75000000000003,120450.0
754141022905987471,600.0,80,otimista,0.7,365,hipotese_de_sensibilidade,255.49999999999997,153300.0
754375397775403281,890.0,96,conservador,0.4,365,hipotese_de_sensibilidade,146.0,129940.0
754375397775403281,890.0,96,base,0.55,365,hipotese_de_sensibilidade,200.75000000000003,178667.5
754375397775403281,890.0,96,otimista,0.7,365,hipotese_de_sensibilidade,255.49999999999997,227395.0
754796838418506202,600.0,68,conservador,0.4,365,hipotese_de_sensibilidade,146.0,87600.0
754796838418506202,600.0,68,base,0.55,365,hipotese_de_sensibilidade,200.75000000000003,120450.0
754796838418506202,600.0,68,otimista,0.7,365,hipotese_de_sensibilidade,255.49999999999997,153300.0
756997201912524343,850.0,97,conservador,0.4,365,hipotese_de_sensibilidade,146.0,124100.0
756997201912524343,850.0,97,base,0.55,365,hipotese_de_sensibilidade,200.75000000000003,170637.5
756997201912524343,850.0,97,otimista,0.7,365,hipotese_de_sensibilidade,255.49999999999997,217175.0
758758164947604865,170.0,81,conservador,0.4,365,hipotese_de_sensibilidade,146.0,24820.0
758758164947604865,170.0,81,base,0.55,365,hipotese_de_sensibilidade,200.75000000000003,34127.5
758758164947604865,170.0,81,otimista,0.7,365,hipotese_de_sensibilidade,255.49999999999997,43435.0
762112217871324562,490.0,61,conservador,0.4,365,hipotese_de_sensibilidade,146.0,71540.0
762112217871324562,490.0,61,base,0.55,365,hipotese_de_sensibilidade,200.75000000000003,98367.5
762112217871324562,490.0,61,otimista,0.7,365,hipotese_de_sensibilidade,255.49999999999997,125195.0
762192750283483456,440.0,67,conservador,0.4,365,hipotese_de_sensibilidade,146.0,64240.0
762192750283483456,440.0,67,base,0.55,365,hipotese_de_sensibilidade,200.75000000000003,88330.0
762192750283483456,440.0,67,otimista,0.7,365,hipotese_de_sensibilidade,255.49999999999997,112420.0
762916089194134311,1000.0,104,conservador,0.4,365,hipotese_de_sensibilidade,146.0,146000.0
762916089194134311,1000.0,104,base,0.55,365,hipotese_de_sensibilidade,200.75000000000003,200750.0
762916089194134311,1000.0,104,otimista,0.7,365,hipotese_de_sensibilidade,255.49999999999997,255500.0
766052072199682693,750.0,57,conservador,0.4,365,hipotese_de_sensibilidade,146.0,109500.0
766052072199682693,750.0,57,base,0.55,365,hipotese_de_sensibilidade,200.75000000000003,150562.5
766052072199682693,750.0,57,otimista,0.7,365,hipotese_de_sensibilidade,255.49999999999997,191625.0
766156195693050227,1897.0,53,conservador,0.4,365,hipotese_de_sensibilidade,146.0,276962.0
766156195693050227,1897.0,53,base,0.55,365,hipotese_de_sensibilidade,200.75000000000003,380822.75
766156195693050227,1897.0,53,otimista,0.7,365,hipotese_de_sensibilidade,255.49999999999997,484683.5
766788707373767791,520.0,40,conservador,0.4,365,hipotese_de_sensibilidade,146.0,75920.0
766788707373767791,520.0,40,base,0.55,365,hipotese_de_sensibilidade,200.75000000000003,104390.0
766788707373767791,520.0,40,otimista,0.7,365,hipotese_de_sensibilidade,255.49999999999997,132860.0
767407262472265686,700.0,73,conservador,0.4,365,hipotese_de_sensibilidade,146.0,102200.0
767407262472265686,700.0,73,base,0.55,365,hipotese_de_sensibilidade,200.75000000000003,140525.0
767407262472265686,700.0,73,otimista,0.7,365,hipotese_de_sensibilidade,255.49999999999997,178850.0
768032727158094436,1200.0,18,conservador,0.4,365,hipotese_de_sensibilidade,146.0,175200.0
768032727158094436,1200.0,18,base,0.55,365,hipotese_de_sensibilidade,200.75000000000003,240900.0
768032727158094436,1200.0,18,otimista,0.7,365,hipotese_de_sensibilidade,255.49999999999997,306600.0
769009482417170004,480.0,75,conservador,0.4,365,hipotese_de_sensibilidade,146.0,70080.0
769009482417170004,480.0,75,base,0.55,365,hipotese_de_sensibilidade,200.75000000000003,96360.0
769009482417170004,480.0,75,otimista,0.7,365,hipotese_de_sensibilidade,255.49999999999997,122640.0
769461318721075633,500.0,36,conservador,0.4,365,hipotese_de_sensibilidade,146.0,73000.0
769461318721075633,500.0,36,base,0.55,365,hipotese_de_sensibilidade,200.75000000000003,100375.0
769461318721075633,500.0,36,otimista,0.7,365,hipotese_de_sensibilidade,255.49999999999997,127750.0
769616108652112172,350.0,33,conservador,0.4,365,hipotese_de_sensibilidade,146.0,51100.0
769616108652112172,350.0,33,base,0.55,365,hipotese_de_sensibilidade,200.75000000000003,70262.5
769616108652112172,350.0,33,otimista,0.7,365,hipotese_de_sensibilidade,255.49999999999997,89425.0
770131545986036241,900.0,78,conservador,0.4,365,hipotese_de_sensibilidade,146.0,131400.0
770131545986036241,900.0,78,base,0.55,365,hipotese_de_sensibilidade,200.75000000000003,180675.0
770131545986036241,900.0,78,otimista,0.7,365,hipotese_de_sensibilidade,255.49999999999997,229950.0
771111761043546355,557.0,75,conservador,0.4,365,hipotese_de_sensibilidade,146.0,81322.0
771111761043546355,557.0,75,base,0.55,365,hipotese_de_sensibilidade,200.75000000000003,111817.75
771111761043546355,557.0,75,otimista,0.7,365,hipotese_de_sensibilidade,255.49999999999997,142313.5
771134836709283777,300.0,15,conservador,0.4,365,hipotese_de_sensibilidade,146.0,43800.0
771134836709283777,300.0,15,base,0.55,365,hipotese_de_sensibilidade,200.75000000000003,60225.0
771134836709283777,300.0,15,otimista,0.7,365,hipotese_de_sensibilidade,255.49999999999997,76650.0
772261416620745030,825.0,82,conservador,0.4,365,hipotese_de_sensibilidade,146.0,120450.0
772261416620745030,825.0,82,base,0.55,365,hipotese_de_sensibilidade,200.75000000000003,165618.75
772261416620745030,825.0,82,otimista,0.7,365,hipotese_de_sensibilidade,255.49999999999997,210787.5
778933432062496662,950.0,73,conservador,0.4,365,hipotese_de_sensibilidade,146.0,138700.0
778933432062496662,950.0,73,base,0.55,365,hipotese_de_sensibilidade,200.75000000000003,190712.5
778933432062496662,950.0,73,otimista,0.7,365,hipotese_de_sensibilidade,255.49999999999997,242725.0
779104726998664227,400.0,38,conservador,0.4,365,hipotese_de_sensibilidade,146.0,58400.0
779104726998664227,400.0,38,base,0.55,365,hipotese_de_sensibilidade,200.75000000000003,80300.0
779104726998664227,400.0,38,otimista,0.7,365,hipotese_de_sensibilidade,255.49999999999997,102200.0
780376166619260652,429.0,44,conservador,0.4,365,hipotese_de_sensibilidade,146.0,62634.0
780376166619260652,429.0,44,base,0.55,365,hipotese_de_sensibilidade,200.75000000000003,86121.75
780376166619260652,429.0,44,otimista,0.7,365,hipotese_de_sensibilidade,255.49999999999997,109609.5
780872235421635957,499.0,44,conservador,0.4,365,hipotese_de_sensibilidade,146.0,72854.0
780872235421635957,499.0,44,base,0.55,365,hipotese_de_sensibilidade,200.75000000000003,100174.25
780872235421635957,499.0,44,otimista,0.7,365,hipotese_de_sensibilidade,255.49999999999997,127494.5
781223884036842600,337.5,62,conservador,0.4,365,hipotese_de_sensibilidade,146.0,49275.0
781223884036842600,337.5,62,base,0.55,365,hipotese_de_sensibilidade,200.75000000000003,67753.13
781223884036842600,337.5,62,otimista,0.7,365,hipotese_de_sensibilidade,255.49999999999997,86231.25
782548209247570691,700.0,54,conservador,0.4,365,hipotese_de_sensibilidade,146.0,102200.0
782548209247570691,700.0,54,base,0.55,365,hipotese_de_sensibilidade,200.75000000000003,140525.0
782548209247570691,700.0,54,otimista,0.7,365,hipotese_de_sensibilidade,255.49999999999997,178850.0
782734966853311782,580.0,79,conservador,0.4,365,hipotese_de_sensibilidade,146.0,84680.0
782734966853311782,580.0,79,base,0.55,365,hipotese_de_sensibilidade,200.75000000000003,116435.0
782734966853311782,580.0,79,otimista,0.7,365,hipotese_de_sensibilidade,255.49999999999997,148190.0
783879004243392314,650.0,81,conservador,0.4,365,hipotese_de_sensibilidade,146.0,94900.0
783879004243392314,650.0,81,base,0.55,365,hipotese_de_sensibilidade,200.75000000000003,130487.5
783879004243392314,650.0,81,otimista,0.7,365,hipotese_de_sensibilidade,255.49999999999997,166075.0
784598714032826222,1200.0,71,conservador,0.4,365,hipotese_de_sensibilidade,146.0,175200.0
784598714032826222,1200.0,71,base,0.55,365,hipotese_de_sensibilidade,200.75000000000003,240900.0
784598714032826222,1200.0,71,otimista,0.7,365,hipotese_de_sensibilidade,255.49999999999997,306600.0
784836681288428817,370.0,65,conservador,0.4,365,hipotese_de_sensibilidade,146.0,54020.0
784836681288428817,370.0,65,base,0.55,365,hipotese_de_sensibilidade,200.75000000000003,74277.5
784836681288428817,370.0,65,otimista,0.7,365,hipotese_de_sensibilidade,255.49999999999997,94535.0
785658004981722606,550.0,79,conservador,0.4,365,hipotese_de_sensibilidade,146.0,80300.0
785658004981722606,550.0,79,base,0.55,365,hipotese_de_sensibilidade,200.75000000000003,110412.5
785658004981722606,550.0,79,otimista,0.7,365,hipotese_de_sensibilidade,255.49999999999997,140525.0
786307999394390316,550.0,72,conservador,0.4,365,hipotese_de_sensibilidade,146.0,80300.0
786307999394390316,550.0,72,base,0.55,365,hipotese_de_sensibilidade,200.75000000000003,110412.5
786307999394390316,550.0,72,otimista,0.7,365,hipotese_de_sensibilidade,255.49999999999997,140525.0
786807324710664147,850.0,52,conservador,0.4,365,hipotese_de_sensibilidade,146.0,124100.0
786807324710664147,850.0,52,base,0.55,365,hipotese_de_sensibilidade,200.75000000000003,170637.5
786807324710664147,850.0,52,otimista,0.7,365,hipotese_de_sensibilidade,255.49999999999997,217175.0
787195284335262595,550.0,63,conservador,0.4,365,hipotese_de_sensibilidade,146.0,80300.0
787195284335262595,550.0,63,base,0.55,365,hipotese_de_sensibilidade,200.75000000000003,110412.5
787195284335262595,550.0,63,otimista,0.7,365,hipotese_de_sensibilidade,255.49999999999997,140525.0
787606557854537606,584.6667,65,conservador,0.4,365,hipotese_de_sensibilidade,146.0,85361.34
787606557854537606,584.6667,65,base,0.55,365,hipotese_de_sensibilidade,200.75000000000003,117371.84
787606557854537606,584.6667,65,otimista,0.7,365,hipotese_de_sensibilidade,255.49999999999997,149382.34
787847078680683474,330.0,63,conservador,0.4,365,hipotese_de_sensibilidade,146.0,48180.0
787847078680683474,330.0,63,base,0.55,365,hipotese_de_sensibilidade,200.75000000000003,66247.5
787847078680683474,330.0,63,otimista,0.7,365,hipotese_de_sensibilidade,255.49999999999997,84315.0
790006111813482352,405.0,68,conservador,0.4,365,hipotese_de_sensibilidade,146.0,59130.0
790006111813482352,405.0,68,base,0.55,365,hipotese_de_sensibilidade,200.75000000000003,81303.75
790006111813482352,405.0,68,otimista,0.7,365,hipotese_de_sensibilidade,255.49999999999997,103477.5
790431243381422888,1000.0,104,conservador,0.4,365,hipotese_de_sensibilidade,146.0,146000.0
790431243381422888,1000.0,104,base,0.55,365,hipotese_de_sensibilidade,200.75000000000003,200750.0
790431243381422888,1000.0,104,otimista,0.7,365,hipotese_de_sensibilidade,255.49999999999997,255500.0
790518755885066166,750.0,51,conservador,0.4,365,hipotese_de_sensibilidade,146.0,109500.0
790518755885066166,750.0,51,base,0.55,365,hipotese_de_sensibilidade,200.75000000000003,150562.5
790518755885066166,750.0,51,otimista,0.7,365,hipotese_de_sensibilidade,255.49999999999997,191625.0
790752171303746450,500.0,87,conservador,0.4,365,hipotese_de_sensibilidade,146.0,73000.0
790752171303746450,500.0,87,base,0.55,365,hipotese_de_sensibilidade,200.75000000000003,100375.0
790752171303746450,500.0,87,otimista,0.7,365,hipotese_de_sensibilidade,255.49999999999997,127750.0
791313913845076166,850.0,50,conservador,0.4,365,hipotese_de_sensibilidade,146.0,124100.0
791313913845076166,850.0,50,base,0.55,365,hipotese_de_sensibilidade,200.75000000000003,170637.5
791313913845076166,850.0,50,otimista,0.7,365,hipotese_de_sensibilidade,255.49999999999997,217175.0
792096103347120988,450.0,59,conservador,0.4,365,hipotese_de_sensibilidade,146.0,65700.0
792096103347120988,450.0,59,base,0.55,365,hipotese_de_sensibilidade,200.75000000000003,90337.5
792096103347120988,450.0,59,otimista,0.7,365,hipotese_de_sensibilidade,255.49999999999997,114975.0
792184367926408145,396.0,57,conservador,0.4,365,hipotese_de_sensibilidade,146.0,57816.0
792184367926408145,396.0,57,base,0.55,365,hipotese_de_sensibilidade,200.75000000000003,79497.0
792184367926408145,396.0,57,otimista,0.7,365,hipotese_de_sensibilidade,255.49999999999997,101178.0
794707921952592251,150.0,48,conservador,0.4,365,hipotese_de_sensibilidade,146.0,21900.0
794707921952592251,150.0,48,base,0.55,365,hipotese_de_sensibilidade,200.75000000000003,30112.5
794707921952592251,150.0,48,otimista,0.7,365,hipotese_de_sensibilidade,255.49999999999997,38325.0
794710559970994170,500.0,68,conservador,0.4,365,hipotese_de_sensibilidade,146.0,73000.0
794710559970994170,500.0,68,base,0.55,365,hipotese_de_sensibilidade,200.75000000000003,100375.0
794710559970994170,500.0,68,otimista,0.7,365,hipotese_de_sensibilidade,255.49999999999997,127750.0
794996321339600522,350.0,67,conservador,0.4,365,hipotese_de_sensibilidade,146.0,51100.0
794996321339600522,350.0,67,base,0.55,365,hipotese_de_sensibilidade,200.75000000000003,70262.5
794996321339600522,350.0,67,otimista,0.7,365,hipotese_de_sensibilidade,255.49999999999997,89425.0
795495744056169046,800.0,66,conservador,0.4,365,hipotese_de_sensibilidade,146.0,116800.0
795495744056169046,800.0,66,base,0.55,365,hipotese_de_sensibilidade,200.75000000000003,160600.0
795495744056169046,800.0,66,otimista,0.7,365,hipotese_de_sensibilidade,255.49999999999997,204400.0
795757968903961791,350.0,73,conservador,0.4,365,hipotese_de_sensibilidade,146.0,51100.0
795757968903961791,350.0,73,base,0.55,365,hipotese_de_sensibilidade,200.75000000000003,70262.5
795757968903961791,350.0,73,otimista,0.7,365,hipotese_de_sensibilidade,255.49999999999997,89425.0
796481545034280714,580.0,74,conservador,0.4,365,hipotese_de_sensibilidade,146.0,84680.0
796481545034280714,580.0,74,base,0.55,365,hipotese_de_sensibilidade,200.75000000000003,116435.0
796481545034280714,580.0,74,otimista,0.7,365,hipotese_de_sensibilidade,255.49999999999997,148190.0
797261187302809924,500.0,75,conservador,0.4,365,hipotese_de_sensibilidade,146.0,73000.0
797261187302809924,500.0,75,base,0.55,365,hipotese_de_sensibilidade,200.75000000000003,100375.0
797261187302809924,500.0,75,otimista,0.7,365,hipotese_de_sensibilidade,255.49999999999997,127750.0
798475021925579344,300.0,48,conservador,0.4,365,hipotese_de_sensibilidade,146.0,43800.0
798475021925579344,300.0,48,base,0.55,365,hipotese_de_sensibilidade,200.75000000000003,60225.0
798475021925579344,300.0,48,otimista,0.7,365,hipotese_de_sensibilidade,255.49999999999997,76650.0
798609957167332367,700.0,72,conservador,0.4,365,hipotese_de_sensibilidade,146.0,102200.0
798609957167332367,700.0,72,base,0.55,365,hipotese_de_sensibilidade,200.75000000000003,140525.0
798609957167332367,700.0,72,otimista,0.7,365,hipotese_de_sensibilidade,255.49999999999997,178850.0
798631136594423222,1100.0,56,conservador,0.4,365,hipotese_de_sensibilidade,146.0,160600.0
798631136594423222,1100.0,56,base,0.55,365,hipotese_de_sensibilidade,200.75000000000003,220825.0
798631136594423222,1100.0,56,otimista,0.7,365,hipotese_de_sensibilidade,255.49999999999997,281050.0
799251513158018593,500.0,60,conservador,0.4,365,hipotese_de_sensibilidade,146.0,73000.0
799251513158018593,500.0,60,base,0.55,365,hipotese_de_sensibilidade,200.75000000000003,100375.0
799251513158018593,500.0,60,otimista,0.7,365,hipotese_de_sensibilidade,255.49999999999997,127750.0
800942299109284552,300.0,55,conservador,0.4,365,hipotese_de_sensibilidade,146.0,43800.0
800942299109284552,300.0,55,base,0.55,365,hipotese_de_sensibilidade,200.75000000000003,60225.0
800942299109284552,300.0,55,otimista,0.7,365,hipotese_de_sensibilidade,255.49999999999997,76650.0
801271167231006592,250.0,40,conservador,0.4,365,hipotese_de_sensibilidade,146.0,36500.0
801271167231006592,250.0,40,base,0.55,365,hipotese_de_sensibilidade,200.75000000000003,50187.5
801271167231006592,250.0,40,otimista,0.7,365,hipotese_de_sensibilidade,255.49999999999997,63875.0
801611117719633492,400.0,67,conservador,0.4,365,hipotese_de_sensibilidade,146.0,58400.0
801611117719633492,400.0,67,base,0.55,365,hipotese_de_sensibilidade,200.75000000000003,80300.0
801611117719633492,400.0,67,otimista,0.7,365,hipotese_de_sensibilidade,255.49999999999997,102200.0
802047490248101970,250.0,42,conservador,0.4,365,hipotese_de_sensibilidade,146.0,36500.0
802047490248101970,250.0,42,base,0.55,365,hipotese_de_sensibilidade,200.75000000000003,50187.5
802047490248101970,250.0,42,otimista,0.7,365,hipotese_de_sensibilidade,255.49999999999997,63875.0
802357806571870530,680.0,55,conservador,0.4,365,hipotese_de_sensibilidade,146.0,99280.0
802357806571870530,680.0,55,base,0.55,365,hipotese_de_sensibilidade,200.75000000000003,136510.0
802357806571870530,680.0,55,otimista,0.7,365,hipotese_de_sensibilidade,255.49999999999997,173740.0
802922826036667371,1200.0,64,conservador,0.4,365,hipotese_de_sensibilidade,146.0,175200.0
802922826036667371,1200.0,64,base,0.55,365,hipotese_de_sensibilidade,200.75000000000003,240900.0
802922826036667371,1200.0,64,otimista,0.7,365,hipotese_de_sensibilidade,255.49999999999997,306600.0
803403468437987911,371.0,73,conservador,0.4,365,hipotese_de_sensibilidade,146.0,54166.0
803403468437987911,371.0,73,base,0.55,365,hipotese_de_sensibilidade,200.75000000000003,74478.25
803403468437987911,371.0,73,otimista,0.7,365,hipotese_de_sensibilidade,255.49999999999997,94790.5
805381324514930766,750.0,32,conservador,0.4,365,hipotese_de_sensibilidade,146.0,109500.0
805381324514930766,750.0,32,base,0.55,365,hipotese_de_sensibilidade,200.75000000000003,150562.5
805381324514930766,750.0,32,otimista,0.7,365,hipotese_de_sensibilidade,255.49999999999997,191625.0
805726391815686158,399.0,57,conservador,0.4,365,hipotese_de_sensibilidade,146.0,58254.0
805726391815686158,399.0,57,base,0.55,365,hipotese_de_sensibilidade,200.75000000000003,80099.25
805726391815686158,399.0,57,otimista,0.7,365,hipotese_de_sensibilidade,255.49999999999997,101944.5
806702099486447309,500.0,68,conservador,0.4,365,hipotese_de_sensibilidade,146.0,73000.0
806702099486447309,500.0,68,base,0.55,365,hipotese_de_sensibilidade,200.75000000000003,100375.0
806702099486447309,500.0,68,otimista,0.7,365,hipotese_de_sensibilidade,255.49999999999997,127750.0
807400945391416643,450.0,41,conservador,0.4,365,hipotese_de_sensibilidade,146.0,65700.0
807400945391416643,450.0,41,base,0.55,365,hipotese_de_sensibilidade,200.75000000000003,90337.5
807400945391416643,450.0,41,otimista,0.7,365,hipotese_de_sensibilidade,255.49999999999997,114975.0
807898347637042057,430.0,16,conservador,0.4,365,hipotese_de_sensibilidade,146.0,62780.0
807898347637042057,430.0,16,base,0.55,365,hipotese_de_sensibilidade,200.75000000000003,86322.5
807898347637042057,430.0,16,otimista,0.7,365,hipotese_de_sensibilidade,255.49999999999997,109865.0
809946874989632205,370.0,74,conservador,0.4,365,hipotese_de_sensibilidade,146.0,54020.0
809946874989632205,370.0,74,base,0.55,365,hipotese_de_sensibilidade,200.75000000000003,74277.5
809946874989632205,370.0,74,otimista,0.7,365,hipotese_de_sensibilidade,255.49999999999997,94535.0
811053746893495263,400.0,66,conservador,0.4,365,hipotese_de_sensibilidade,146.0,58400.0
811053746893495263,400.0,66,base,0.55,365,hipotese_de_sensibilidade,200.75000000000003,80300.0
811053746893495263,400.0,66,otimista,0.7,365,hipotese_de_sensibilidade,255.49999999999997,102200.0
812231708820863156,500.0,58,conservador,0.4,365,hipotese_de_sensibilidade,146.0,73000.0
812231708820863156,500.0,58,base,0.55,365,hipotese_de_sensibilidade,200.75000000000003,100375.0
812231708820863156,500.0,58,otimista,0.7,365,hipotese_de_sensibilidade,255.49999999999997,127750.0
813090046454458015,390.0,84,conservador,0.4,365,hipotese_de_sensibilidade,146.0,56940.0
813090046454458015,390.0,84,base,0.55,365,hipotese_de_sensibilidade,200.75000000000003,78292.5
813090046454458015,390.0,84,otimista,0.7,365,hipotese_de_sensibilidade,255.49999999999997,99645.0
815806026505024003,900.0,33,conservador,0.4,365,hipotese_de_sensibilidade,146.0,131400.0
815806026505024003,900.0,33,base,0.55,365,hipotese_de_sensibilidade,200.75000000000003,180675.0
815806026505024003,900.0,33,otimista,0.7,365,hipotese_de_sensibilidade,255.49999999999997,229950.0
816613605644920543,2100.0,92,conservador,0.4,365,hipotese_de_sensibilidade,146.0,306600.0
816613605644920543,2100.0,92,base,0.55,365,hipotese_de_sensibilidade,200.75000000000003,421575.0
816613605644920543,2100.0,92,otimista,0.7,365,hipotese_de_sensibilidade,255.49999999999997,536550.0
821574780923920105,600.0,54,conservador,0.4,365,hipotese_de_sensibilidade,146.0,87600.0
821574780923920105,600.0,54,base,0.55,365,hipotese_de_sensibilidade,200.75000000000003,120450.0
821574780923920105,600.0,54,otimista,0.7,365,hipotese_de_sensibilidade,255.49999999999997,153300.0
821920276390293366,650.0,47,conservador,0.4,365,hipotese_de_sensibilidade,146.0,94900.0
821920276390293366,650.0,47,base,0.55,365,hipotese_de_sensibilidade,200.75000000000003,130487.5
821920276390293366,650.0,47,otimista,0.7,365,hipotese_de_sensibilidade,255.49999999999997,166075.0
822365439954007216,800.0,80,conservador,0.4,365,hipotese_de_sensibilidade,146.0,116800.0
822365439954007216,800.0,80,base,0.55,365,hipotese_de_sensibilidade,200.75000000000003,160600.0
822365439954007216,800.0,80,otimista,0.7,365,hipotese_de_sensibilidade,255.49999999999997,204400.0
826063757882656916,516.0,81,conservador,0.4,365,hipotese_de_sensibilidade,146.0,75336.0
826063757882656916,516.0,81,base,0.55,365,hipotese_de_sensibilidade,200.75000000000003,103587.0
826063757882656916,516.0,81,otimista,0.7,365,hipotese_de_sensibilidade,255.49999999999997,131838.0
826617189908528565,400.0,65,conservador,0.4,365,hipotese_de_sensibilidade,146.0,58400.0
826617189908528565,400.0,65,base,0.55,365,hipotese_de_sensibilidade,200.75000000000003,80300.0
826617189908528565,400.0,65,otimista,0.7,365,hipotese_de_sensibilidade,255.49999999999997,102200.0
828036946101813387,251.25,24,conservador,0.4,365,hipotese_de_sensibilidade,146.0,36682.5
828036946101813387,251.25,24,base,0.55,365,hipotese_de_sensibilidade,200.75000000000003,50438.44
828036946101813387,251.25,24,otimista,0.7,365,hipotese_de_sensibilidade,255.49999999999997,64194.37
8287843,700.0,78,conservador,0.4,365,hipotese_de_sensibilidade,146.0,102200.0
8287843,700.0,78,base,0.55,365,hipotese_de_sensibilidade,200.75000000000003,140525.0
8287843,700.0,78,otimista,0.7,365,hipotese_de_sensibilidade,255.49999999999997,178850.0
831740758559247685,800.0,34,conservador,0.4,365,hipotese_de_sensibilidade,146.0,116800.0
831740758559247685,800.0,34,base,0.55,365,hipotese_de_sensibilidade,200.75000000000003,160600.0
831740758559247685,800.0,34,otimista,0.7,365,hipotese_de_sensibilidade,255.49999999999997,204400.0
832123000813215722,490.0,87,conservador,0.4,365,hipotese_de_sensibilidade,146.0,71540.0
832123000813215722,490.0,87,base,0.55,365,hipotese_de_sensibilidade,200.75000000000003,98367.5
832123000813215722,490.0,87,otimista,0.7,365,hipotese_de_sensibilidade,255.49999999999997,125195.0
834645644371228115,300.0,38,conservador,0.4,365,hipotese_de_sensibilidade,146.0,43800.0
834645644371228115,300.0,38,base,0.55,365,hipotese_de_sensibilidade,200.75000000000003,60225.0
834645644371228115,300.0,38,otimista,0.7,365,hipotese_de_sensibilidade,255.49999999999997,76650.0
836385234465202348,1040.0,48,conservador,0.4,365,hipotese_de_sensibilidade,146.0,151840.0
836385234465202348,1040.0,48,base,0.55,365,hipotese_de_sensibilidade,200.75000000000003,208780.0
836385234465202348,1040.0,48,otimista,0.7,365,hipotese_de_sensibilidade,255.49999999999997,265720.0
836415940545761422,490.0,60,conservador,0.4,365,hipotese_de_sensibilidade,146.0,71540.0
836415940545761422,490.0,60,base,0.55,365,hipotese_de_sensibilidade,200.75000000000003,98367.5
836415940545761422,490.0,60,otimista,0.7,365,hipotese_de_sensibilidade,255.49999999999997,125195.0
837646263953285868,440.0,68,conservador,0.4,365,hipotese_de_sensibilidade,146.0,64240.0
837646263953285868,440.0,68,base,0.55,365,hipotese_de_sensibilidade,200.75000000000003,88330.0
837646263953285868,440.0,68,otimista,0.7,365,hipotese_de_sensibilidade,255.49999999999997,112420.0
837846012155525926,400.0,44,conservador,0.4,365,hipotese_de_sensibilidade,146.0,58400.0
837846012155525926,400.0,44,base,0.55,365,hipotese_de_sensibilidade,200.75000000000003,80300.0
837846012155525926,400.0,44,otimista,0.7,365,hipotese_de_sensibilidade,255.49999999999997,102200.0
839184834439414765,150.0,42,conservador,0.4,365,hipotese_de_sensibilidade,146.0,21900.0
839184834439414765,150.0,42,base,0.55,365,hipotese_de_sensibilidade,200.75000000000003,30112.5
839184834439414765,150.0,42,otimista,0.7,365,hipotese_de_sensibilidade,255.49999999999997,38325.0
840525492567265584,1000.0,44,conservador,0.4,365,hipotese_de_sensibilidade,146.0,146000.0
840525492567265584,1000.0,44,base,0.55,365,hipotese_de_sensibilidade,200.75000000000003,200750.0
840525492567265584,1000.0,44,otimista,0.7,365,hipotese_de_sensibilidade,255.49999999999997,255500.0
841394344184198064,600.0,31,conservador,0.4,365,hipotese_de_sensibilidade,146.0,87600.0
841394344184198064,600.0,31,base,0.55,365,hipotese_de_sensibilidade,200.75000000000003,120450.0
841394344184198064,600.0,31,otimista,0.7,365,hipotese_de_sensibilidade,255.49999999999997,153300.0
844864653127085626,1090.0,76,conservador,0.4,365,hipotese_de_sensibilidade,146.0,159140.0
844864653127085626,1090.0,76,base,0.55,365,hipotese_de_sensibilidade,200.75000000000003,218817.5
844864653127085626,1090.0,76,otimista,0.7,365,hipotese_de_sensibilidade,255.49999999999997,278495.0
850675824952359571,802.0,68,conservador,0.4,365,hipotese_de_sensibilidade,146.0,117092.0
850675824952359571,802.0,68,base,0.55,365,hipotese_de_sensibilidade,200.75000000000003,161001.5
850675824952359571,802.0,68,otimista,0.7,365,hipotese_de_sensibilidade,255.49999999999997,204911.0
850931966820064700,720.0,59,conservador,0.4,365,hipotese_de_sensibilidade,146.0,105120.0
850931966820064700,720.0,59,base,0.55,365,hipotese_de_sensibilidade,200.75000000000003,144540.0
850931966820064700,720.0,59,otimista,0.7,365,hipotese_de_sensibilidade,255.49999999999997,183960.0
856482117556875618,370.0,26,conservador,0.4,365,hipotese_de_sensibilidade,146.0,54020.0
856482117556875618,370.0,26,base,0.55,365,hipotese_de_sensibilidade,200.75000000000003,74277.5
856482117556875618,370.0,26,otimista,0.7,365,hipotese_de_sensibilidade,255.49999999999997,94535.0
859653300578357102,702.0,57,conservador,0.4,365,hipotese_de_sensibilidade,146.0,102492.0
859653300578357102,702.0,57,base,0.55,365,hipotese_de_sensibilidade,200.75000000000003,140926.5
859653300578357102,702.0,57,otimista,0.7,365,hipotese_de_sensibilidade,255.49999999999997,179361.0
859925561562240250,704.0,29,conservador,0.4,365,hipotese_de_sensibilidade,146.0,102784.0
859925561562240250,704.0,29,base,0.55,365,hipotese_de_sensibilidade,200.75000000000003,141328.0
859925561562240250,704.0,29,otimista,0.7,365,hipotese_de_sensibilidade,255.49999999999997,179872.0
863830918159371125,306.0,67,conservador,0.4,365,hipotese_de_sensibilidade,146.0,44676.0
863830918159371125,306.0,67,base,0.55,365,hipotese_de_sensibilidade,200.75000000000003,61429.5
863830918159371125,306.0,67,otimista,0.7,365,hipotese_de_sensibilidade,255.49999999999997,78183.0
869504505210568410,1250.0,80,conservador,0.4,365,hipotese_de_sensibilidade,146.0,182500.0
869504505210568410,1250.0,80,base,0.55,365,hipotese_de_sensibilidade,200.75000000000003,250937.5
869504505210568410,1250.0,80,otimista,0.7,365,hipotese_de_sensibilidade,255.49999999999997,319375.0
871084107630048364,450.0,54,conservador,0.4,365,hipotese_de_sensibilidade,146.0,65700.0
871084107630048364,450.0,54,base,0.55,365,hipotese_de_sensibilidade,200.75000000000003,90337.5
871084107630048364,450.0,54,otimista,0.7,365,hipotese_de_sensibilidade,255.49999999999997,114975.0
873125740517449213,446.0,84,conservador,0.4,365,hipotese_de_sensibilidade,146.0,65116.0
873125740517449213,446.0,84,base,0.55,365,hipotese_de_sensibilidade,200.75000000000003,89534.5
873125740517449213,446.0,84,otimista,0.7,365,hipotese_de_sensibilidade,255.49999999999997,113953.0
873255393900331818,535.0,79,conservador,0.4,365,hipotese_de_sensibilidade,146.0,78110.0
873255393900331818,535.0,79,base,0.55,365,hipotese_de_sensibilidade,200.75000000000003,107401.25
873255393900331818,535.0,79,otimista,0.7,365,hipotese_de_sensibilidade,255.49999999999997,136692.5
881204142086821328,550.0,68,conservador,0.4,365,hipotese_de_sensibilidade,146.0,80300.0
881204142086821328,550.0,68,base,0.55,365,hipotese_de_sensibilidade,200.75000000000003,110412.5
881204142086821328,550.0,68,otimista,0.7,365,hipotese_de_sensibilidade,255.49999999999997,140525.0
8838629,650.0,66,conservador,0.4,365,hipotese_de_sensibilidade,146.0,94900.0
8838629,650.0,66,base,0.55,365,hipotese_de_sensibilidade,200.75000000000003,130487.5
8838629,650.0,66,otimista,0.7,365,hipotese_de_sensibilidade,255.49999999999997,166075.0
892721989592935461,350.0,49,conservador,0.4,365,hipotese_de_sensibilidade,146.0,51100.0
892721989592935461,350.0,49,base,0.55,365,hipotese_de_sensibilidade,200.75000000000003,70262.5
892721989592935461,350.0,49,otimista,0.7,365,hipotese_de_sensibilidade,255.49999999999997,89425.0
8936081,460.0,27,conservador,0.4,365,hipotese_de_sensibilidade,146.0,67160.0
8936081,460.0,27,base,0.55,365,hipotese_de_sensibilidade,200.75000000000003,92345.0
8936081,460.0,27,otimista,0.7,365,hipotese_de_sensibilidade,255.49999999999997,117530.0
894985131313802009,575.0,68,conservador,0.4,365,hipotese_de_sensibilidade,146.0,83950.0
894985131313802009,575.0,68,base,0.55,365,hipotese_de_sensibilidade,200.75000000000003,115431.25
894985131313802009,575.0,68,otimista,0.7,365,hipotese_de_sensibilidade,255.49999999999997,146912.5
897144549301156856,850.0,35,conservador,0.4,365,hipotese_de_sensibilidade,146.0,124100.0
897144549301156856,850.0,35,base,0.55,365,hipotese_de_sensibilidade,200.75000000000003,170637.5
897144549301156856,850.0,35,otimista,0.7,365,hipotese_de_sensibilidade,255.49999999999997,217175.0
900757690500508426,635.0,60,conservador,0.4,365,hipotese_de_sensibilidade,146.0,92710.0
900757690500508426,635.0,60,base,0.55,365,hipotese_de_sensibilidade,200.75000000000003,127476.25
900757690500508426,635.0,60,otimista,0.7,365,hipotese_de_sensibilidade,255.49999999999997,162242.5
904512525045117852,550.0,43,conservador,0.4,365,hipotese_de_sensibilidade,146.0,80300.0
904512525045117852,550.0,43,base,0.55,365,hipotese_de_sensibilidade,200.75000000000003,110412.5
904512525045117852,550.0,43,otimista,0.7,365,hipotese_de_sensibilidade,255.49999999999997,140525.0
906701409648697471,598.0,57,conservador,0.4,365,hipotese_de_sensibilidade,146.0,87308.0
906701409648697471,598.0,57,base,0.55,365,hipotese_de_sensibilidade,200.75000000000003,120048.5
906701409648697471,598.0,57,otimista,0.7,365,hipotese_de_sensibilidade,255.49999999999997,152789.0
910815231577364751,400.0,65,conservador,0.4,365,hipotese_de_sensibilidade,146.0,58400.0
910815231577364751,400.0,65,base,0.55,365,hipotese_de_sensibilidade,200.75000000000003,80300.0
910815231577364751,400.0,65,otimista,0.7,365,hipotese_de_sensibilidade,255.49999999999997,102200.0
911476333007658783,250.0,53,conservador,0.4,365,hipotese_de_sensibilidade,146.0,36500.0
911476333007658783,250.0,53,base,0.55,365,hipotese_de_sensibilidade,200.75000000000003,50187.5
911476333007658783,250.0,53,otimista,0.7,365,hipotese_de_sensibilidade,255.49999999999997,63875.0
912678193847993947,300.0,77,conservador,0.4,365,hipotese_de_sensibilidade,146.0,43800.0
912678193847993947,300.0,77,base,0.55,365,hipotese_de_sensibilidade,200.75000000000003,60225.0
912678193847993947,300.0,77,otimista,0.7,365,hipotese_de_sensibilidade,255.49999999999997,76650.0
913929715874853789,899.0,68,conservador,0.4,365,hipotese_de_sensibilidade,146.0,131254.0
913929715874853789,899.0,68,base,0.55,365,hipotese_de_sensibilidade,200.75000000000003,180474.25
913929715874853789,899.0,68,otimista,0.7,365,hipotese_de_sensibilidade,255.49999999999997,229694.5
914342944500490787,583.0,42,conservador,0.4,365,hipotese_de_sensibilidade,146.0,85118.0
914342944500490787,583.0,42,base,0.55,365,hipotese_de_sensibilidade,200.75000000000003,117037.25
914342944500490787,583.0,42,otimista,0.7,365,hipotese_de_sensibilidade,255.49999999999997,148956.5
915332897455058900,928.0,68,conservador,0.4,365,hipotese_de_sensibilidade,146.0,135488.0
915332897455058900,928.0,68,base,0.55,365,hipotese_de_sensibilidade,200.75000000000003,186296.0
915332897455058900,928.0,68,otimista,0.7,365,hipotese_de_sensibilidade,255.49999999999997,237104.0
916052715744473224,1150.0,51,conservador,0.4,365,hipotese_de_sensibilidade,146.0,167900.0
916052715744473224,1150.0,51,base,0.55,365,hipotese_de_sensibilidade,200.75000000000003,230862.5
916052715744473224,1150.0,51,otimista,0.7,365,hipotese_de_sensibilidade,255.49999999999997,293825.0
923133320997277084,550.0,53,conservador,0.4,365,hipotese_de_sensibilidade,146.0,80300.0
923133320997277084,550.0,53,base,0.55,365,hipotese_de_sensibilidade,200.75000000000003,110412.5
923133320997277084,550.0,53,otimista,0.7,365,hipotese_de_sensibilidade,255.49999999999997,140525.0
929120660817262874,699.0,98,conservador,0.4,365,hipotese_de_sensibilidade,146.0,102054.0
929120660817262874,699.0,98,base,0.55,365,hipotese_de_sensibilidade,200.75000000000003,140324.25
929120660817262874,699.0,98,otimista,0.7,365,hipotese_de_sensibilidade,255.49999999999997,178594.5
9327293,900.0,33,conservador,0.4,365,hipotese_de_sensibilidade,146.0,131400.0
9327293,900.0,33,base,0.55,365,hipotese_de_sensibilidade,200.75000000000003,180675.0
9327293,900.0,33,otimista,0.7,365,hipotese_de_sensibilidade,255.49999999999997,229950.0
936216057908307884,406.0,75,conservador,0.4,365,hipotese_de_sensibilidade,146.0,59276.0
936216057908307884,406.0,75,base,0.55,365,hipotese_de_sensibilidade,200.75000000000003,81504.5
936216057908307884,406.0,75,otimista,0.7,365,hipotese_de_sensibilidade,255.49999999999997,103733.0
939218400123538892,350.0,34,conservador,0.4,365,hipotese_de_sensibilidade,146.0,51100.0
939218400123538892,350.0,34,base,0.55,365,hipotese_de_sensibilidade,200.75000000000003,70262.5
939218400123538892,350.0,34,otimista,0.7,365,hipotese_de_sensibilidade,255.49999999999997,89425.0
939325387438995809,1200.0,76,conservador,0.4,365,hipotese_de_sensibilidade,146.0,175200.0
939325387438995809,1200.0,76,base,0.55,365,hipotese_de_sensibilidade,200.75000000000003,240900.0
939325387438995809,1200.0,76,otimista,0.7,365,hipotese_de_sensibilidade,255.49999999999997,306600.0
939698664229028471,300.0,39,conservador,0.4,365,hipotese_de_sensibilidade,146.0,43800.0
939698664229028471,300.0,39,base,0.55,365,hipotese_de_sensibilidade,200.75000000000003,60225.0
939698664229028471,300.0,39,otimista,0.7,365,hipotese_de_sensibilidade,255.49999999999997,76650.0
942057172413556286,100.0,39,conservador,0.4,365,hipotese_de_sensibilidade,146.0,14600.0
942057172413556286,100.0,39,base,0.55,365,hipotese_de_sensibilidade,200.75000000000003,20075.0
942057172413556286,100.0,39,otimista,0.7,365,hipotese_de_sensibilidade,255.49999999999997,25550.0
944320965810800803,890.0,87,conservador,0.4,365,hipotese_de_sensibilidade,146.0,129940.0
944320965810800803,890.0,87,base,0.55,365,hipotese_de_sensibilidade,200.75000000000003,178667.5
944320965810800803,890.0,87,otimista,0.7,365,hipotese_de_sensibilidade,255.49999999999997,227395.0
946451380352813662,1100.0,28,conservador,0.4,365,hipotese_de_sensibilidade,146.0,160600.0
946451380352813662,1100.0,28,base,0.55,365,hipotese_de_sensibilidade,200.75000000000003,220825.0
946451380352813662,1100.0,28,otimista,0.7,365,hipotese_de_sensibilidade,255.49999999999997,281050.0
946609581890906389,395.33334,37,conservador,0.4,365,hipotese_de_sensibilidade,146.0,57718.67
946609581890906389,395.33334,37,base,0.55,365,hipotese_de_sensibilidade,200.75000000000003,79363.17
946609581890906389,395.33334,37,otimista,0.7,365,hipotese_de_sensibilidade,255.49999999999997,101007.67
950059146531590785,397.0,17,conservador,0.4,365,hipotese_de_sensibilidade,146.0,57962.0
950059146531590785,397.0,17,base,0.55,365,hipotese_de_sensibilidade,200.75000000000003,79697.75
950059146531590785,397.0,17,otimista,0.7,365,hipotese_de_sensibilidade,255.49999999999997,101433.5
956398979498945273,500.0,39,conservador,0.4,365,hipotese_de_sensibilidade,146.0,73000.0
956398979498945273,500.0,39,base,0.55,365,hipotese_de_sensibilidade,200.75000000000003,100375.0
956398979498945273,500.0,39,otimista,0.7,365,hipotese_de_sensibilidade,255.49999999999997,127750.0
956676934234107014,504.0,24,conservador,0.4,365,hipotese_de_sensibilidade,146.0,73584.0
956676934234107014,504.0,24,base,0.55,365,hipotese_de_sensibilidade,200.75000000000003,101178.0
956676934234107014,504.0,24,otimista,0.7,365,hipotese_de_sensibilidade,255.49999999999997,128772.0
957349094500016515,699.0,82,conservador,0.4,365,hipotese_de_sensibilidade,146.0,102054.0
957349094500016515,699.0,82,base,0.55,365,hipotese_de_sensibilidade,200.75000000000003,140324.25
957349094500016515,699.0,82,otimista,0.7,365,hipotese_de_sensibilidade,255.49999999999997,178594.5
963040775940890055,644.0,81,conservador,0.4,365,hipotese_de_sensibilidade,146.0,94024.0
963040775940890055,644.0,81,base,0.55,365,hipotese_de_sensibilidade,200.75000000000003,129283.0
963040775940890055,644.0,81,otimista,0.7,365,hipotese_de_sensibilidade,255.49999999999997,164542.0
963916345061155113,1400.0,35,conservador,0.4,365,hipotese_de_sensibilidade,146.0,204400.0
963916345061155113,1400.0,35,base,0.55,365,hipotese_de_sensibilidade,200.75000000000003,281050.0
963916345061155113,1400.0,35,otimista,0.7,365,hipotese_de_sensibilidade,255.49999999999997,357700.0
964579064376617710,686.5,74,conservador,0.4,365,hipotese_de_sensibilidade,146.0,100229.0
964579064376617710,686.5,74,base,0.55,365,hipotese_de_sensibilidade,200.75000000000003,137814.88
964579064376617710,686.5,74,otimista,0.7,365,hipotese_de_sensibilidade,255.49999999999997,175400.75
965258538716677226,590.0,86,conservador,0.4,365,hipotese_de_sensibilidade,146.0,86140.0
965258538716677226,590.0,86,base,0.55,365,hipotese_de_sensibilidade,200.75000000000003,118442.5
965258538716677226,590.0,86,otimista,0.7,365,hipotese_de_sensibilidade,255.49999999999997,150745.0
965310801955633109,450.0,63,conservador,0.4,365,hipotese_de_sensibilidade,146.0,65700.0
965310801955633109,450.0,63,base,0.55,365,hipotese_de_sensibilidade,200.75000000000003,90337.5
965310801955633109,450.0,63,otimista,0.7,365,hipotese_de_sensibilidade,255.49999999999997,114975.0
966687088388761169,850.0,97,conservador,0.4,365,hipotese_de_sensibilidade,146.0,124100.0
966687088388761169,850.0,97,base,0.55,365,hipotese_de_sensibilidade,200.75000000000003,170637.5
966687088388761169,850.0,97,otimista,0.7,365,hipotese_de_sensibilidade,255.49999999999997,217175.0
968213956640500474,473.0,81,conservador,0.4,365,hipotese_de_sensibilidade,146.0,69058.0
968213956640500474,473.0,81,base,0.55,365,hipotese_de_sensibilidade,200.75000000000003,94954.75
968213956640500474,473.0,81,otimista,0.7,365,hipotese_de_sensibilidade,255.49999999999997,120851.5
973272705231391942,240.0,45,conservador,0.4,365,hipotese_de_sensibilidade,146.0,35040.0
973272705231391942,240.0,45,base,0.55,365,hipotese_de_sensibilidade,200.75000000000003,48180.0
973272705231391942,240.0,45,otimista,0.7,365,hipotese_de_sensibilidade,255.49999999999997,61320.0
978095320445301654,900.0,82,conservador,0.4,365,hipotese_de_sensibilidade,146.0,131400.0
978095320445301654,900.0,82,base,0.55,365,hipotese_de_sensibilidade,200.75000000000003,180675.0
978095320445301654,900.0,82,otimista,0.7,365,hipotese_de_sensibilidade,255.49999999999997,229950.0
978244263452010977,456.0,50,conservador,0.4,365,hipotese_de_sensibilidade,146.0,66576.0
978244263452010977,456.0,50,base,0.55,365,hipotese_de_sensibilidade,200.75000000000003,91542.0
978244263452010977,456.0,50,otimista,0.7,365,hipotese_de_sensibilidade,255.49999999999997,116508.0
978410400232267791,400.0,31,conservador,0.4,365,hipotese_de_sensibilidade,146.0,58400.0
978410400232267791,400.0,31,base,0.55,365,hipotese_de_sensibilidade,200.75000000000003,80300.0
978410400232267791,400.0,31,otimista,0.7,365,hipotese_de_sensibilidade,255.49999999999997,102200.0
9784227,480.0,19,conservador,0.4,365,hipotese_de_sensibilidade,146.0,70080.0
9784227,480.0,19,base,0.55,365,hipotese_de_sensibilidade,200.75000000000003,96360.0
9784227,480.0,19,otimista,0.7,365,hipotese_de_sensibilidade,255.49999999999997,122640.0
980310639590708922,594.0,91,conservador,0.4,365,hipotese_de_sensibilidade,146.0,86724.0
980310639590708922,594.0,91,base,0.55,365,hipotese_de_sensibilidade,200.75000000000003,119245.5
980310639590708922,594.0,91,otimista,0.7,365,hipotese_de_sensibilidade,255.49999999999997,151767.0
980365989956218871,1582.0,73,conservador,0.4,365,hipotese_de_sensibilidade,146.0,230972.0
980365989956218871,1582.0,73,base,0.55,365,hipotese_de_sensibilidade,200.75000000000003,317586.5
980365989956218871,1582.0,73,otimista,0.7,365,hipotese_de_sensibilidade,255.49999999999997,404201.0
982642009007231841,230.0,52,conservador,0.4,365,hipotese_de_sensibilidade,146.0,33580.0
982642009007231841,230.0,52,base,0.55,365,hipotese_de_sensibilidade,200.75000000000003,46172.5
982642009007231841,230.0,52,otimista,0.7,365,hipotese_de_sensibilidade,255.49999999999997,58765.0
983188724209547131,1000.0,74,conservador,0.4,365,hipotese_de_sensibilidade,146.0,146000.0
983188724209547131,1000.0,74,base,0.55,365,hipotese_de_sensibilidade,200.75000000000003,200750.0
983188724209547131,1000.0,74,otimista,0.7,365,hipotese_de_sensibilidade,255.49999999999997,255500.0
984846668146064982,946.0,52,conservador,0.4,365,hipotese_de_sensibilidade,146.0,138116.0
984846668146064982,946.0,52,base,0.55,365,hipotese_de_sensibilidade,200.75000000000003,189909.5
984846668146064982,946.0,52,otimista,0.7,365,hipotese_de_sensibilidade,255.49999999999997,241703.0
985445004274818605,150.0,59,conservador,0.4,365,hipotese_de_sensibilidade,146.0,21900.0
985445004274818605,150.0,59,base,0.55,365,hipotese_de_sensibilidade,200.75000000000003,30112.5
985445004274818605,150.0,59,otimista,0.7,365,hipotese_de_sensibilidade,255.49999999999997,38325.0
985716714802993034,500.0,48,conservador,0.4,365,hipotese_de_sensibilidade,146.0,73000.0
985716714802993034,500.0,48,base,0.55,365,hipotese_de_sensibilidade,200.75000000000003,100375.0
985716714802993034,500.0,48,otimista,0.7,365,hipotese_de_sensibilidade,255.49999999999997,127750.0
986245345084467584,800.0,86,conservador,0.4,365,hipotese_de_sensibilidade,146.0,116800.0
986245345084467584,800.0,86,base,0.55,365,hipotese_de_sensibilidade,200.75000000000003,160600.0
986245345084467584,800.0,86,otimista,0.7,365,hipotese_de_sensibilidade,255.49999999999997,204400.0
986407426689940399,290.0,43,conservador,0.4,365,hipotese_de_sensibilidade,146.0,42340.0
986407426689940399,290.0,43,base,0.55,365,hipotese_de_sensibilidade,200.75000000000003,58217.5
986407426689940399,290.0,43,otimista,0.7,365,hipotese_de_sensibilidade,255.49999999999997,74095.0
986565062867231257,230.0,88,conservador,0.4,365,hipotese_de_sensibilidade,146.0,33580.0
986565062867231257,230.0,88,base,0.55,365,hipotese_de_sensibilidade,200.75000000000003,46172.5
986565062867231257,230.0,88,otimista,0.7,365,hipotese_de_sensibilidade,255.49999999999997,58765.0
991407580891691701,572.0,67,conservador,0.4,365,hipotese_de_sensibilidade,146.0,83512.0
991407580891691701,572.0,67,base,0.55,365,hipotese_de_sensibilidade,200.75000000000003,114829.0
991407580891691701,572.0,67,otimista,0.7,365,hipotese_de_sensibilidade,255.49999999999997,146146.0
995680028058206783,3500.0,94,conservador,0.4,365,hipotese_de_sensibilidade,146.0,511000.0
995680028058206783,3500.0,94,base,0.55,365,hipotese_de_sensibilidade,200.75000000000003,702625.0
995680028058206783,3500.0,94,otimista,0.7,365,hipotese_de_sensibilidade,255.49999999999997,894250.0
996227938456591020,350.0,73,conservador,0.4,365,hipotese_de_sensibilidade,146.0,51100.0
996227938456591020,350.0,73,base,0.55,365,hipotese_de_sensibilidade,200.75000000000003,70262.5
996227938456591020,350.0,73,otimista,0.7,365,hipotese_de_sensibilidade,255.49999999999997,89425.0
999226382307972271,400.0,85,conservador,0.4,365,hipotese_de_sensibilidade,146.0,58400.0
999226382307972271,400.0,85,base,0.55,365,hipotese_de_sensibilidade,200.75000000000003,80300.0
999226382307972271,400.0,85,otimista,0.7,365,hipotese_de_sensibilidade,255.49999999999997,102200.0
