segmento,rotulo,metrica_diaria,metrica_preco,ocupacao_assumida,custo_variavel_assumido,preparacao_assumida,diaria_usada,preco_compra_usado,receita_bruta_anual,custos_variaveis_anuais,custos_fixos_anuais,potencial_liquido_anual,itbi_estimado,cartorio_estimado,preparacao_estimada,investimento_total_estimado,retorno_liquido_estimado_percentual,payback_estimado_anos,ocupacao_equilibrio_percentual
centro_1q,Centro | 1 quarto,p25,p25,0.4,0.2,0.03,376.25,652500.0,54932.5,10986.5,7000.0,36946.0,9787.5,6300.74,19575.0,688163.24,5.368784301817691,18.626190656634005,6.371455877668048
centro_1q,Centro | 1 quarto,p25,p25,0.4,0.2,0.05,376.25,652500.0,54932.5,10986.5,7000.0,36946.0,9787.5,6300.74,32625.0,701213.24,5.2688679979858914,18.979408866995072,6.371455877668048
centro_1q,Centro | 1 quarto,p25,p25,0.4,0.2,0.08,376.25,652500.0,54932.5,10986.5,7000.0,36946.0,9787.5,6300.74,52200.0,720788.24,5.125777301805035,19.509236182536675,6.371455877668048
centro_1q,Centro | 1 quarto,p25,p25,0.4,0.3,0.03,376.25,652500.0,54932.5,16479.75,7000.0,31452.75,9787.5,6300.74,19575.0,688163.24,4.5705362001027545,21.879270969946983,7.2816638601920545
centro_1q,Centro | 1 quarto,p25,p25,0.4,0.3,0.05,376.25,652500.0,54932.5,16479.75,7000.0,31452.75,9787.5,6300.74,32625.0,701213.24,4.485475773389561,22.2941790463473,7.2816638601920545
centro_1q,Centro | 1 quarto,p25,p25,0.4,0.3,0.08,376.25,652500.0,54932.5,16479.75,7000.0,31452.75,9787.5,6300.74,52200.0,720788.24,4.363660261715702,22.91654116094777,7.2816638601920545
centro_1q,Centro | 1 quarto,p25,p25,0.4,0.4,0.03,376.25,652500.0,54932.5,21973.0,7000.0,25959.5,9787.5,6300.74,19575.0,688163.24,3.772288098387819,26.509109959744986,8.495274503557395
centro_1q,Centro | 1 quarto,p25,p25,0.4,0.4,0.05,376.25,652500.0,54932.5,21973.0,7000.0,25959.5,9787.5,6300.74,32625.0,701213.24,3.7020835487932313,27.01181609815289,8.495274503557395
centro_1q,Centro | 1 quarto,p25,p25,0.4,0.4,0.08,376.25,652500.0,54932.5,21973.0,7000.0,25959.5,9787.5,6300.74,52200.0,720788.24,3.6015432216263688,27.765875305764748,8.495274503557395
centro_1q,Centro | 1 quarto,p25,p25,0.55,0.2,0.03,376.25,652500.0,75532.1875,15106.4375,7000.0,53425.75,9787.5,6300.74,19575.0,688163.24,7.7635286069625,12.880740841261002,6.371455877668048
centro_1q,Centro | 1 quarto,p25,p25,0.55,0.2,0.05,376.25,652500.0,75532.1875,15106.4375,7000.0,53425.75,9787.5,6300.74,32625.0,701213.24,7.61904467177488,13.125005077139768,6.371455877668048
centro_1q,Centro | 1 quarto,p25,p25,0.55,0.2,0.08,376.25,652500.0,75532.1875,15106.4375,7000.0,53425.75,9787.5,6300.74,52200.0,720788.24,7.412128422073034,13.491401430957918,6.371455877668048
centro_1q,Centro | 1 quarto,p25,p25,0.55,0.3,0.03,376.25,652500.0,75532.1875,22659.65625,7000.0,45872.53125,9787.5,6300.74,19575.0,688163.24,6.665937467104461,15.001640878494142,7.2816638601920545
centro_1q,Centro | 1 quarto,p25,p25,0.55,0.3,0.05,376.25,652500.0,75532.1875,22659.65625,7000.0,45872.53125,9787.5,6300.74,32625.0,701213.24,6.541880362954927,15.286124852767962,7.2816638601920545
centro_1q,Centro | 1 quarto,p25,p25,0.55,0.3,0.08,376.25,652500.0,75532.1875,22659.65625,7000.0,45872.53125,9787.5,6300.74,52200.0,720788.24,6.3642174919502015,15.712850814178692,7.2816638601920545
centro_1q,Centro | 1 quarto,p25,p25,0.55,0.4,0.03,376.25,652500.0,75532.1875,30212.875,7000.0,38319.3125,9787.5,6300.74,19575.0,688163.24,5.568346327246425,17.958653094311124,8.495274503557395
centro_1q,Centro | 1 quarto,p25,p25,0.55,0.4,0.05,376.25,652500.0,75532.1875,30212.875,7000.0,38319.3125,9787.5,6300.74,32625.0,701213.24,5.464716054134974,18.299212440202314,8.495274503557395
centro_1q,Centro | 1 quarto,p25,p25,0.55,0.4,0.08,376.25,652500.0,75532.1875,30212.875,7000.0,38319.3125,9787.5,6300.74,52200.0,720788.24,5.316306561827369,18.810051459039094,8.495274503557395
centro_1q,Centro | 1 quarto,p25,p25,0.7,0.2,0.03,376.25,652500.0,96131.875,19226.375,7000.0,69905.5,9787.5,6300.74,19575.0,688163.24,10.158272912107307,9.844193089241905,6.371455877668048
centro_1q,Centro | 1 quarto,p25,p25,0.7,0.2,0.05,376.25,652500.0,96131.875,19226.375,7000.0,69905.5,9787.5,6300.74,32625.0,701213.24,9.96922134556387,10.03087367946728,6.371455877668048
centro_1q,Centro | 1 quarto,p25,p25,0.7,0.2,0.08,376.25,652500.0,96131.875,19226.375,7000.0,69905.5,9787.5,6300.74,52200.0,720788.24,9.698479542341035,10.310894564805345,6.371455877668048
centro_1q,Centro | 1 quarto,p25,p25,0.7,0.3,0.03,376.25,652500.0,96131.875,28839.5625,7000.0,60292.3125,9787.5,6300.74,19575.0,688163.24,8.76133873410617,11.413780819901376,7.2816638601920545
centro_1q,Centro | 1 quarto,p25,p25,0.7,0.3,0.05,376.25,652500.0,96131.875,28839.5625,7000.0,60292.3125,9787.5,6300.74,32625.0,701213.24,8.598284952520292,11.63022632445886,7.2816638601920545
centro_1q,Centro | 1 quarto,p25,p25,0.7,0.3,0.08,376.25,652500.0,96131.875,28839.5625,7000.0,60292.3125,9787.5,6300.74,52200.0,720788.24,8.364774722184702,11.954894581295086,7.2816638601920545
centro_1q,Centro | 1 quarto,p25,p25,0.7,0.4,0.03,376.25,652500.0,96131.875,38452.75,7000.0,50679.125,9787.5,6300.74,19575.0,688163.24,7.364404556105031,13.578830336948398,8.495274503557395
centro_1q,Centro | 1 quarto,p25,p25,0.7,0.4,0.05,376.25,652500.0,96131.875,38452.75,7000.0,50679.125,9787.5,6300.74,32625.0,701213.24,7.227348559476715,13.836332809613426,8.495274503557395
centro_1q,Centro | 1 quarto,p25,p25,0.7,0.4,0.08,376.25,652500.0,96131.875,38452.75,7000.0,50679.125,9787.5,6300.74,52200.0,720788.24,7.031069902028368,14.222586518610967,8.495274503557395
centro_1q,Centro | 1 quarto,p25,mediana,0.4,0.2,0.03,376.25,890000.0,54932.5,10986.5,7000.0,36946.0,13350.0,6914.39,26700.0,936964.39,3.9431594620154136,25.360374330103394,6.371455877668048
centro_1q,Centro | 1 quarto,p25,mediana,0.4,0.2,0.05,376.25,890000.0,54932.5,10986.5,7000.0,36946.0,13350.0,6914.39,44500.0,954764.39,3.8696457876900916,25.842158555729984,6.371455877668048
centro_1q,Centro | 1 quarto,p25,mediana,0.4,0.2,0.08,376.25,890000.0,54932.5,10986.5,7000.0,36946.0,13350.0,6914.39,71200.0,981464.39,3.7643749866462297,26.56483489416987,6.371455877668048
centro_1q,Centro | 1 quarto,p25,mediana,0.4,0.3,0.03,376.25,890000.0,54932.5,16479.75,7000.0,31452.75,13350.0,6914.39,26700.0,936964.39,3.3568778424973016,29.78958564831374,7.2816638601920545
centro_1q,Centro | 1 quarto,p25,mediana,0.4,0.3,0.05,376.25,890000.0,54932.5,16479.75,7000.0,31452.75,13350.0,6914.39,44500.0,954764.39,3.2942944174949798,30.355513905779304,7.2816638601920545
centro_1q,Centro | 1 quarto,p25,mediana,0.4,0.3,0.08,376.25,890000.0,54932.5,16479.75,7000.0,31452.75,13350.0,6914.39,71200.0,981464.39,3.2046756174210254,31.204406291977648,7.2816638601920545
centro_1q,Centro | 1 quarto,p25,mediana,0.4,0.4,0.03,376.25,890000.0,54932.5,21973.0,7000.0,25959.5,13350.0,6914.39,26700.0,936964.39,2.770596222979189,36.093314200966894,8.495274503557395
centro_1q,Centro | 1 quarto,p25,mediana,0.4,0.4,0.05,376.25,890000.0,54932.5,21973.0,7000.0,25959.5,13350.0,6914.39,44500.0,954764.39,2.7189430472998684,36.77899766944664,8.495274503557395
centro_1q,Centro | 1 quarto,p25,mediana,0.4,0.4,0.08,376.25,890000.0,54932.5,21973.0,7000.0,25959.5,13350.0,6914.39,71200.0,981464.39,2.6449762481958206,37.80752287216626,8.495274503557395
centro_1q,Centro | 1 quarto,p25,mediana,0.55,0.2,0.03,376.25,890000.0,75532.1875,15106.4375,7000.0,53425.75,13350.0,6914.39,26700.0,936964.39,5.702004320569749,17.53769277923099,6.371455877668048
centro_1q,Centro | 1 quarto,p25,mediana,0.55,0.2,0.05,376.25,890000.0,75532.1875,15106.4375,7000.0,53425.75,13350.0,6914.39,44500.0,954764.39,5.595699898275427,17.87086545345643,6.371455877668048
centro_1q,Centro | 1 quarto,p25,mediana,0.55,0.2,0.08,376.25,890000.0,75532.1875,15106.4375,7000.0,53425.75,13350.0,6914.39,71200.0,981464.39,5.443473094321843,18.3706244647946,6.371455877668048
centro_1q,Centro | 1 quarto,p25,mediana,0.55,0.3,0.03,376.25,890000.0,75532.1875,22659.65625,7000.0,45872.53125,13350.0,6914.39,26700.0,936964.39,4.895867093732345,20.42539106668547,7.2816638601920545
centro_1q,Centro | 1 quarto,p25,mediana,0.55,0.3,0.05,376.25,890000.0,75532.1875,22659.65625,7000.0,45872.53125,13350.0,6914.39,44500.0,954764.39,4.8045917642571485,20.813422847687306,7.2816638601920545
centro_1q,Centro | 1 quarto,p25,mediana,0.55,0.3,0.08,376.25,890000.0,75532.1875,22659.65625,7000.0,45872.53125,13350.0,6914.39,71200.0,981464.39,4.673886461637187,21.395470519190066,7.2816638601920545
centro_1q,Centro | 1 quarto,p25,mediana,0.55,0.4,0.03,376.25,890000.0,75532.1875,30212.875,7000.0,38319.3125,13350.0,6914.39,26700.0,936964.39,4.089729866894942,24.451492703581255,8.495274503557395
centro_1q,Centro | 1 quarto,p25,mediana,0.55,0.4,0.05,376.25,890000.0,75532.1875,30212.875,7000.0,38319.3125,13350.0,6914.39,44500.0,954764.39,4.01348363023887,24.916010432076515,8.495274503557395
centro_1q,Centro | 1 quarto,p25,mediana,0.55,0.4,0.08,376.25,890000.0,75532.1875,30212.875,7000.0,38319.3125,13350.0,6914.39,71200.0,981464.39,3.904299828952531,25.612787024819404,8.495274503557395
centro_1q,Centro | 1 quarto,p25,mediana,0.7,0.2,0.03,376.25,890000.0,96131.875,19226.375,7000.0,69905.5,13350.0,6914.39,26700.0,936964.39,7.460849179124087,13.403300026464299,6.371455877668048
centro_1q,Centro | 1 quarto,p25,mediana,0.7,0.2,0.05,376.25,890000.0,96131.875,19226.375,7000.0,69905.5,13350.0,6914.39,44500.0,954764.39,7.321754008860762,13.657929490526497,6.371455877668048
centro_1q,Centro | 1 quarto,p25,mediana,0.7,0.2,0.08,376.25,890000.0,96131.875,19226.375,7000.0,69905.5,13350.0,6914.39,71200.0,981464.39,7.122571201997456,14.039873686619794,6.371455877668048
centro_1q,Centro | 1 quarto,p25,mediana,0.7,0.3,0.03,376.25,890000.0,96131.875,28839.5625,7000.0,60292.3125,13350.0,6914.39,26700.0,936964.39,6.43485634496739,15.540362463290823,7.2816638601920545
centro_1q,Centro | 1 quarto,p25,mediana,0.7,0.3,0.05,376.25,890000.0,96131.875,28839.5625,7000.0,60292.3125,13350.0,6914.39,44500.0,954764.39,6.3148891110193155,15.835590814334747,7.2816638601920545
centro_1q,Centro | 1 quarto,p25,mediana,0.7,0.3,0.08,376.25,890000.0,96131.875,28839.5625,7000.0,60292.3125,13350.0,6914.39,71200.0,981464.39,6.143097305853348,16.278433340900634,7.2816638601920545
centro_1q,Centro | 1 quarto,p25,mediana,0.7,0.4,0.03,376.25,890000.0,96131.875,38452.75,7000.0,50679.125,13350.0,6914.39,26700.0,936964.39,5.4088635108106935,18.488172201078847,8.495274503557395
centro_1q,Centro | 1 quarto,p25,mediana,0.7,0.4,0.05,376.25,890000.0,96131.875,38452.75,7000.0,50679.125,13350.0,6914.39,44500.0,954764.39,5.308024213177871,18.839401627395894,8.495274503557395
centro_1q,Centro | 1 quarto,p25,mediana,0.7,0.4,0.08,376.25,890000.0,96131.875,38452.75,7000.0,50679.125,13350.0,6914.39,71200.0,981464.39,5.163623409709241,19.36624576687147,8.495274503557395
centro_1q,Centro | 1 quarto,p25,p75,0.4,0.2,0.03,376.25,980000.0,54932.5,10986.5,7000.0,36946.0,14700.0,7159.85,29400.0,1031259.85,3.582608204905873,27.912625182699074,6.371455877668048
centro_1q,Centro | 1 quarto,p25,p75,0.4,0.2,0.05,376.25,980000.0,54932.5,10986.5,7000.0,36946.0,14700.0,7159.85,49000.0,1050859.85,3.5157875714825337,28.443129161478918,6.371455877668048
centro_1q,Centro | 1 quarto,p25,p75,0.4,0.2,0.08,376.25,980000.0,54932.5,10986.5,7000.0,36946.0,14700.0,7159.85,78400.0,1080259.85,3.4201030428003034,29.23888512964868,6.371455877668048
centro_1q,Centro | 1 quarto,p25,p75,0.4,0.3,0.03,376.25,980000.0,54932.5,16479.75,7000.0,31452.75,14700.0,7159.85,29400.0,1031259.85,3.049934504868002,32.78758932048867,7.2816638601920545
centro_1q,Centro | 1 quarto,p25,p75,0.4,0.3,0.05,376.25,980000.0,54932.5,16479.75,7000.0,31452.75,14700.0,7159.85,49000.0,1050859.85,2.9930489779393508,33.410746278147386,7.2816638601920545
centro_1q,Centro | 1 quarto,p25,p75,0.4,0.3,0.08,376.25,980000.0,54932.5,16479.75,7000.0,31452.75,14700.0,7159.85,78400.0,1080259.85,2.911591132448364,34.34548171463545,7.2816638601920545
centro_1q,Centro | 1 quarto,p25,p75,0.4,0.4,0.03,376.25,980000.0,54932.5,21973.0,7000.0,25959.5,14700.0,7159.85,29400.0,1031259.85,2.517260804830131,39.725720834376624,8.495274503557395
centro_1q,Centro | 1 quarto,p25,p75,0.4,0.4,0.05,376.25,980000.0,54932.5,21973.0,7000.0,25959.5,14700.0,7159.85,49000.0,1050859.85,2.4703103843961682,40.48074308056781,8.495274503557395
centro_1q,Centro | 1 quarto,p25,p75,0.4,0.4,0.08,376.25,980000.0,54932.5,21973.0,7000.0,25959.5,14700.0,7159.85,78400.0,1080259.85,2.4030792220964243,41.61327644985459,8.495274503557395
centro_1q,Centro | 1 quarto,p25,p75,0.55,0.2,0.03,376.25,980000.0,75532.1875,15106.4375,7000.0,53425.75,14700.0,7159.85,29400.0,1031259.85,5.180629305019487,19.30267427223764,6.371455877668048
centro_1q,Centro | 1 quarto,p25,p75,0.55,0.2,0.05,376.25,980000.0,75532.1875,15106.4375,7000.0,53425.75,14700.0,7159.85,49000.0,1050859.85,5.084003352112082,19.66953856520498,6.371455877668048
centro_1q,Centro | 1 quarto,p25,p75,0.55,0.2,0.08,376.25,980000.0,75532.1875,15106.4375,7000.0,53425.75,14700.0,7159.85,78400.0,1080259.85,4.945638773856123,20.219835004655998,6.371455877668048
centro_1q,Centro | 1 quarto,p25,p75,0.55,0.3,0.03,376.25,980000.0,75532.1875,22659.65625,7000.0,45872.53125,14700.0,7159.85,29400.0,1031259.85,4.448202967467414,22.48098855456118,7.2816638601920545
centro_1q,Centro | 1 quarto,p25,p75,0.55,0.3,0.05,376.25,980000.0,75532.1875,22659.65625,7000.0,45872.53125,14700.0,7159.85,49000.0,1050859.85,4.365237785990206,22.908259504428372,7.2816638601920545
centro_1q,Centro | 1 quarto,p25,p75,0.55,0.3,0.08,376.25,980000.0,75532.1875,22659.65625,7000.0,45872.53125,14700.0,7159.85,78400.0,1080259.85,4.246434897122206,23.549165929229165,7.2816638601920545
centro_1q,Centro | 1 quarto,p25,p75,0.55,0.4,0.03,376.25,980000.0,75532.1875,30212.875,7000.0,38319.3125,14700.0,7159.85,29400.0,1031259.85,3.715776629915341,26.91227432642483,8.495274503557395
centro_1q,Centro | 1 quarto,p25,p75,0.55,0.4,0.05,376.25,980000.0,75532.1875,30212.875,7000.0,38319.3125,14700.0,7159.85,49000.0,1050859.85,3.64647221986833,27.423765757801633,8.495274503557395
centro_1q,Centro | 1 quarto,p25,p75,0.55,0.4,0.08,376.25,980000.0,75532.1875,30212.875,7000.0,38319.3125,14700.0,7159.85,78400.0,1080259.85,3.547231020388289,28.19100290486684,8.495274503557395
centro_1q,Centro | 1 quarto,p25,p75,0.7,0.2,0.03,376.25,980000.0,96131.875,19226.375,7000.0,69905.5,14700.0,7159.85,29400.0,1031259.85,6.7786504051331,14.75219904013275,6.371455877668048
centro_1q,Centro | 1 quarto,p25,p75,0.7,0.2,0.05,376.25,980000.0,96131.875,19226.375,7000.0,69905.5,14700.0,7159.85,49000.0,1050859.85,6.65221913274163,15.032577551122587,6.371455877668048
centro_1q,Centro | 1 quarto,p25,p75,0.7,0.2,0.08,376.25,980000.0,96131.875,19226.375,7000.0,69905.5,14700.0,7159.85,78400.0,1080259.85,6.471174504911943,15.453145317607342,6.371455877668048
centro_1q,Centro | 1 quarto,p25,p75,0.7,0.3,0.03,376.25,980000.0,96131.875,28839.5625,7000.0,60292.3125,14700.0,7159.85,29400.0,1031259.85,5.846471430066826,17.104333989511513,7.2816638601920545
centro_1q,Centro | 1 quarto,p25,p75,0.7,0.3,0.05,376.25,980000.0,96131.875,28839.5625,7000.0,60292.3125,14700.0,7159.85,49000.0,1050859.85,5.73742659404106,17.429416892908197,7.2816638601920545
centro_1q,Centro | 1 quarto,p25,p75,0.7,0.3,0.08,376.25,980000.0,96131.875,28839.5625,7000.0,60292.3125,14700.0,7159.85,78400.0,1080259.85,5.5812786617960475,17.91704124800322,7.2816638601920545
centro_1q,Centro | 1 quarto,p25,p75,0.7,0.4,0.03,376.25,980000.0,96131.875,38452.75,7000.0,50679.125,14700.0,7159.85,29400.0,1031259.85,4.914292455000551,20.348809297713803,8.495274503557395
centro_1q,Centro | 1 quarto,p25,p75,0.7,0.4,0.05,376.25,980000.0,96131.875,38452.75,7000.0,50679.125,14700.0,7159.85,49000.0,1050859.85,4.82263405534049,20.73555630646741,8.495274503557395
centro_1q,Centro | 1 quarto,p25,p75,0.7,0.4,0.08,376.25,980000.0,96131.875,38452.75,7000.0,50679.125,14700.0,7159.85,78400.0,1080259.85,4.691382818680153,21.315676819597815,8.495274503557395
centro_1q,Centro | 1 quarto,mediana,p25,0.4,0.2,0.03,445.0,652500.0,64970.0,12994.0,7000.0,44976.0,9787.5,6300.74,19575.0,688163.24,6.535658603327897,15.300676805407328,5.387101739264276
centro_1q,Centro | 1 quarto,mediana,p25,0.4,0.2,0.05,445.0,652500.0,64970.0,12994.0,7000.0,44976.0,9787.5,6300.74,32625.0,701213.24,6.414026067163251,15.5908315546069,5.387101739264276
centro_1q,Centro | 1 quarto,mediana,p25,0.4,0.2,0.08,445.0,652500.0,64970.0,12994.0,7000.0,44976.0,9787.5,6300.74,52200.0,720788.24,6.239835433497084,16.02606367840626,5.387101739264276
centro_1q,Centro | 1 quarto,mediana,p25,0.4,0.3,0.03,445.0,652500.0,64970.0,19491.0,7000.0,38479.0,9787.5,6300.74,19575.0,688163.24,5.591551213924185,17.884124847319317,6.156687702016315
centro_1q,Centro | 1 quarto,mediana,p25,0.4,0.3,0.05,445.0,652500.0,64970.0,19491.0,7000.0,38479.0,9787.5,6300.74,32625.0,701213.24,5.48748908391975,18.223270875022738,6.156687702016315
centro_1q,Centro | 1 quarto,mediana,p25,0.4,0.3,0.08,445.0,652500.0,64970.0,19491.0,7000.0,38479.0,9787.5,6300.74,52200.0,720788.24,5.338461126946244,18.731989916577874,6.156687702016315
centro_1q,Centro | 1 quarto,mediana,p25,0.4,0.4,0.03,445.0,652500.0,64970.0,25988.0,7000.0,31982.0,9787.5,6300.74,19575.0,688163.24,4.647443824520473,21.517204677631167,7.182802319019034
centro_1q,Centro | 1 quarto,mediana,p25,0.4,0.4,0.05,445.0,652500.0,64970.0,25988.0,7000.0,31982.0,9787.5,6300.74,32625.0,701213.24,4.560952100676251,21.925246701269465,7.182802319019034
centro_1q,Centro | 1 quarto,mediana,p25,0.4,0.4,0.08,445.0,652500.0,64970.0,25988.0,7000.0,31982.0,9787.5,6300.74,52200.0,720788.24,4.437086820395405,22.537309736726908,7.182802319019034
centro_1q,Centro | 1 quarto,mediana,p25,0.55,0.2,0.03,445.0,652500.0,89333.75,17866.75,7000.0,64467.0,9787.5,6300.74,19575.0,688163.24,9.367980771539033,10.674658972807793,5.387101739264276
centro_1q,Centro | 1 quarto,mediana,p25,0.55,0.2,0.05,445.0,652500.0,89333.75,17866.75,7000.0,64467.0,9787.5,6300.74,32625.0,701213.24,9.193637016893748,10.877088122605365,5.387101739264276
centro_1q,Centro | 1 quarto,mediana,p25,0.55,0.2,0.08,445.0,652500.0,89333.75,17866.75,7000.0,64467.0,9787.5,6300.74,52200.0,720788.24,8.943958353149602,11.18073184730172,5.387101739264276
centro_1q,Centro | 1 quarto,mediana,p25,0.55,0.3,0.03,445.0,652500.0,89333.75,26800.125,7000.0,55533.625,9787.5,6300.74,19575.0,688163.24,8.06983311110893,12.391829994890482,6.156687702016315
centro_1q,Centro | 1 quarto,mediana,p25,0.55,0.3,0.05,445.0,652500.0,89333.75,26800.125,7000.0,55533.625,9787.5,6300.74,32625.0,701213.24,7.919648664933937,12.626822758283833,6.156687702016315
centro_1q,Centro | 1 quarto,mediana,p25,0.55,0.3,0.08,445.0,652500.0,89333.75,26800.125,7000.0,55533.625,9787.5,6300.74,52200.0,720788.24,7.704568681642197,12.979311903373857,6.156687702016315
centro_1q,Centro | 1 quarto,mediana,p25,0.55,0.4,0.03,445.0,652500.0,89333.75,35733.5,7000.0,46600.25,9787.5,6300.74,19575.0,688163.24,6.771685450678825,14.767372278045718,7.182802319019034
centro_1q,Centro | 1 quarto,mediana,p25,0.55,0.4,0.05,445.0,652500.0,89333.75,35733.5,7000.0,46600.25,9787.5,6300.74,32625.0,701213.24,6.645660312974125,15.047413694132542,7.182802319019034
centro_1q,Centro | 1 quarto,mediana,p25,0.55,0.4,0.08,445.0,652500.0,89333.75,35733.5,7000.0,46600.25,9787.5,6300.74,52200.0,720788.24,6.4651790101347935,15.467475818262777,7.182802319019034
centro_1q,Centro | 1 quarto,mediana,p25,0.7,0.2,0.03,445.0,652500.0,113697.5,22739.5,7000.0,83958.0,9787.5,6300.74,19575.0,688163.24,12.200302939750166,8.196517782700875,5.387101739264276
centro_1q,Centro | 1 quarto,mediana,p25,0.7,0.2,0.05,445.0,652500.0,113697.5,22739.5,7000.0,83958.0,9787.5,6300.74,32625.0,701213.24,11.973247966624246,8.351952642988161,5.387101739264276
centro_1q,Centro | 1 quarto,mediana,p25,0.7,0.2,0.08,445.0,652500.0,113697.5,22739.5,7000.0,83958.0,9787.5,6300.74,52200.0,720788.24,11.64808127280212,8.58510493341909,5.387101739264276
centro_1q,Centro | 1 quarto,mediana,p25,0.7,0.3,0.03,445.0,652500.0,113697.5,34109.25,7000.0,72588.25,9787.5,6300.74,19575.0,688163.24,10.548115008293673,9.48036686378305,6.156687702016315
centro_1q,Centro | 1 quarto,mediana,p25,0.7,0.3,0.05,445.0,652500.0,113697.5,34109.25,7000.0,72588.25,9787.5,6300.74,32625.0,701213.24,10.351808245948122,9.660148026712312,6.156687702016315
centro_1q,Centro | 1 quarto,mediana,p25,0.7,0.3,0.08,445.0,652500.0,113697.5,34109.25,7000.0,72588.25,9787.5,6300.74,52200.0,720788.24,10.070676236338151,9.929819771106205,6.156687702016315
centro_1q,Centro | 1 quarto,mediana,p25,0.7,0.4,0.03,445.0,652500.0,113697.5,45479.0,7000.0,61218.5,9787.5,6300.74,19575.0,688163.24,8.895927076837177,11.241099340885517,7.182802319019034
centro_1q,Centro | 1 quarto,mediana,p25,0.7,0.4,0.05,445.0,652500.0,113697.5,45479.0,7000.0,61218.5,9787.5,6300.74,32625.0,701213.24,8.730368525271999,11.454270196100852,7.182802319019034
centro_1q,Centro | 1 quarto,mediana,p25,0.7,0.4,0.08,445.0,652500.0,113697.5,45479.0,7000.0,61218.5,9787.5,6300.74,52200.0,720788.24,8.493271199874181,11.774026478923854,7.182802319019034
centro_1q,Centro | 1 quarto,mediana,mediana,0.4,0.2,0.03,445.0,890000.0,64970.0,12994.0,7000.0,44976.0,13350.0,6914.39,26700.0,936964.39,4.800182427423949,20.832541577730346,5.387101739264276
centro_1q,Centro | 1 quarto,mediana,mediana,0.4,0.2,0.05,445.0,890000.0,64970.0,12994.0,7000.0,44976.0,13350.0,6914.39,44500.0,954764.39,4.710690980001883,21.228308208822483,5.387101739264276
centro_1q,Centro | 1 quarto,mediana,mediana,0.4,0.2,0.08,445.0,890000.0,64970.0,12994.0,7000.0,44976.0,13350.0,6914.39,71200.0,981464.39,4.582540177540216,21.821958155460692,5.387101739264276
centro_1q,Centro | 1 quarto,mediana,mediana,0.4,0.3,0.03,445.0,890000.0,64970.0,19491.0,7000.0,38479.0,13350.0,6914.39,26700.0,936964.39,4.1067729372297705,24.350019231269005,6.156687702016315
centro_1q,Centro | 1 quarto,mediana,mediana,0.4,0.3,0.05,445.0,890000.0,64970.0,19491.0,7000.0,38479.0,13350.0,6914.39,44500.0,954764.39,4.030208960767798,24.812609215416202,6.156687702016315
centro_1q,Centro | 1 quarto,mediana,mediana,0.4,0.3,0.08,445.0,890000.0,64970.0,19491.0,7000.0,38479.0,13350.0,6914.39,71200.0,981464.39,3.9205701594532636,25.506494191636996,6.156687702016315
centro_1q,Centro | 1 quarto,mediana,mediana,0.4,0.4,0.03,445.0,890000.0,64970.0,25988.0,7000.0,31982.0,13350.0,6914.39,26700.0,936964.39,3.413363447035591,29.296616534300544,7.182802319019034
centro_1q,Centro | 1 quarto,mediana,mediana,0.4,0.4,0.05,445.0,890000.0,64970.0,25988.0,7000.0,31982.0,13350.0,6914.39,44500.0,954764.39,3.3497269415337114,29.853179601025577,7.182802319019034
centro_1q,Centro | 1 quarto,mediana,mediana,0.4,0.4,0.08,445.0,890000.0,64970.0,25988.0,7000.0,31982.0,13350.0,6914.39,71200.0,981464.39,3.2586001413663106,30.688024201113127,7.182802319019034
centro_1q,Centro | 1 quarto,mediana,mediana,0.55,0.2,0.03,445.0,890000.0,89333.75,17866.75,7000.0,64467.0,13350.0,6914.39,26700.0,936964.39,6.880410898006486,14.534015697953992,5.387101739264276
centro_1q,Centro | 1 quarto,mediana,mediana,0.55,0.2,0.05,445.0,890000.0,89333.75,17866.75,7000.0,64467.0,13350.0,6914.39,44500.0,954764.39,6.75213703770414,14.81012595591543,5.387101739264276
centro_1q,Centro | 1 quarto,mediana,mediana,0.55,0.2,0.08,445.0,890000.0,89333.75,17866.75,7000.0,64467.0,13350.0,6914.39,71200.0,981464.39,6.568450231801075,15.224291342857587,5.387101739264276
centro_1q,Centro | 1 quarto,mediana,mediana,0.55,0.3,0.03,445.0,890000.0,89333.75,26800.125,7000.0,55533.625,13350.0,6914.39,26700.0,936964.39,5.92697284898949,16.87201924959878,6.156687702016315
centro_1q,Centro | 1 quarto,mediana,mediana,0.55,0.3,0.05,445.0,890000.0,89333.75,26800.125,7000.0,55533.625,13350.0,6914.39,44500.0,954764.39,5.816474261257272,17.19254577744565,6.156687702016315
centro_1q,Centro | 1 quarto,mediana,mediana,0.55,0.3,0.08,445.0,890000.0,89333.75,26800.125,7000.0,55533.625,13350.0,6914.39,71200.0,981464.39,5.658241456931514,17.673335569215947,6.156687702016315
centro_1q,Centro | 1 quarto,mediana,mediana,0.55,0.4,0.03,445.0,890000.0,89333.75,35733.5,7000.0,46600.25,13350.0,6914.39,26700.0,936964.39,4.973534799972494,20.106424107166806,7.182802319019034
centro_1q,Centro | 1 quarto,mediana,mediana,0.55,0.4,0.05,445.0,890000.0,89333.75,35733.5,7000.0,46600.25,13350.0,6914.39,44500.0,954764.39,4.880811484810405,20.488396306886766,7.182802319019034
centro_1q,Centro | 1 quarto,mediana,mediana,0.55,0.4,0.08,445.0,890000.0,89333.75,35733.5,7000.0,46600.25,13350.0,6914.39,71200.0,981464.39,4.748032682061954,21.061354606466704,7.182802319019034
centro_1q,Centro | 1 quarto,mediana,mediana,0.7,0.2,0.03,445.0,890000.0,113697.5,22739.5,7000.0,83958.0,13350.0,6914.39,26700.0,936964.39,8.960639368589025,11.159917935158056,5.387101739264276
centro_1q,Centro | 1 quarto,mediana,mediana,0.7,0.2,0.05,445.0,890000.0,113697.5,22739.5,7000.0,83958.0,13350.0,6914.39,44500.0,954764.39,8.793583095406396,11.371928702446462,5.387101739264276
centro_1q,Centro | 1 quarto,mediana,mediana,0.7,0.2,0.08,445.0,890000.0,113697.5,22739.5,7000.0,83958.0,13350.0,6914.39,71200.0,981464.39,8.554360286061932,11.689944853379071,5.387101739264276
centro_1q,Centro | 1 quarto,mediana,mediana,0.7,0.3,0.03,445.0,890000.0,113697.5,34109.25,7000.0,72588.25,13350.0,6914.39,26700.0,936964.39,7.74717276074921,12.90793468639897,6.156687702016315
centro_1q,Centro | 1 quarto,mediana,mediana,0.7,0.3,0.05,445.0,890000.0,113697.5,34109.25,7000.0,72588.25,13350.0,6914.39,44500.0,954764.39,7.602739561746747,13.153153437367619,6.156687702016315
centro_1q,Centro | 1 quarto,mediana,mediana,0.7,0.3,0.08,445.0,890000.0,113697.5,34109.25,7000.0,72588.25,13350.0,6914.39,71200.0,981464.39,7.395912754409766,13.520981563820591,6.156687702016315
centro_1q,Centro | 1 quarto,mediana,mediana,0.7,0.4,0.03,445.0,890000.0,113697.5,45479.0,7000.0,61218.5,13350.0,6914.39,26700.0,936964.39,6.533706152909397,15.305249066867042,7.182802319019034
centro_1q,Centro | 1 quarto,mediana,mediana,0.7,0.4,0.05,445.0,890000.0,113697.5,45479.0,7000.0,61218.5,13350.0,6914.39,44500.0,954764.39,6.411896028087097,15.596010846394472,7.182802319019034
centro_1q,Centro | 1 quarto,mediana,mediana,0.7,0.4,0.08,445.0,890000.0,113697.5,45479.0,7000.0,61218.5,13350.0,6914.39,71200.0,981464.39,6.237465222757598,16.032153515685618,7.182802319019034
centro_1q,Centro | 1 quarto,mediana,p75,0.4,0.2,0.03,445.0,980000.0,64970.0,12994.0,7000.0,44976.0,14700.0,7159.85,29400.0,1031259.85,4.361267434197114,22.92911441657773,5.387101739264276
centro_1q,Centro | 1 quarto,mediana,p75,0.4,0.2,0.05,445.0,980000.0,64970.0,12994.0,7000.0,44976.0,14700.0,7159.85,49000.0,1050859.85,4.279923721512436,23.36490239238705,5.387101739264276
centro_1q,Centro | 1 quarto,mediana,p75,0.4,0.2,0.08,445.0,980000.0,64970.0,12994.0,7000.0,44976.0,14700.0,7159.85,78400.0,1080259.85,4.1634427124177575,24.018584356101034,5.387101739264276
centro_1q,Centro | 1 quarto,mediana,p75,0.4,0.3,0.03,445.0,980000.0,64970.0,19491.0,7000.0,38479.0,14700.0,7159.85,29400.0,1031259.85,3.731261330497837,26.800588632760725,6.156687702016315
centro_1q,Centro | 1 quarto,mediana,p75,0.4,0.3,0.05,445.0,980000.0,64970.0,19491.0,7000.0,38479.0,14700.0,7159.85,49000.0,1050859.85,3.661668109215515,27.30995737934978,6.156687702016315
centro_1q,Centro | 1 quarto,mediana,p75,0.4,0.3,0.08,445.0,980000.0,64970.0,19491.0,7000.0,38479.0,14700.0,7159.85,78400.0,1080259.85,3.5620133433636356,28.07401049923335,6.156687702016315
centro_1q,Centro | 1 quarto,mediana,p75,0.4,0.4,0.03,445.0,980000.0,64970.0,25988.0,7000.0,31982.0,14700.0,7159.85,29400.0,1031259.85,3.1012552267985614,32.24500812957288,7.182802319019034
centro_1q,Centro | 1 quarto,mediana,p75,0.4,0.4,0.05,445.0,980000.0,64970.0,25988.0,7000.0,31982.0,14700.0,7159.85,49000.0,1050859.85,3.0434124969185947,32.85785285473079,7.182802319019034
centro_1q,Centro | 1 quarto,mediana,p75,0.4,0.4,0.08,445.0,980000.0,64970.0,25988.0,7000.0,31982.0,14700.0,7159.85,78400.0,1080259.85,2.960583974309514,33.77711994246764,7.182802319019034
centro_1q,Centro | 1 quarto,mediana,p75,0.55,0.2,0.03,445.0,980000.0,89333.75,17866.75,7000.0,64467.0,14700.0,7159.85,29400.0,1031259.85,6.2512857452949415,15.996709169032219,5.387101739264276
centro_1q,Centro | 1 quarto,mediana,p75,0.55,0.2,0.05,445.0,980000.0,89333.75,17866.75,7000.0,64467.0,14700.0,7159.85,49000.0,1050859.85,6.1346905584031965,16.3007406890347,5.387101739264276
centro_1q,Centro | 1 quarto,mediana,p75,0.55,0.2,0.08,445.0,980000.0,89333.75,17866.75,7000.0,64467.0,14700.0,7159.85,78400.0,1080259.85,5.967730819580122,16.756787969038424,5.387101739264276
centro_1q,Centro | 1 quarto,mediana,p75,0.55,0.3,0.03,445.0,980000.0,89333.75,26800.125,7000.0,55533.625,14700.0,7159.85,29400.0,1031259.85,5.385027352708438,18.570007810583228,6.156687702016315
centro_1q,Centro | 1 quarto,mediana,p75,0.55,0.3,0.05,445.0,980000.0,89333.75,26800.125,7000.0,55533.625,14700.0,7159.85,49000.0,1050859.85,5.284589091494931,18.922947133380905,6.156687702016315
centro_1q,Centro | 1 quarto,mediana,p75,0.55,0.3,0.08,445.0,980000.0,89333.75,26800.125,7000.0,55533.625,14700.0,7159.85,78400.0,1080259.85,5.140765437130704,19.452356117577416,6.156687702016315
centro_1q,Centro | 1 quarto,mediana,p75,0.55,0.4,0.03,445.0,980000.0,89333.75,35733.5,7000.0,46600.25,14700.0,7159.85,29400.0,1031259.85,4.518768960121933,22.129920976818795,7.182802319019034
centro_1q,Centro | 1 quarto,mediana,p75,0.55,0.4,0.05,445.0,980000.0,89333.75,35733.5,7000.0,46600.25,14700.0,7159.85,49000.0,1050859.85,4.434487624586665,22.550519578757626,7.182802319019034
centro_1q,Centro | 1 quarto,mediana,p75,0.55,0.4,0.08,445.0,980000.0,89333.75,35733.5,7000.0,46600.25,14700.0,7159.85,78400.0,1080259.85,4.313800054681288,23.18141748166587,7.182802319019034
centro_1q,Centro | 1 quarto,mediana,p75,0.7,0.2,0.03,445.0,980000.0,113697.5,22739.5,7000.0,83958.0,14700.0,7159.85,29400.0,1031259.85,8.14130405639277,12.283044498439695,5.387101739264276
centro_1q,Centro | 1 quarto,mediana,p75,0.7,0.2,0.05,445.0,980000.0,113697.5,22739.5,7000.0,83958.0,14700.0,7159.85,49000.0,1050859.85,7.989457395293958,12.516494556802211,5.387101739264276
centro_1q,Centro | 1 quarto,mediana,p75,0.7,0.2,0.08,445.0,980000.0,113697.5,22739.5,7000.0,83958.0,14700.0,7159.85,78400.0,1080259.85,7.772018926742487,12.866669644345984,5.387101739264276
centro_1q,Centro | 1 quarto,mediana,p75,0.7,0.3,0.03,445.0,980000.0,113697.5,34109.25,7000.0,72588.25,14700.0,7159.85,29400.0,1031259.85,7.038793374919037,14.206980468602012,6.156687702016315
centro_1q,Centro | 1 quarto,mediana,p75,0.7,0.3,0.05,445.0,980000.0,113697.5,34109.25,7000.0,72588.25,14700.0,7159.85,49000.0,1050859.85,6.907510073774348,14.476996621354008,6.156687702016315
centro_1q,Centro | 1 quarto,mediana,p75,0.7,0.3,0.08,445.0,980000.0,113697.5,34109.25,7000.0,72588.25,14700.0,7159.85,78400.0,1080259.85,6.719517530897774,14.882020850482,6.156687702016315
centro_1q,Centro | 1 quarto,mediana,p75,0.7,0.4,0.03,445.0,980000.0,113697.5,45479.0,7000.0,61218.5,14700.0,7159.85,29400.0,1031259.85,5.936282693445303,16.845558940516348,7.182802319019034
centro_1q,Centro | 1 quarto,mediana,p75,0.7,0.4,0.05,445.0,980000.0,113697.5,45479.0,7000.0,61218.5,14700.0,7159.85,49000.0,1050859.85,5.825562752254736,17.165723596625206,7.182802319019034
centro_1q,Centro | 1 quarto,mediana,p75,0.7,0.4,0.08,445.0,980000.0,113697.5,45479.0,7000.0,61218.5,14700.0,7159.85,78400.0,1080259.85,5.667016135053061,17.64597058078849,7.182802319019034
centro_1q,Centro | 1 quarto,p75,p25,0.4,0.2,0.03,523.999975,652500.0,76503.99635,15300.799270000001,7000.0,54203.19708,9787.5,6300.74,19575.0,688163.24,7.87650283092715,12.695989850641482,4.57492440523991
centro_1q,Centro | 1 quarto,p75,p25,0.4,0.2,0.05,523.999975,652500.0,76503.99635,15300.799270000001,7000.0,54203.19708,9787.5,6300.74,32625.0,701213.24,7.729916377505935,12.9367505567072,4.57492440523991
centro_1q,Centro | 1 quarto,p75,p25,0.4,0.2,0.08,523.999975,652500.0,76503.99635,15300.799270000001,7000.0,54203.19708,9787.5,6300.74,52200.0,720788.24,7.519989099711172,13.297891615805774,4.57492440523991
centro_1q,Centro | 1 quarto,p75,p25,0.4,0.3,0.03,523.999975,652500.0,76503.99635,22951.198905,7000.0,46552.797445000004,9787.5,6300.74,19575.0,688163.24,6.764789913073532,14.782425069364162,5.228485034559897
centro_1q,Centro | 1 quarto,p75,p25,0.4,0.3,0.05,523.999975,652500.0,76503.99635,22951.198905,7000.0,46552.797445000004,9787.5,6300.74,32625.0,701213.24,6.6388931054696005,15.062751939417847,5.228485034559897
centro_1q,Centro | 1 quarto,p75,p25,0.4,0.3,0.08,523.999975,652500.0,76503.99635,22951.198905,7000.0,46552.797445000004,9787.5,6300.74,52200.0,720788.24,6.4585955848835725,15.483242244498372,5.228485034559897
centro_1q,Centro | 1 quarto,p75,p25,0.4,0.4,0.03,523.999975,652500.0,76503.99635,30601.598540000003,7000.0,38902.397809999995,9787.5,6300.74,19575.0,688163.24,5.653076995219912,17.689481336369074,6.099899206986548
centro_1q,Centro | 1 quarto,p75,p25,0.4,0.4,0.05,523.999975,652500.0,76503.99635,30601.598540000003,7000.0,38902.397809999995,9787.5,6300.74,32625.0,701213.24,5.547869833433264,18.024936237214426,6.099899206986548
centro_1q,Centro | 1 quarto,p75,p25,0.4,0.4,0.08,523.999975,652500.0,76503.99635,30601.598540000003,7000.0,38902.397809999995,9787.5,6300.74,52200.0,720788.24,5.39720207005597,18.528118588482453,6.099899206986548
centro_1q,Centro | 1 quarto,p75,p25,0.55,0.2,0.03,523.999975,652500.0,105192.99498125,21038.598996250003,7000.0,77154.395985,9787.5,6300.74,19575.0,688163.24,11.211641584488005,8.919300465183987,4.57492440523991
centro_1q,Centro | 1 quarto,p75,p25,0.55,0.2,0.05,523.999975,652500.0,105192.99498125,21038.598996250003,7000.0,77154.395985,9787.5,6300.74,32625.0,701213.24,11.002986193614941,9.08844183209375,4.57492440523991
centro_1q,Centro | 1 quarto,p75,p25,0.55,0.2,0.08,523.999975,652500.0,105192.99498125,21038.598996250003,7000.0,77154.395985,9787.5,6300.74,52200.0,720788.24,10.704169644193973,9.342153882458394,4.57492440523991
centro_1q,Centro | 1 quarto,p75,p25,0.55,0.3,0.03,523.999975,652500.0,105192.99498125,31557.898494374997,7000.0,66635.096486875,9787.5,6300.74,19575.0,688163.24,9.683036322439282,10.327339139300959,5.228485034559897
centro_1q,Centro | 1 quarto,p75,p25,0.55,0.3,0.05,523.999975,652500.0,105192.99498125,31557.898494374997,7000.0,66635.096486875,9787.5,6300.74,32625.0,701213.24,9.502829194564981,10.523181881159529,5.228485034559897
centro_1q,Centro | 1 quarto,p75,p25,0.55,0.3,0.08,523.999975,652500.0,105192.99498125,31557.898494374997,7000.0,66635.096486875,9787.5,6300.74,52200.0,720788.24,9.244753561306023,10.816945993947385,5.228485034559897
centro_1q,Centro | 1 quarto,p75,p25,0.55,0.4,0.03,523.999975,652500.0,105192.99498125,42077.197992500005,7000.0,56115.79698874999,9787.5,6300.74,19575.0,688163.24,8.154431060390554,12.263271252085431,6.099899206986548
centro_1q,Centro | 1 quarto,p75,p25,0.55,0.4,0.05,523.999975,652500.0,105192.99498125,42077.197992500005,7000.0,56115.79698874999,9787.5,6300.74,32625.0,701213.24,8.002672195515018,12.495826088696168,6.099899206986548
centro_1q,Centro | 1 quarto,p75,p25,0.55,0.4,0.08,523.999975,652500.0,105192.99498125,42077.197992500005,7000.0,56115.79698874999,9787.5,6300.74,52200.0,720788.24,7.785337478418071,12.844658343612272,6.099899206986548
centro_1q,Centro | 1 quarto,p75,p25,0.7,0.2,0.03,523.999975,652500.0,133881.9936125,26776.398722500002,7000.0,100105.59489,9787.5,6300.74,19575.0,688163.24,14.546780338048862,6.8743734129564,4.57492440523991
centro_1q,Centro | 1 quarto,p75,p25,0.7,0.2,0.05,523.999975,652500.0,133881.9936125,26776.398722500002,7000.0,100105.59489,9787.5,6300.74,32625.0,701213.24,14.276056009723945,7.004735756982624,4.57492440523991
centro_1q,Centro | 1 quarto,p75,p25,0.7,0.2,0.08,523.999975,652500.0,133881.9936125,26776.398722500002,7000.0,100105.59489,9787.5,6300.74,52200.0,720788.24,13.888350188676773,7.20027927302196,4.57492440523991
centro_1q,Centro | 1 quarto,p75,p25,0.7,0.3,0.03,523.999975,652500.0,133881.9936125,40164.598083749996,7000.0,86717.39552875,9787.5,6300.74,19575.0,688163.24,12.60128273180503,7.935700049615173,5.228485034559897
centro_1q,Centro | 1 quarto,p75,p25,0.7,0.3,0.05,523.999975,652500.0,133881.9936125,40164.598083749996,7000.0,86717.39552875,9787.5,6300.74,32625.0,701213.24,12.36676528366036,8.086188886606056,5.228485034559897
centro_1q,Centro | 1 quarto,p75,p25,0.7,0.3,0.08,523.999975,652500.0,133881.9936125,40164.598083749996,7000.0,86717.39552875,9787.5,6300.74,52200.0,720788.24,12.030911537728475,8.311922142092381,5.228485034559897
centro_1q,Centro | 1 quarto,p75,p25,0.7,0.4,0.03,523.999975,652500.0,133881.9936125,53552.797445000004,7000.0,73329.19616749999,9787.5,6300.74,19575.0,688163.24,10.655785125561195,9.384573620963797,6.099899206986548
centro_1q,Centro | 1 quarto,p75,p25,0.7,0.4,0.05,523.999975,652500.0,133881.9936125,53552.797445000004,7000.0,73329.19616749999,9787.5,6300.74,32625.0,701213.24,10.457474557596772,9.562538206450197,6.099899206986548
centro_1q,Centro | 1 quarto,p75,p25,0.7,0.4,0.08,523.999975,652500.0,133881.9936125,53552.797445000004,7000.0,73329.19616749999,9787.5,6300.74,52200.0,720788.24,10.173472886780171,9.829485084679796,6.099899206986548
centro_1q,Centro | 1 quarto,p75,mediana,0.4,0.2,0.03,523.999975,890000.0,76503.99635,15300.799270000001,7000.0,54203.19708,13350.0,6914.39,26700.0,936964.39,5.784979414212316,17.286146214163498,4.57492440523991
centro_1q,Centro | 1 quarto,p75,mediana,0.4,0.2,0.05,523.999975,890000.0,76503.99635,15300.799270000001,7000.0,54203.19708,13350.0,6914.39,44500.0,954764.39,5.677128058787362,17.614540127417886,4.57492440523991
centro_1q,Centro | 1 quarto,p75,mediana,0.4,0.2,0.08,523.999975,890000.0,76503.99635,15300.799270000001,7000.0,54203.19708,13350.0,6914.39,71200.0,981464.39,5.522686063016509,18.107130997299468,4.57492440523991
centro_1q,Centro | 1 quarto,p75,mediana,0.4,0.3,0.03,523.999975,890000.0,76503.99635,22951.198905,7000.0,46552.797445000004,13350.0,6914.39,26700.0,936964.39,4.968470300669591,20.126919141797664,5.228485034559897
centro_1q,Centro | 1 quarto,p75,mediana,0.4,0.3,0.05,523.999975,890000.0,76503.99635,22951.198905,7000.0,46552.797445000004,13350.0,6914.39,44500.0,954764.39,4.875841404705092,20.50928069635365,5.228485034559897
centro_1q,Centro | 1 quarto,p75,mediana,0.4,0.3,0.08,523.999975,890000.0,76503.99635,22951.198905,7000.0,46552.797445000004,13350.0,6914.39,71200.0,981464.39,4.743197809245021,21.082823028187622,5.228485034559897
centro_1q,Centro | 1 quarto,p75,mediana,0.4,0.4,0.03,523.999975,890000.0,76503.99635,30601.598540000003,7000.0,38902.397809999995,13350.0,6914.39,26700.0,936964.39,4.151961187126865,24.085003566519237,6.099899206986548
centro_1q,Centro | 1 quarto,p75,mediana,0.4,0.4,0.05,523.999975,890000.0,76503.99635,30601.598540000003,7000.0,38902.397809999995,13350.0,6914.39,44500.0,954764.39,4.074554750622821,24.54255891020102,6.099899206986548
centro_1q,Centro | 1 quarto,p75,mediana,0.4,0.4,0.08,523.999975,890000.0,76503.99635,30601.598540000003,7000.0,38902.397809999995,13350.0,6914.39,71200.0,981464.39,3.9637095554735304,25.228891925723694,6.099899206986548
centro_1q,Centro | 1 quarto,p75,mediana,0.55,0.2,0.03,523.999975,890000.0,105192.99498125,21038.598996250003,7000.0,77154.395985,13350.0,6914.39,26700.0,936964.39,8.23450675484049,12.144018212289035,4.57492440523991
centro_1q,Centro | 1 quarto,p75,mediana,0.55,0.2,0.05,523.999975,890000.0,105192.99498125,21038.598996250003,7000.0,77154.395985,13350.0,6914.39,44500.0,954764.39,8.080988021034173,12.374724444549095,4.57492440523991
centro_1q,Centro | 1 quarto,p75,mediana,0.55,0.2,0.08,523.999975,890000.0,105192.99498125,21038.598996250003,7000.0,77154.395985,13350.0,6914.39,71200.0,981464.39,7.861150824330977,12.720783792939184,4.57492440523991
centro_1q,Centro | 1 quarto,p75,mediana,0.55,0.3,0.03,523.999975,890000.0,105192.99498125,31557.898494374997,7000.0,66635.096486875,13350.0,6914.39,26700.0,936964.39,7.111806723719244,14.061124533443907,5.228485034559897
centro_1q,Centro | 1 quarto,p75,mediana,0.55,0.3,0.05,523.999975,890000.0,105192.99498125,31557.898494374997,7000.0,66635.096486875,13350.0,6914.39,44500.0,954764.39,6.979218871671051,14.328251031917667,5.228485034559897
centro_1q,Centro | 1 quarto,p75,mediana,0.55,0.3,0.08,523.999975,890000.0,105192.99498125,31557.898494374997,7000.0,66635.096486875,13350.0,6914.39,71200.0,981464.39,6.78935447539518,14.728940779628305,5.228485034559897
centro_1q,Centro | 1 quarto,p75,mediana,0.55,0.4,0.03,523.999975,890000.0,105192.99498125,42077.197992500005,7000.0,56115.79698874999,13350.0,6914.39,26700.0,936964.39,5.989106692597996,16.696980890921697,6.099899206986548
centro_1q,Centro | 1 quarto,p75,mediana,0.55,0.4,0.05,523.999975,890000.0,105192.99498125,42077.197992500005,7000.0,56115.79698874999,13350.0,6914.39,44500.0,954764.39,5.877449722307929,17.014182123999944,6.099899206986548
centro_1q,Centro | 1 quarto,p75,mediana,0.55,0.4,0.08,523.999975,890000.0,105192.99498125,42077.197992500005,7000.0,56115.79698874999,13350.0,6914.39,71200.0,981464.39,5.717558126459381,17.489983973617313,6.099899206986548
centro_1q,Centro | 1 quarto,p75,mediana,0.7,0.2,0.03,523.999975,890000.0,133881.9936125,26776.398722500002,7000.0,100105.59489,13350.0,6914.39,26700.0,936964.39,10.684034095468665,9.359760471226146,4.57492440523991
centro_1q,Centro | 1 quarto,p75,mediana,0.7,0.2,0.05,523.999975,890000.0,133881.9936125,26776.398722500002,7000.0,100105.59489,13350.0,6914.39,44500.0,954764.39,10.484847983280984,9.537572710587586,4.57492440523991
centro_1q,Centro | 1 quarto,p75,mediana,0.7,0.2,0.08,523.999975,890000.0,133881.9936125,26776.398722500002,7000.0,100105.59489,13350.0,6914.39,71200.0,981464.39,10.199615585645445,9.804291069629745,4.57492440523991
centro_1q,Centro | 1 quarto,p75,mediana,0.7,0.3,0.03,523.999975,890000.0,133881.9936125,40164.598083749996,7000.0,86717.39552875,13350.0,6914.39,26700.0,936964.39,9.255143146768898,10.804803168810137,5.228485034559897
centro_1q,Centro | 1 quarto,p75,mediana,0.7,0.3,0.05,523.999975,890000.0,133881.9936125,40164.598083749996,7000.0,86717.39552875,13350.0,6914.39,44500.0,954764.39,9.08259633863701,11.010067636123372,5.228485034559897
centro_1q,Centro | 1 quarto,p75,mediana,0.7,0.3,0.08,523.999975,890000.0,133881.9936125,40164.598083749996,7000.0,86717.39552875,13350.0,6914.39,71200.0,981464.39,8.83551114154534,11.317964337093226,5.228485034559897
centro_1q,Centro | 1 quarto,p75,mediana,0.7,0.4,0.03,523.999975,890000.0,133881.9936125,53552.797445000004,7000.0,73329.19616749999,13350.0,6914.39,26700.0,936964.39,7.826252198069127,12.777507990947665,6.099899206986548
centro_1q,Centro | 1 quarto,p75,mediana,0.7,0.4,0.05,523.999975,890000.0,133881.9936125,53552.797445000004,7000.0,73329.19616749999,13350.0,6914.39,44500.0,954764.39,7.680344693993037,13.020248958124515,6.099899206986548
centro_1q,Centro | 1 quarto,p75,mediana,0.7,0.4,0.08,523.999975,890000.0,133881.9936125,53552.797445000004,7000.0,73329.19616749999,13350.0,6914.39,71200.0,981464.39,7.471406697445232,13.384360408889792,6.099899206986548
centro_1q,Centro | 1 quarto,p75,p75,0.4,0.2,0.03,523.999975,980000.0,76503.99635,15300.799270000001,7000.0,54203.19708,14700.0,7159.85,29400.0,1031259.85,5.2560173927066005,19.02581223166477,4.57492440523991
centro_1q,Centro | 1 quarto,p75,p75,0.4,0.2,0.05,523.999975,980000.0,76503.99635,15300.799270000001,7000.0,54203.19708,14700.0,7159.85,49000.0,1050859.85,5.157985346951832,19.3874145181696,4.57492440523991
centro_1q,Centro | 1 quarto,p75,p75,0.4,0.2,0.08,523.999975,980000.0,76503.99635,15300.799270000001,7000.0,54203.19708,14700.0,7159.85,78400.0,1080259.85,5.017607298836478,19.92981794792685,4.57492440523991
centro_1q,Centro | 1 quarto,p75,p75,0.4,0.3,0.03,523.999975,980000.0,76503.99635,22951.198905,7000.0,46552.797445000004,14700.0,7159.85,29400.0,1031259.85,4.514167544193639,22.152478617818538,5.228485034559897
centro_1q,Centro | 1 quarto,p75,p75,0.4,0.3,0.05,523.999975,980000.0,76503.99635,22951.198905,7000.0,46552.797445000004,14700.0,7159.85,49000.0,1050859.85,4.429972031474986,22.57350594755434,5.228485034559897
centro_1q,Centro | 1 quarto,p75,p75,0.4,0.3,0.08,523.999975,980000.0,76503.99635,22951.198905,7000.0,46552.797445000004,14700.0,7159.85,78400.0,1080259.85,4.309407356480017,23.20504694215804,5.228485034559897
centro_1q,Centro | 1 quarto,p75,p75,0.4,0.4,0.03,523.999975,980000.0,76503.99635,30601.598540000003,7000.0,38902.397809999995,14700.0,7159.85,29400.0,1031259.85,3.7723176956806763,26.508901971459228,6.099899206986548
centro_1q,Centro | 1 quarto,p75,p75,0.4,0.4,0.05,523.999975,980000.0,76503.99635,30601.598540000003,7000.0,38902.397809999995,14700.0,7159.85,49000.0,1050859.85,3.701958715998141,27.012726956636925,6.099899206986548
centro_1q,Centro | 1 quarto,p75,p75,0.4,0.4,0.08,523.999975,980000.0,76503.99635,30601.598540000003,7000.0,38902.397809999995,14700.0,7159.85,78400.0,1080259.85,3.601207414123555,27.768464434403466,6.099899206986548
centro_1q,Centro | 1 quarto,p75,p75,0.55,0.2,0.03,523.999975,980000.0,105192.99498125,21038.598996250003,7000.0,77154.395985,14700.0,7159.85,29400.0,1031259.85,7.481566938245486,13.366183959245728,4.57492440523991
centro_1q,Centro | 1 quarto,p75,p75,0.55,0.2,0.05,523.999975,980000.0,105192.99498125,21038.598996250003,7000.0,77154.395985,14700.0,7159.85,49000.0,1050859.85,7.342025293382366,13.62022003521748,4.57492440523991
centro_1q,Centro | 1 quarto,p75,p75,0.55,0.2,0.08,523.999975,980000.0,105192.99498125,21038.598996250003,7000.0,77154.395985,14700.0,7159.85,78400.0,1080259.85,7.142207125905863,14.001274149175106,4.57492440523991
centro_1q,Centro | 1 quarto,p75,p75,0.55,0.3,0.03,523.999975,980000.0,105192.99498125,31557.898494374997,7000.0,66635.096486875,14700.0,7159.85,29400.0,1031259.85,6.461523396540164,15.47622655882438,5.228485034559897
centro_1q,Centro | 1 quarto,p75,p75,0.55,0.3,0.05,523.999975,980000.0,105192.99498125,31557.898494374997,7000.0,66635.096486875,14700.0,7159.85,49000.0,1050859.85,6.341006984601705,15.770365849278633,5.228485034559897
centro_1q,Centro | 1 quarto,p75,p75,0.55,0.3,0.08,523.999975,980000.0,105192.99498125,31557.898494374997,7000.0,66635.096486875,14700.0,7159.85,78400.0,1080259.85,6.168432205165729,16.21157478496001,5.228485034559897
centro_1q,Centro | 1 quarto,p75,p75,0.55,0.4,0.03,523.999975,980000.0,105192.99498125,42077.197992500005,7000.0,56115.79698874999,14700.0,7159.85,29400.0,1031259.85,5.44147985483484,18.377353710341943,6.099899206986548
centro_1q,Centro | 1 quarto,p75,p75,0.55,0.4,0.05,523.999975,980000.0,105192.99498125,42077.197992500005,7000.0,56115.79698874999,14700.0,7159.85,49000.0,1050859.85,5.339988675821042,18.72663147260788,6.099899206986548
centro_1q,Centro | 1 quarto,p75,p75,0.55,0.4,0.08,523.999975,980000.0,105192.99498125,42077.197992500005,7000.0,56115.79698874999,14700.0,7159.85,78400.0,1080259.85,5.194657284425594,19.25054811600678,6.099899206986548
centro_1q,Centro | 1 quarto,p75,p75,0.7,0.2,0.03,523.999975,980000.0,133881.9936125,26776.398722500002,7000.0,100105.59489,14700.0,7159.85,29400.0,1031259.85,9.707116483784372,10.301720409665307,4.57492440523991
centro_1q,Centro | 1 quarto,p75,p75,0.7,0.2,0.05,523.999975,980000.0,133881.9936125,26776.398722500002,7000.0,100105.59489,14700.0,7159.85,49000.0,1050859.85,9.526065239812901,10.497513661995882,4.57492440523991
centro_1q,Centro | 1 quarto,p75,p75,0.7,0.2,0.08,523.999975,980000.0,133881.9936125,26776.398722500002,7000.0,100105.59489,14700.0,7159.85,78400.0,1080259.85,9.266806952975248,10.791203540491743,4.57492440523991
centro_1q,Centro | 1 quarto,p75,p75,0.7,0.3,0.03,523.999975,980000.0,133881.9936125,40164.598083749996,7000.0,86717.39552875,14700.0,7159.85,29400.0,1031259.85,8.40887924888669,11.892191223133535,5.228485034559897
centro_1q,Centro | 1 quarto,p75,p75,0.7,0.3,0.05,523.999975,980000.0,133881.9936125,40164.598083749996,7000.0,86717.39552875,14700.0,7159.85,49000.0,1050859.85,8.252041937728423,12.11821277141103,5.228485034559897
centro_1q,Centro | 1 quarto,p75,p75,0.7,0.3,0.08,523.999975,980000.0,133881.9936125,40164.598083749996,7000.0,86717.39552875,14700.0,7159.85,78400.0,1080259.85,8.02745705385144,12.457245093827273,5.228485034559897
centro_1q,Centro | 1 quarto,p75,p75,0.7,0.4,0.03,523.999975,980000.0,133881.9936125,53552.797445000004,7000.0,73329.19616749999,14700.0,7159.85,29400.0,1031259.85,7.110642013989005,14.063427719081714,6.099899206986548
centro_1q,Centro | 1 quarto,p75,p75,0.7,0.4,0.05,523.999975,980000.0,133881.9936125,53552.797445000004,7000.0,73329.19616749999,14700.0,7159.85,49000.0,1050859.85,6.978018635643942,14.330715525636002,6.099899206986548
centro_1q,Centro | 1 quarto,p75,p75,0.7,0.4,0.08,523.999975,980000.0,133881.9936125,53552.797445000004,7000.0,73329.19616749999,14700.0,7159.85,78400.0,1080259.85,6.788107154727633,14.73164723546743,6.099899206986548
centro_2q,Centro | 2 quartos,p25,p25,0.4,0.2,0.03,370.0,889000.0,54020.0,10804.0,7000.0,36216.0,13335.0,6914.39,26670.0,935919.39,3.8695640230298043,25.84270460569914,6.479081821547575
centro_2q,Centro | 2 quartos,p25,p25,0.4,0.2,0.05,370.0,889000.0,54020.0,10804.0,7000.0,36216.0,13335.0,6914.39,44450.0,953699.39,3.797423001392504,26.333647835210957,6.479081821547575
centro_2q,Centro | 2 quartos,p25,p25,0.4,0.2,0.08,370.0,889000.0,54020.0,10804.0,7000.0,36216.0,13335.0,6914.39,71120.0,980369.39,3.6941177855420393,27.070062679478685,6.479081821547575
centro_2q,Centro | 2 quartos,p25,p25,0.4,0.3,0.03,370.0,889000.0,54020.0,16206.0,7000.0,30814.0,13335.0,6914.39,26670.0,935919.39,3.2923775625591003,30.37318718764198,7.404664938911515
centro_2q,Centro | 2 quartos,p25,p25,0.4,0.3,0.05,370.0,889000.0,54020.0,16206.0,7000.0,30814.0,13335.0,6914.39,44450.0,953699.39,3.23099713841696,30.95019763743753,7.404664938911515
centro_2q,Centro | 2 quartos,p25,p25,0.4,0.3,0.08,370.0,889000.0,54020.0,16206.0,7000.0,30814.0,13335.0,6914.39,71120.0,980369.39,3.1431009897198035,31.81571331213085,7.404664938911515
centro_2q,Centro | 2 quartos,p25,p25,0.4,0.4,0.03,370.0,889000.0,54020.0,21608.0,7000.0,25412.0,13335.0,6914.39,26670.0,935919.39,2.7151911020883968,36.82982016370219,8.638775762063434
centro_2q,Centro | 2 quartos,p25,p25,0.4,0.4,0.05,370.0,889000.0,54020.0,21608.0,7000.0,25412.0,13335.0,6914.39,44450.0,953699.39,2.6645712754414155,37.5294896112073,8.638775762063434
centro_2q,Centro | 2 quartos,p25,p25,0.4,0.4,0.08,370.0,889000.0,54020.0,21608.0,7000.0,25412.0,13335.0,6914.39,71120.0,980369.39,2.5920841938975676,38.57899378246498,8.638775762063434
centro_2q,Centro | 2 quartos,p25,p25,0.55,0.2,0.03,370.0,889000.0,74277.5,14855.5,7000.0,52422.0,13335.0,6914.39,26670.0,935919.39,5.601123404441914,17.853561291061006,6.479081821547575
centro_2q,Centro | 2 quartos,p25,p25,0.55,0.2,0.05,370.0,889000.0,74277.5,14855.5,7000.0,52422.0,13335.0,6914.39,44450.0,953699.39,5.496700590319136,18.192731868299568,6.479081821547575
centro_2q,Centro | 2 quartos,p25,p25,0.55,0.2,0.08,370.0,889000.0,74277.5,14855.5,7000.0,52422.0,13335.0,6914.39,71120.0,980369.39,5.347168173008747,18.701487734157414,6.479081821547575
centro_2q,Centro | 2 quartos,p25,p25,0.55,0.3,0.03,370.0,889000.0,74277.5,22283.25,7000.0,44994.25,13335.0,6914.39,26670.0,935919.39,4.807492021294697,20.800866555170938,7.404664938911515
centro_2q,Centro | 2 quartos,p25,p25,0.55,0.3,0.05,370.0,889000.0,74277.5,22283.25,7000.0,44994.25,13335.0,6914.39,44450.0,953699.39,4.717865028727763,21.19602815915367,7.404664938911515
centro_2q,Centro | 2 quartos,p25,p25,0.55,0.3,0.08,370.0,889000.0,74277.5,22283.25,7000.0,44994.25,13335.0,6914.39,71120.0,980369.39,4.589520078753172,21.788770565127766,7.404664938911515
centro_2q,Centro | 2 quartos,p25,p25,0.55,0.4,0.03,370.0,889000.0,74277.5,29711.0,7000.0,37566.5,13335.0,6914.39,26670.0,935919.39,4.01386063814748,24.9136701582527,8.638775762063434
centro_2q,Centro | 2 quartos,p25,p25,0.55,0.4,0.05,370.0,889000.0,74277.5,29711.0,7000.0,37566.5,13335.0,6914.39,44450.0,953699.39,3.9390294671363892,25.386964183514568,8.638775762063434
centro_2q,Centro | 2 quartos,p25,p25,0.55,0.4,0.08,370.0,889000.0,74277.5,29711.0,7000.0,37566.5,13335.0,6914.39,71120.0,980369.39,3.8318719844975986,26.096905221407372,8.638775762063434
centro_2q,Centro | 2 quartos,p25,p25,0.7,0.2,0.03,370.0,889000.0,94535.0,18907.0,7000.0,68628.0,13335.0,6914.39,26670.0,935919.39,7.332682785854025,13.637573439412485,6.479081821547575
centro_2q,Centro | 2 quartos,p25,p25,0.7,0.2,0.05,370.0,889000.0,94535.0,18907.0,7000.0,68628.0,13335.0,6914.39,44450.0,953699.39,7.195978179245769,13.896651366789065,6.479081821547575
centro_2q,Centro | 2 quartos,p25,p25,0.7,0.2,0.08,370.0,889000.0,94535.0,18907.0,7000.0,68628.0,13335.0,6914.39,71120.0,980369.39,7.000218560475455,14.285268257853938,6.479081821547575
centro_2q,Centro | 2 quartos,p25,p25,0.7,0.3,0.03,370.0,889000.0,94535.0,28360.5,7000.0,59174.5,13335.0,6914.39,26670.0,935919.39,6.322606480030293,15.816261903353642,7.404664938911515
centro_2q,Centro | 2 quartos,p25,p25,0.7,0.3,0.05,370.0,889000.0,94535.0,28360.5,7000.0,59174.5,13335.0,6914.39,44450.0,953699.39,6.204732919038566,16.116729165434435,7.404664938911515
centro_2q,Centro | 2 quartos,p25,p25,0.7,0.3,0.08,370.0,889000.0,94535.0,28360.5,7000.0,59174.5,13335.0,6914.39,71120.0,980369.39,6.035939167786542,16.56743005855563,7.404664938911515
centro_2q,Centro | 2 quartos,p25,p25,0.7,0.4,0.03,370.0,889000.0,94535.0,37814.0,7000.0,49721.0,13335.0,6914.39,26670.0,935919.39,5.312530174206563,18.823422497536253,8.638775762063434
centro_2q,Centro | 2 quartos,p25,p25,0.7,0.4,0.05,370.0,889000.0,94535.0,37814.0,7000.0,49721.0,13335.0,6914.39,44450.0,953699.39,5.2134876588313634,19.18101787976911,8.638775762063434
centro_2q,Centro | 2 quartos,p25,p25,0.7,0.4,0.08,370.0,889000.0,94535.0,37814.0,7000.0,49721.0,13335.0,6914.39,71120.0,980369.39,5.071659775097629,19.7174109531184,8.638775762063434
centro_2q,Centro | 2 quartos,p25,mediana,0.4,0.2,0.03,370.0,1150000.0,54020.0,10804.0,7000.0,36216.0,17250.0,7528.04,34500.0,1209278.04,2.9948447587785516,33.39071239231279,6.479081821547575
centro_2q,Centro | 2 quartos,p25,mediana,0.4,0.2,0.05,370.0,1150000.0,54020.0,10804.0,7000.0,36216.0,17250.0,7528.04,57500.0,1232278.04,2.938947122680203,34.02579081069141,6.479081821547575
centro_2q,Centro | 2 quartos,p25,mediana,0.4,0.2,0.08,370.0,1150000.0,54020.0,10804.0,7000.0,36216.0,17250.0,7528.04,92000.0,1266778.04,2.8589065216192098,34.978408438259336,6.479081821547575
centro_2q,Centro | 2 quartos,p25,mediana,0.4,0.3,0.03,370.0,1150000.0,54020.0,16206.0,7000.0,30814.0,17250.0,7528.04,34500.0,1209278.04,2.548131941600461,39.244435646134875,7.404664938911515
centro_2q,Centro | 2 quartos,p25,mediana,0.4,0.3,0.05,370.0,1150000.0,54020.0,16206.0,7000.0,30814.0,17250.0,7528.04,57500.0,1232278.04,2.50057202999414,39.9908496138119,7.404664938911515
centro_2q,Centro | 2 quartos,p25,mediana,0.4,0.3,0.08,370.0,1150000.0,54020.0,16206.0,7000.0,30814.0,17250.0,7528.04,92000.0,1266778.04,2.432470332371723,41.11047056532745,7.404664938911515
centro_2q,Centro | 2 quartos,p25,mediana,0.4,0.4,0.03,370.0,1150000.0,54020.0,21608.0,7000.0,25412.0,17250.0,7528.04,34500.0,1209278.04,2.10141912442237,47.58688965842909,8.638775762063434
centro_2q,Centro | 2 quartos,p25,mediana,0.4,0.4,0.05,370.0,1150000.0,54020.0,21608.0,7000.0,25412.0,17250.0,7528.04,57500.0,1232278.04,2.0621969373080766,48.49197387061231,8.638775762063434
centro_2q,Centro | 2 quartos,p25,mediana,0.4,0.4,0.08,370.0,1150000.0,54020.0,21608.0,7000.0,25412.0,17250.0,7528.04,92000.0,1266778.04,2.0060341431242366,49.849600188887145,8.638775762063434
centro_2q,Centro | 2 quartos,p25,mediana,0.55,0.2,0.03,370.0,1150000.0,74277.5,14855.5,7000.0,52422.0,17250.0,7528.04,34500.0,1209278.04,4.334983210312824,23.068140093853728,6.479081821547575
centro_2q,Centro | 2 quartos,p25,mediana,0.55,0.2,0.05,370.0,1150000.0,74277.5,14855.5,7000.0,52422.0,17250.0,7528.04,57500.0,1232278.04,4.254072400738392,23.506887184769752,6.479081821547575
centro_2q,Centro | 2 quartos,p25,mediana,0.55,0.2,0.08,370.0,1150000.0,74277.5,14855.5,7000.0,52422.0,17250.0,7528.04,92000.0,1266778.04,4.138215089361669,24.165007821143796,6.479081821547575
centro_2q,Centro | 2 quartos,p25,mediana,0.55,0.3,0.03,370.0,1150000.0,74277.5,22283.25,7000.0,44994.25,17250.0,7528.04,34500.0,1209278.04,3.7207530866929495,26.876279524605923,7.404664938911515
centro_2q,Centro | 2 quartos,p25,mediana,0.55,0.3,0.05,370.0,1150000.0,74277.5,22283.25,7000.0,44994.25,17250.0,7528.04,57500.0,1232278.04,3.651306648295055,27.387455952705068,7.404664938911515
centro_2q,Centro | 2 quartos,p25,mediana,0.55,0.3,0.08,370.0,1150000.0,74277.5,22283.25,7000.0,44994.25,17250.0,7528.04,92000.0,1266778.04,3.5518653291463753,28.154220594853786,7.404664938911515
centro_2q,Centro | 2 quartos,p25,mediana,0.55,0.4,0.03,370.0,1150000.0,74277.5,29711.0,7000.0,37566.5,17250.0,7528.04,34500.0,1209278.04,3.1065229630730746,32.19033021441977,8.638775762063434
centro_2q,Centro | 2 quartos,p25,mediana,0.55,0.4,0.05,370.0,1150000.0,74277.5,29711.0,7000.0,37566.5,17250.0,7528.04,57500.0,1232278.04,3.0485408958517186,32.80257782865053,8.638775762063434
centro_2q,Centro | 2 quartos,p25,mediana,0.55,0.4,0.08,370.0,1150000.0,74277.5,29711.0,7000.0,37566.5,17250.0,7528.04,92000.0,1266778.04,2.9655155689310813,33.72094924999667,8.638775762063434
centro_2q,Centro | 2 quartos,p25,mediana,0.7,0.2,0.03,370.0,1150000.0,94535.0,18907.0,7000.0,68628.0,17250.0,7528.04,34500.0,1209278.04,5.675121661847097,17.62076761671621,6.479081821547575
centro_2q,Centro | 2 quartos,p25,mediana,0.7,0.2,0.05,370.0,1150000.0,94535.0,18907.0,7000.0,68628.0,17250.0,7528.04,57500.0,1232278.04,5.569197678796581,17.95590779273766,6.479081821547575
centro_2q,Centro | 2 quartos,p25,mediana,0.7,0.2,0.08,370.0,1150000.0,94535.0,18907.0,7000.0,68628.0,17250.0,7528.04,92000.0,1266778.04,5.4175236571041285,18.458618056769833,6.479081821547575
centro_2q,Centro | 2 quartos,p25,mediana,0.7,0.3,0.03,370.0,1150000.0,94535.0,28360.5,7000.0,59174.5,17250.0,7528.04,34500.0,1209278.04,4.893374231785438,20.435796500181667,7.404664938911515
centro_2q,Centro | 2 quartos,p25,mediana,0.7,0.3,0.05,370.0,1150000.0,94535.0,28360.5,7000.0,59174.5,17250.0,7528.04,57500.0,1232278.04,4.80204126659597,20.824477435381795,7.404664938911515
centro_2q,Centro | 2 quartos,p25,mediana,0.7,0.3,0.08,370.0,1150000.0,94535.0,28360.5,7000.0,59174.5,17250.0,7528.04,92000.0,1266778.04,4.671260325921027,21.407498838181986,7.404664938911515
centro_2q,Centro | 2 quartos,p25,mediana,0.7,0.4,0.03,370.0,1150000.0,94535.0,37814.0,7000.0,49721.0,17250.0,7528.04,34500.0,1209278.04,4.111626801723778,24.3212735061644,8.638775762063434
centro_2q,Centro | 2 quartos,p25,mediana,0.7,0.4,0.05,370.0,1150000.0,94535.0,37814.0,7000.0,49721.0,17250.0,7528.04,57500.0,1232278.04,4.034884854395361,24.783854709277772,8.638775762063434
centro_2q,Centro | 2 quartos,p25,mediana,0.7,0.4,0.08,370.0,1150000.0,94535.0,37814.0,7000.0,49721.0,17250.0,7528.04,92000.0,1266778.04,3.9249969947379255,25.47772651394783,8.638775762063434
centro_2q,Centro | 2 quartos,p25,p75,0.4,0.2,0.03,370.0,1550000.0,54020.0,10804.0,7000.0,36216.0,23250.0,8509.880000000001,46500.0,1628259.88,2.224214969910086,44.95968301303291,6.479081821547575
centro_2q,Centro | 2 quartos,p25,p75,0.4,0.2,0.05,370.0,1550000.0,54020.0,10804.0,7000.0,36216.0,23250.0,8509.880000000001,77500.0,1659259.88,2.1826598977370564,45.815658272586695,6.479081821547575
centro_2q,Centro | 2 quartos,p25,p75,0.4,0.2,0.08,370.0,1550000.0,54020.0,10804.0,7000.0,36216.0,23250.0,8509.880000000001,124000.0,1705759.88,2.123159327677469,47.09962116191738,6.479081821547575
centro_2q,Centro | 2 quartos,p25,p75,0.4,0.3,0.03,370.0,1550000.0,54020.0,16206.0,7000.0,30814.0,23250.0,8509.880000000001,46500.0,1628259.88,1.8924497482551743,52.8415616278315,7.404664938911515
centro_2q,Centro | 2 quartos,p25,p75,0.4,0.3,0.05,370.0,1550000.0,54020.0,16206.0,7000.0,30814.0,23250.0,8509.880000000001,77500.0,1659259.88,1.8570930552482232,53.847597845135326,7.404664938911515
centro_2q,Centro | 2 quartos,p25,p75,0.4,0.3,0.08,370.0,1550000.0,54020.0,16206.0,7000.0,30814.0,23250.0,8509.880000000001,124000.0,1705759.88,1.8064676254432717,55.356652171091056,7.404664938911515
centro_2q,Centro | 2 quartos,p25,p75,0.4,0.4,0.03,370.0,1550000.0,54020.0,21608.0,7000.0,25412.0,23250.0,8509.880000000001,46500.0,1628259.88,1.5606845266002625,64.07444829214543,8.638775762063434
centro_2q,Centro | 2 quartos,p25,p75,0.4,0.4,0.05,370.0,1550000.0,54020.0,21608.0,7000.0,25412.0,23250.0,8509.880000000001,77500.0,1659259.88,1.5315262127593903,65.29434440421848,8.638775762063434
centro_2q,Centro | 2 quartos,p25,p75,0.4,0.4,0.08,370.0,1550000.0,54020.0,21608.0,7000.0,25412.0,23250.0,8509.880000000001,124000.0,1705759.88,1.4897759232090746,67.12418857232802,8.638775762063434
centro_2q,Centro | 2 quartos,p25,p75,0.55,0.2,0.03,370.0,1550000.0,74277.5,14855.5,7000.0,52422.0,23250.0,8509.880000000001,46500.0,1628259.88,3.2195106348748213,31.06062111327305,6.479081821547575
centro_2q,Centro | 2 quartos,p25,p75,0.55,0.2,0.05,370.0,1550000.0,74277.5,14855.5,7000.0,52422.0,23250.0,8509.880000000001,77500.0,1659259.88,3.1593604252035554,31.65197588798596,6.479081821547575
centro_2q,Centro | 2 quartos,p25,p75,0.55,0.2,0.08,370.0,1550000.0,74277.5,14855.5,7000.0,52422.0,23250.0,8509.880000000001,124000.0,1705759.88,3.0732344343800606,32.539008050055315,6.479081821547575
centro_2q,Centro | 2 quartos,p25,p75,0.55,0.3,0.03,370.0,1550000.0,74277.5,22283.25,7000.0,44994.25,23250.0,8509.880000000001,46500.0,1628259.88,2.7633334550993176,36.188176933719305,7.404664938911515
centro_2q,Centro | 2 quartos,p25,p75,0.55,0.3,0.05,370.0,1550000.0,74277.5,22283.25,7000.0,44994.25,23250.0,8509.880000000001,77500.0,1659259.88,2.71170601678141,36.87715385854859,7.404664938911515
centro_2q,Centro | 2 quartos,p25,p75,0.55,0.3,0.08,370.0,1550000.0,74277.5,22283.25,7000.0,44994.25,23250.0,8509.880000000001,124000.0,1705759.88,2.6377833438080396,37.91061924579252,7.404664938911515
centro_2q,Centro | 2 quartos,p25,p75,0.55,0.4,0.03,370.0,1550000.0,74277.5,29711.0,7000.0,37566.5,23250.0,8509.880000000001,46500.0,1628259.88,2.307156275323814,43.343401168594355,8.638775762063434
centro_2q,Centro | 2 quartos,p25,p75,0.55,0.4,0.05,370.0,1550000.0,74277.5,29711.0,7000.0,37566.5,23250.0,8509.880000000001,77500.0,1659259.88,2.2640516083592646,44.168604474731474,8.638775762063434
centro_2q,Centro | 2 quartos,p25,p75,0.55,0.4,0.08,370.0,1550000.0,74277.5,29711.0,7000.0,37566.5,23250.0,8509.880000000001,124000.0,1705759.88,2.202332253236018,45.40640943393715,8.638775762063434
centro_2q,Centro | 2 quartos,p25,p75,0.7,0.2,0.03,370.0,1550000.0,94535.0,18907.0,7000.0,68628.0,23250.0,8509.880000000001,46500.0,1628259.88,4.214806299839557,23.725882730081015,6.479081821547575
centro_2q,Centro | 2 quartos,p25,p75,0.7,0.2,0.05,370.0,1550000.0,94535.0,18907.0,7000.0,68628.0,23250.0,8509.880000000001,77500.0,1659259.88,4.1360609526700545,24.177593402109924,6.479081821547575
centro_2q,Centro | 2 quartos,p25,p75,0.7,0.2,0.08,370.0,1550000.0,94535.0,18907.0,7000.0,68628.0,23250.0,8509.880000000001,124000.0,1705759.88,4.023309541082652,24.855159410153288,6.479081821547575
centro_2q,Centro | 2 quartos,p25,p75,0.7,0.3,0.03,370.0,1550000.0,94535.0,28360.5,7000.0,59174.5,23250.0,8509.880000000001,46500.0,1628259.88,3.634217161943461,27.516242300315167,7.404664938911515
centro_2q,Centro | 2 quartos,p25,p75,0.7,0.3,0.05,370.0,1550000.0,94535.0,28360.5,7000.0,59174.5,23250.0,8509.880000000001,77500.0,1659259.88,3.5663189783145968,28.04011660428056,7.404664938911515
centro_2q,Centro | 2 quartos,p25,p75,0.7,0.3,0.08,370.0,1550000.0,94535.0,28360.5,7000.0,59174.5,23250.0,8509.880000000001,124000.0,1705759.88,3.4690990621728077,28.825928060228645,7.404664938911515
centro_2q,Centro | 2 quartos,p25,p75,0.7,0.4,0.03,370.0,1550000.0,94535.0,37814.0,7000.0,49721.0,23250.0,8509.880000000001,46500.0,1628259.88,3.053628024047365,32.74793105528851,8.638775762063434
centro_2q,Centro | 2 quartos,p25,p75,0.7,0.4,0.05,370.0,1550000.0,94535.0,37814.0,7000.0,49721.0,23250.0,8509.880000000001,77500.0,1659259.88,2.996577003959139,33.371410068180445,8.638775762063434
centro_2q,Centro | 2 quartos,p25,p75,0.7,0.4,0.08,370.0,1550000.0,94535.0,37814.0,7000.0,49721.0,23250.0,8509.880000000001,124000.0,1705759.88,2.9148885832629623,34.30662858751835,8.638775762063434
centro_2q,Centro | 2 quartos,mediana,p25,0.4,0.2,0.03,568.5,889000.0,83001.0,16600.2,7000.0,59400.8,13335.0,6914.39,26670.0,935919.39,6.346785912833797,15.756006484761148,4.21681666485946
centro_2q,Centro | 2 quartos,mediana,p25,0.4,0.2,0.05,568.5,889000.0,83001.0,16600.2,7000.0,59400.8,13335.0,6914.39,44450.0,953699.39,6.22846157005511,16.05532905280737,4.21681666485946
centro_2q,Centro | 2 quartos,mediana,p25,0.4,0.2,0.08,568.5,889000.0,83001.0,16600.2,7000.0,59400.8,13335.0,6914.39,71120.0,980369.39,6.059022303827744,16.504312904876702,4.21681666485946
centro_2q,Centro | 2 quartos,mediana,p25,0.4,0.3,0.03,568.5,889000.0,83001.0,24900.3,7000.0,51100.7,13335.0,6914.39,26670.0,935919.39,5.459946716137593,18.31519705209518,4.819219045553668
centro_2q,Centro | 2 quartos,mediana,p25,0.4,0.3,0.05,568.5,889000.0,83001.0,24900.3,7000.0,51100.7,13335.0,6914.39,44450.0,953699.39,5.358155885996739,18.663137491267243,4.819219045553668
centro_2q,Centro | 2 quartos,mediana,p25,0.4,0.3,0.08,568.5,889000.0,83001.0,24900.3,7000.0,51100.7,13335.0,6914.39,71120.0,980369.39,5.212392443219795,19.185048150025345,4.819219045553668
centro_2q,Centro | 2 quartos,mediana,p25,0.4,0.4,0.03,568.5,889000.0,83001.0,33200.4,7000.0,42800.6,13335.0,6914.39,26670.0,935919.39,4.5731075194413915,21.866968920996435,5.622422219812613
centro_2q,Centro | 2 quartos,mediana,p25,0.4,0.4,0.05,568.5,889000.0,83001.0,33200.4,7000.0,42800.6,13335.0,6914.39,44450.0,953699.39,4.48785020193837,22.282383658173018,5.622422219812613
centro_2q,Centro | 2 quartos,mediana,p25,0.4,0.4,0.08,568.5,889000.0,83001.0,33200.4,7000.0,42800.6,13335.0,6914.39,71120.0,980369.39,4.365762582611846,22.90550576393789,5.622422219812613
centro_2q,Centro | 2 quartos,mediana,p25,0.55,0.2,0.03,568.5,889000.0,114126.37500000001,22825.275000000005,7000.0,84301.1,13335.0,6914.39,26670.0,935919.39,9.007303502922404,11.102101751934434,4.21681666485946
centro_2q,Centro | 2 quartos,mediana,p25,0.55,0.2,0.05,568.5,889000.0,114126.37500000001,22825.275000000005,7000.0,84301.1,13335.0,6914.39,44450.0,953699.39,8.83937862223022,11.31301240434585,4.21681666485946
centro_2q,Centro | 2 quartos,mediana,p25,0.55,0.2,0.08,568.5,889000.0,114126.37500000001,22825.275000000005,7000.0,84301.1,13335.0,6914.39,71120.0,980369.39,8.598911885651592,11.629378382962974,4.21681666485946
centro_2q,Centro | 2 quartos,mediana,p25,0.55,0.3,0.03,568.5,889000.0,114126.37500000001,34237.912500000006,7000.0,72888.46250000001,13335.0,6914.39,26670.0,935919.39,7.7878996074651266,12.84043259932942,4.819219045553668
centro_2q,Centro | 2 quartos,mediana,p25,0.55,0.3,0.05,568.5,889000.0,114126.37500000001,34237.912500000006,7000.0,72888.46250000001,13335.0,6914.39,44450.0,953699.39,7.64270830664996,13.084366953137472,4.819219045553668
centro_2q,Centro | 2 quartos,mediana,p25,0.55,0.3,0.08,568.5,889000.0,114126.37500000001,34237.912500000006,7000.0,72888.46250000001,13335.0,6914.39,71120.0,980369.39,7.434795827315662,13.450268483849552,4.819219045553668
centro_2q,Centro | 2 quartos,mediana,p25,0.55,0.4,0.03,568.5,889000.0,114126.37500000001,45650.55000000001,7000.0,61475.82500000001,13335.0,6914.39,26670.0,935919.39,6.568495712007848,15.224185929997683,5.622422219812613
centro_2q,Centro | 2 quartos,mediana,p25,0.55,0.4,0.05,568.5,889000.0,114126.37500000001,45650.55000000001,7000.0,61475.82500000001,13335.0,6914.39,44450.0,953699.39,6.446037991069703,15.513405310136136,5.622422219812613
centro_2q,Centro | 2 quartos,mediana,p25,0.55,0.4,0.08,568.5,889000.0,114126.37500000001,45650.55000000001,7000.0,61475.82500000001,13335.0,6914.39,71120.0,980369.39,6.270679768979733,15.947234380343815,5.622422219812613
centro_2q,Centro | 2 quartos,mediana,p25,0.7,0.2,0.03,568.5,889000.0,145251.75,29050.350000000002,7000.0,109201.4,13335.0,6914.39,26670.0,935919.39,11.667821093011012,8.570580505378137,4.21681666485946
centro_2q,Centro | 2 quartos,mediana,p25,0.7,0.2,0.05,568.5,889000.0,145251.75,29050.350000000002,7000.0,109201.4,13335.0,6914.39,44450.0,953699.39,11.450295674405327,8.73339893078294,4.21681666485946
centro_2q,Centro | 2 quartos,mediana,p25,0.7,0.2,0.08,568.5,889000.0,145251.75,29050.350000000002,7000.0,109201.4,13335.0,6914.39,71120.0,980369.39,11.138801467475437,8.977626568890143,4.21681666485946
centro_2q,Centro | 2 quartos,mediana,p25,0.7,0.3,0.03,568.5,889000.0,145251.75,43575.525,7000.0,94676.225,13335.0,6914.39,26670.0,935919.39,10.115852498792659,9.885474309944232,4.819219045553668
centro_2q,Centro | 2 quartos,mediana,p25,0.7,0.3,0.05,568.5,889000.0,145251.75,43575.525,7000.0,94676.225,13335.0,6914.39,44450.0,953699.39,9.927260727303182,10.07327224971211,4.819219045553668
centro_2q,Centro | 2 quartos,mediana,p25,0.7,0.3,0.08,568.5,889000.0,145251.75,43575.525,7000.0,94676.225,13335.0,6914.39,71120.0,980369.39,9.657199211411529,10.354969159363927,4.819219045553668
centro_2q,Centro | 2 quartos,mediana,p25,0.7,0.4,0.03,568.5,889000.0,145251.75,58100.700000000004,7000.0,80151.04999999999,13335.0,6914.39,26670.0,935919.39,8.563883904574302,11.676944843517335,5.622422219812613
centro_2q,Centro | 2 quartos,mediana,p25,0.7,0.4,0.05,568.5,889000.0,145251.75,58100.700000000004,7000.0,80151.04999999999,13335.0,6914.39,44450.0,953699.39,8.404225780201033,11.898775998567706,5.622422219812613
centro_2q,Centro | 2 quartos,mediana,p25,0.7,0.4,0.08,568.5,889000.0,145251.75,58100.700000000004,7000.0,80151.04999999999,13335.0,6914.39,71120.0,980369.39,8.175596955347615,12.231522731143261,5.622422219812613
centro_2q,Centro | 2 quartos,mediana,mediana,0.4,0.2,0.03,568.5,1150000.0,83001.0,16600.2,7000.0,59400.8,17250.0,7528.04,34500.0,1209278.04,4.912087876829386,20.357941980579387,4.21681666485946
centro_2q,Centro | 2 quartos,mediana,mediana,0.4,0.2,0.05,568.5,1150000.0,83001.0,16600.2,7000.0,59400.8,17250.0,7528.04,57500.0,1232278.04,4.820405628586873,20.745142152967638,4.21681666485946
centro_2q,Centro | 2 quartos,mediana,mediana,0.4,0.2,0.08,568.5,1150000.0,83001.0,16600.2,7000.0,59400.8,17250.0,7528.04,92000.0,1266778.04,4.689124544659774,21.325942411550013,4.21681666485946
centro_2q,Centro | 2 quartos,mediana,mediana,0.4,0.3,0.03,568.5,1150000.0,83001.0,24900.3,7000.0,51100.7,17250.0,7528.04,34500.0,1209278.04,4.225719669894939,23.664608116914252,4.819219045553668
centro_2q,Centro | 2 quartos,mediana,mediana,0.4,0.3,0.05,568.5,1150000.0,83001.0,24900.3,7000.0,51100.7,17250.0,7528.04,57500.0,1232278.04,4.146848222662476,24.1146997986329,4.819219045553668
centro_2q,Centro | 2 quartos,mediana,mediana,0.4,0.3,0.08,568.5,1150000.0,83001.0,24900.3,7000.0,51100.7,17250.0,7528.04,92000.0,1266778.04,4.033911102532215,24.789837321210864,4.819219045553668
centro_2q,Centro | 2 quartos,mediana,mediana,0.4,0.4,0.03,568.5,1150000.0,83001.0,33200.4,7000.0,42800.6,17250.0,7528.04,34500.0,1209278.04,3.5393514629604947,28.253763732284128,5.622422219812613
centro_2q,Centro | 2 quartos,mediana,mediana,0.4,0.4,0.05,568.5,1150000.0,83001.0,33200.4,7000.0,42800.6,17250.0,7528.04,57500.0,1232278.04,3.47329081673808,28.7911393765508,5.622422219812613
centro_2q,Centro | 2 quartos,mediana,mediana,0.4,0.4,0.08,568.5,1150000.0,83001.0,33200.4,7000.0,42800.6,17250.0,7528.04,92000.0,1266778.04,3.3786976604046592,29.5972028429508,5.622422219812613
centro_2q,Centro | 2 quartos,mediana,mediana,0.55,0.2,0.03,568.5,1150000.0,114126.37500000001,22825.275000000005,7000.0,84301.1,17250.0,7528.04,34500.0,1209278.04,6.971192497632719,14.344748051923403,4.21681666485946
centro_2q,Centro | 2 quartos,mediana,mediana,0.55,0.2,0.05,568.5,1150000.0,114126.37500000001,22825.275000000005,7000.0,84301.1,17250.0,7528.04,57500.0,1232278.04,6.841077846360063,14.617579604536594,4.21681666485946
centro_2q,Centro | 2 quartos,mediana,mediana,0.55,0.2,0.08,568.5,1150000.0,114126.37500000001,22825.275000000005,7000.0,84301.1,17250.0,7528.04,92000.0,1266778.04,6.6547648710424445,15.026826933456384,4.21681666485946
centro_2q,Centro | 2 quartos,mediana,mediana,0.55,0.3,0.03,568.5,1150000.0,114126.37500000001,34237.912500000006,7000.0,72888.46250000001,17250.0,7528.04,34500.0,1209278.04,6.027436213097859,16.590801870735028,4.819219045553668
centro_2q,Centro | 2 quartos,mediana,mediana,0.55,0.3,0.05,568.5,1150000.0,114126.37500000001,34237.912500000006,7000.0,72888.46250000001,17250.0,7528.04,57500.0,1232278.04,5.9149364132140185,16.906352497145896,4.819219045553668
centro_2q,Centro | 2 quartos,mediana,mediana,0.55,0.3,0.08,568.5,1150000.0,114126.37500000001,34237.912500000006,7000.0,72888.46250000001,17250.0,7528.04,92000.0,1266778.04,5.753846388117053,17.379678436762195,4.819219045553668
centro_2q,Centro | 2 quartos,mediana,mediana,0.55,0.4,0.03,568.5,1150000.0,114126.37500000001,45650.55000000001,7000.0,61475.82500000001,17250.0,7528.04,34500.0,1209278.04,5.083679928562997,19.6707899405986,5.622422219812613
centro_2q,Centro | 2 quartos,mediana,mediana,0.55,0.4,0.05,568.5,1150000.0,114126.37500000001,45650.55000000001,7000.0,61475.82500000001,17250.0,7528.04,57500.0,1232278.04,4.988794980067973,20.044920747301884,5.622422219812613
centro_2q,Centro | 2 quartos,mediana,mediana,0.55,0.4,0.08,568.5,1150000.0,114126.37500000001,45650.55000000001,7000.0,61475.82500000001,17250.0,7528.04,92000.0,1266778.04,4.852927905191663,20.60611695735681,5.622422219812613
centro_2q,Centro | 2 quartos,mediana,mediana,0.7,0.2,0.03,568.5,1150000.0,145251.75,29050.350000000002,7000.0,109201.4,17250.0,7528.04,34500.0,1209278.04,9.030297118436053,11.073832753059943,4.21681666485946
centro_2q,Centro | 2 quartos,mediana,mediana,0.7,0.2,0.05,568.5,1150000.0,145251.75,29050.350000000002,7000.0,109201.4,17250.0,7528.04,57500.0,1232278.04,8.861750064133252,11.284452763426112,4.21681666485946
centro_2q,Centro | 2 quartos,mediana,mediana,0.7,0.2,0.08,568.5,1150000.0,145251.75,29050.350000000002,7000.0,109201.4,17250.0,7528.04,92000.0,1266778.04,8.620405197425114,11.600382778975362,4.21681666485946
centro_2q,Centro | 2 quartos,mediana,mediana,0.7,0.3,0.03,568.5,1150000.0,145251.75,43575.525,7000.0,94676.225,17250.0,7528.04,34500.0,1209278.04,7.829152756300776,12.772774157398016,4.819219045553668
centro_2q,Centro | 2 quartos,mediana,mediana,0.7,0.3,0.05,568.5,1150000.0,145251.75,43575.525,7000.0,94676.225,17250.0,7528.04,57500.0,1232278.04,7.683024603765559,13.015707375320467,4.819219045553668
centro_2q,Centro | 2 quartos,mediana,mediana,0.7,0.3,0.08,568.5,1150000.0,145251.75,43575.525,7000.0,94676.225,17250.0,7528.04,92000.0,1266778.04,7.4737816737018905,13.380107202204144,4.819219045553668
centro_2q,Centro | 2 quartos,mediana,mediana,0.7,0.4,0.03,568.5,1150000.0,145251.75,58100.700000000004,7000.0,80151.04999999999,17250.0,7528.04,34500.0,1209278.04,6.628008394165496,15.087488435896974,5.622422219812613
centro_2q,Centro | 2 quartos,mediana,mediana,0.7,0.4,0.05,568.5,1150000.0,145251.75,58100.700000000004,7000.0,80151.04999999999,17250.0,7528.04,57500.0,1232278.04,6.504299143397864,15.374446622970007,5.622422219812613
centro_2q,Centro | 2 quartos,mediana,mediana,0.7,0.4,0.08,568.5,1150000.0,145251.75,58100.700000000004,7000.0,80151.04999999999,17250.0,7528.04,92000.0,1266778.04,6.327158149978665,15.804883903579556,5.622422219812613
centro_2q,Centro | 2 quartos,mediana,p75,0.4,0.2,0.03,568.5,1550000.0,83001.0,16600.2,7000.0,59400.8,23250.0,8509.880000000001,46500.0,1628259.88,3.648115434742518,27.411413314298795,4.21681666485946
centro_2q,Centro | 2 quartos,mediana,p75,0.4,0.2,0.05,568.5,1550000.0,83001.0,16600.2,7000.0,59400.8,23250.0,8509.880000000001,77500.0,1659259.88,3.5799575892837234,27.93329180751774,4.21681666485946
centro_2q,Centro | 2 quartos,mediana,p75,0.4,0.2,0.08,568.5,1550000.0,83001.0,16600.2,7000.0,59400.8,23250.0,8509.880000000001,124000.0,1705759.88,3.482365876725862,28.71610954734616,4.21681666485946
centro_2q,Centro | 2 quartos,mediana,p75,0.4,0.3,0.03,568.5,1550000.0,83001.0,24900.3,7000.0,51100.7,23250.0,8509.880000000001,46500.0,1628259.88,3.138362654983552,31.863749028878274,4.819219045553668
centro_2q,Centro | 2 quartos,mediana,p75,0.4,0.3,0.05,568.5,1550000.0,83001.0,24900.3,7000.0,51100.7,23250.0,8509.880000000001,77500.0,1659259.88,3.0797285353515567,32.47039433902079,4.819219045553668
centro_2q,Centro | 2 quartos,mediana,p75,0.4,0.3,0.08,568.5,1550000.0,83001.0,24900.3,7000.0,51100.7,23250.0,8509.880000000001,124000.0,1705759.88,2.995773355860615,33.38036230423458,4.819219045553668
centro_2q,Centro | 2 quartos,mediana,p75,0.4,0.4,0.03,568.5,1550000.0,83001.0,33200.4,7000.0,42800.6,23250.0,8509.880000000001,46500.0,1628259.88,2.6286098752245866,38.04292182819867,5.622422219812613
centro_2q,Centro | 2 quartos,mediana,p75,0.4,0.4,0.05,568.5,1550000.0,83001.0,33200.4,7000.0,42800.6,23250.0,8509.880000000001,77500.0,1659259.88,2.5794994814193903,38.767210740036354,5.622422219812613
centro_2q,Centro | 2 quartos,mediana,p75,0.4,0.4,0.08,568.5,1550000.0,83001.0,33200.4,7000.0,42800.6,23250.0,8509.880000000001,124000.0,1705759.88,2.5091808349953686,39.85364410779288,5.622422219812613
centro_2q,Centro | 2 quartos,mediana,p75,0.55,0.2,0.03,568.5,1550000.0,114126.37500000001,22825.275000000005,7000.0,84301.1,23250.0,8509.880000000001,46500.0,1628259.88,5.177373774019416,19.31481178774654,4.21681666485946
centro_2q,Centro | 2 quartos,mediana,p75,0.55,0.2,0.05,568.5,1550000.0,114126.37500000001,22825.275000000005,7000.0,84301.1,23250.0,8509.880000000001,77500.0,1659259.88,5.080644751080223,19.68254127170345,4.21681666485946
centro_2q,Centro | 2 quartos,mediana,p75,0.55,0.2,0.08,568.5,1550000.0,114126.37500000001,22825.275000000005,7000.0,84301.1,23250.0,8509.880000000001,124000.0,1705759.88,4.942143439321601,20.234135497638817,4.21681666485946
centro_2q,Centro | 2 quartos,mediana,p75,0.55,0.3,0.03,568.5,1550000.0,114126.37500000001,34237.912500000006,7000.0,72888.46250000001,23250.0,8509.880000000001,46500.0,1628259.88,4.476463701850838,22.339061960594925,4.819219045553668
centro_2q,Centro | 2 quartos,mediana,p75,0.55,0.3,0.05,568.5,1550000.0,114126.37500000001,34237.912500000006,7000.0,72888.46250000001,23250.0,8509.880000000001,77500.0,1659259.88,4.392829801923495,22.764369326626962,4.819219045553668
centro_2q,Centro | 2 quartos,mediana,p75,0.55,0.3,0.08,568.5,1550000.0,114126.37500000001,34237.912500000006,7000.0,72888.46250000001,23250.0,8509.880000000001,124000.0,1705759.88,4.273078723131888,23.40233037567502,4.819219045553668
centro_2q,Centro | 2 quartos,mediana,p75,0.55,0.4,0.03,568.5,1550000.0,114126.37500000001,45650.55000000001,7000.0,61475.82500000001,23250.0,8509.880000000001,46500.0,1628259.88,3.77555362968226,26.486181844651934,5.622422219812613
centro_2q,Centro | 2 quartos,mediana,p75,0.55,0.4,0.05,568.5,1550000.0,114126.37500000001,45650.55000000001,7000.0,61475.82500000001,23250.0,8509.880000000001,77500.0,1659259.88,3.705014852766766,26.99044510586071,5.622422219812613
centro_2q,Centro | 2 quartos,mediana,p75,0.55,0.4,0.08,568.5,1550000.0,114126.37500000001,45650.55000000001,7000.0,61475.82500000001,23250.0,8509.880000000001,124000.0,1705759.88,3.6040140069421738,27.746839997673874,5.622422219812613
centro_2q,Centro | 2 quartos,mediana,p75,0.7,0.2,0.03,568.5,1550000.0,145251.75,29050.350000000002,7000.0,109201.4,23250.0,8509.880000000001,46500.0,1628259.88,6.706632113296313,14.910613600191938,4.21681666485946
centro_2q,Centro | 2 quartos,mediana,p75,0.7,0.2,0.05,568.5,1550000.0,145251.75,29050.350000000002,7000.0,109201.4,23250.0,8509.880000000001,77500.0,1659259.88,6.581331912876721,15.194492744598513,4.21681666485946
centro_2q,Centro | 2 quartos,mediana,p75,0.7,0.2,0.08,568.5,1550000.0,145251.75,29050.350000000002,7000.0,109201.4,23250.0,8509.880000000001,124000.0,1705759.88,6.401921001917339,15.620311461208372,4.21681666485946
centro_2q,Centro | 2 quartos,mediana,p75,0.7,0.3,0.03,568.5,1550000.0,145251.75,43575.525,7000.0,94676.225,23250.0,8509.880000000001,46500.0,1628259.88,5.814564748718123,17.198191837496687,4.819219045553668
centro_2q,Centro | 2 quartos,mediana,p75,0.7,0.3,0.05,568.5,1550000.0,145251.75,43575.525,7000.0,94676.225,23250.0,8509.880000000001,77500.0,1659259.88,5.705931068495431,17.52562356600086,4.819219045553668
centro_2q,Centro | 2 quartos,mediana,p75,0.7,0.3,0.08,568.5,1550000.0,145251.75,43575.525,7000.0,94676.225,23250.0,8509.880000000001,124000.0,1705759.88,5.550384090403158,18.01677115875712,4.819219045553668
centro_2q,Centro | 2 quartos,mediana,p75,0.7,0.4,0.03,568.5,1550000.0,145251.75,58100.700000000004,7000.0,80151.04999999999,23250.0,8509.880000000001,46500.0,1628259.88,4.922497384139931,20.3148914455893,5.622422219812613
centro_2q,Centro | 2 quartos,mediana,p75,0.7,0.4,0.05,568.5,1550000.0,145251.75,58100.700000000004,7000.0,80151.04999999999,23250.0,8509.880000000001,77500.0,1659259.88,4.830530224114139,20.701661175992083,5.622422219812613
centro_2q,Centro | 2 quartos,mediana,p75,0.7,0.4,0.08,568.5,1550000.0,145251.75,58100.700000000004,7000.0,80151.04999999999,23250.0,8509.880000000001,124000.0,1705759.88,4.698847178888977,21.281815771596257,5.622422219812613
centro_2q,Centro | 2 quartos,p75,p25,0.4,0.2,0.03,709.8750125,889000.0,103641.75182500001,20728.350365000006,7000.0,75913.40146000001,13335.0,6914.39,26670.0,935919.39,8.111104681782477,12.328776895778422,3.3770174069517664
centro_2q,Centro | 2 quartos,p75,p25,0.4,0.2,0.05,709.8750125,889000.0,103641.75182500001,20728.350365000006,7000.0,75913.40146000001,13335.0,6914.39,44450.0,953699.39,7.959887806995453,12.562991140668615,3.3770174069517664
centro_2q,Centro | 2 quartos,p75,p25,0.4,0.2,0.08,709.8750125,889000.0,103641.75182500001,20728.350365000006,7000.0,75913.40146000001,13335.0,6914.39,71120.0,980369.39,7.743346766467281,12.914312508003905,3.3770174069517664
centro_2q,Centro | 2 quartos,p75,p25,0.4,0.3,0.03,709.8750125,889000.0,103641.75182500001,31092.5255475,7000.0,65549.22627750001,13335.0,6914.39,26670.0,935919.39,7.0037256389676905,14.278114985489271,3.8594484650877328
centro_2q,Centro | 2 quartos,p75,p25,0.4,0.3,0.05,709.8750125,889000.0,103641.75182500001,31092.5255475,7000.0,65549.22627750001,13335.0,6914.39,44450.0,953699.39,6.873153843319541,14.54936151286595,3.8594484650877328
centro_2q,Centro | 2 quartos,p75,p25,0.4,0.3,0.08,709.8750125,889000.0,103641.75182500001,31092.5255475,7000.0,65549.22627750001,13335.0,6914.39,71120.0,980369.39,6.686176348029391,14.956231303930966,3.8594484650877328
centro_2q,Centro | 2 quartos,p75,p25,0.4,0.4,0.03,709.8750125,889000.0,103641.75182500001,41456.70073000001,7000.0,55185.051095,13335.0,6914.39,26670.0,935919.39,5.896346596152902,16.959654316326223,4.502689875935689
centro_2q,Centro | 2 quartos,p75,p25,0.4,0.4,0.05,709.8750125,889000.0,103641.75182500001,41456.70073000001,7000.0,55185.051095,13335.0,6914.39,44450.0,953699.39,5.786419879643627,17.281843018650555,4.502689875935689
centro_2q,Centro | 2 quartos,p75,p25,0.4,0.4,0.08,709.8750125,889000.0,103641.75182500001,41456.70073000001,7000.0,55185.051095,13335.0,6914.39,71120.0,980369.39,5.629005929591498,17.765126072137054,4.502689875935689
centro_2q,Centro | 2 quartos,p75,p25,0.55,0.2,0.03,709.8750125,889000.0,142507.40875937502,28501.481751875006,7000.0,107005.92700750001,13335.0,6914.39,26670.0,935919.39,11.433241810226841,8.746425699712892,3.3770174069517664
centro_2q,Centro | 2 quartos,p75,p25,0.55,0.2,0.05,709.8750125,889000.0,142507.40875937502,28501.481751875006,7000.0,107005.92700750001,13335.0,6914.39,44450.0,953699.39,11.220089698023191,8.912584720032896,3.3770174069517664
centro_2q,Centro | 2 quartos,p75,p25,0.55,0.2,0.08,709.8750125,889000.0,142507.40875937502,28501.481751875006,7000.0,107005.92700750001,13335.0,6914.39,71120.0,980369.39,10.914858021780955,9.161823250512901,3.3770174069517664
centro_2q,Centro | 2 quartos,p75,p25,0.55,0.3,0.03,709.8750125,889000.0,142507.40875937502,42752.2226278125,7000.0,92755.18613156251,13335.0,6914.39,26670.0,935919.39,9.910595626356509,10.090210898531394,3.8594484650877328
centro_2q,Centro | 2 quartos,p75,p25,0.55,0.3,0.05,709.8750125,889000.0,142507.40875937502,42752.2226278125,7000.0,92755.18613156251,13335.0,6914.39,44450.0,953699.39,9.725830497968811,10.281898293506604,3.8594484650877328
centro_2q,Centro | 2 quartos,p75,p25,0.55,0.3,0.08,709.8750125,889000.0,142507.40875937502,42752.2226278125,7000.0,92755.18613156251,13335.0,6914.39,71120.0,980369.39,9.461248696428855,10.56942938596942,3.8594484650877328
centro_2q,Centro | 2 quartos,p75,p25,0.55,0.4,0.03,709.8750125,889000.0,142507.40875937502,57002.96350375001,7000.0,78504.445255625,13335.0,6914.39,26670.0,935919.39,8.387949442486175,11.92186489507025,4.502689875935689
centro_2q,Centro | 2 quartos,p75,p25,0.55,0.4,0.05,709.8750125,889000.0,142507.40875937502,57002.96350375001,7000.0,78504.445255625,13335.0,6914.39,44450.0,953699.39,8.231571297914432,12.148348885143744,4.502689875935689
centro_2q,Centro | 2 quartos,p75,p25,0.55,0.4,0.08,709.8750125,889000.0,142507.40875937502,57002.96350375001,7000.0,78504.445255625,13335.0,6914.39,71120.0,980369.39,8.007639371076754,12.488074870253982,4.502689875935689
centro_2q,Centro | 2 quartos,p75,p25,0.7,0.2,0.03,709.8750125,889000.0,181373.06569375002,36274.613138750006,7000.0,138098.45255500003,13335.0,6914.39,26670.0,935919.39,14.755378938671207,6.777189553425694,3.3770174069517664
centro_2q,Centro | 2 quartos,p75,p25,0.7,0.2,0.05,709.8750125,889000.0,181373.06569375002,36274.613138750006,7000.0,138098.45255500003,13335.0,6914.39,44450.0,953699.39,14.480291589050932,6.90593828066374,3.3770174069517664
centro_2q,Centro | 2 quartos,p75,p25,0.7,0.2,0.08,709.8750125,889000.0,181373.06569375002,36274.613138750006,7000.0,138098.45255500003,13335.0,6914.39,71120.0,980369.39,14.08636927709463,7.09906137152081,3.3770174069517664
centro_2q,Centro | 2 quartos,p75,p25,0.7,0.3,0.03,709.8750125,889000.0,181373.06569375002,54411.919708125,7000.0,119961.14598562501,13335.0,6914.39,26670.0,935919.39,12.817465613745327,7.801854361345894,3.8594484650877328
centro_2q,Centro | 2 quartos,p75,p25,0.7,0.3,0.05,709.8750125,889000.0,181373.06569375002,54411.919708125,7000.0,119961.14598562501,13335.0,6914.39,44450.0,953699.39,12.578507152618082,7.950069017465723,3.8594484650877328
centro_2q,Centro | 2 quartos,p75,p25,0.7,0.3,0.08,709.8750125,889000.0,181373.06569375002,54411.919708125,7000.0,119961.14598562501,13335.0,6914.39,71120.0,980369.39,12.236321044828319,8.172391001645467,3.8594484650877328
centro_2q,Centro | 2 quartos,p75,p25,0.7,0.4,0.03,709.8750125,889000.0,181373.06569375002,72549.22627750001,7000.0,101823.83941625,13335.0,6914.39,26670.0,935919.39,10.879552288819447,9.19155470237196,4.502689875935689
centro_2q,Centro | 2 quartos,p75,p25,0.7,0.4,0.05,709.8750125,889000.0,181373.06569375002,72549.22627750001,7000.0,101823.83941625,13335.0,6914.39,44450.0,953699.39,10.676722716185234,9.366169999751548,4.502689875935689
centro_2q,Centro | 2 quartos,p75,p25,0.7,0.4,0.08,709.8750125,889000.0,181373.06569375002,72549.22627750001,7000.0,101823.83941625,13335.0,6914.39,71120.0,980369.39,10.386272812562009,9.628092945820931,4.502689875935689
centro_2q,Centro | 2 quartos,p75,mediana,0.4,0.2,0.03,709.8750125,1150000.0,103641.75182500001,20728.350365000006,7000.0,75913.40146000001,17250.0,7528.04,34500.0,1209278.04,6.277580419801554,15.929704330758886,3.3770174069517664
centro_2q,Centro | 2 quartos,p75,mediana,0.4,0.2,0.05,709.8750125,1150000.0,103641.75182500001,20728.350365000006,7000.0,75913.40146000001,17250.0,7528.04,57500.0,1232278.04,6.160411773628621,16.23268113798467,3.3770174069517664
centro_2q,Centro | 2 quartos,p75,mediana,0.4,0.2,0.08,709.8750125,1150000.0,103641.75182500001,20728.350365000006,7000.0,75913.40146000001,17250.0,7528.04,92000.0,1266778.04,5.992636362720655,16.687146348823347,3.3770174069517664
centro_2q,Centro | 2 quartos,p75,mediana,0.4,0.3,0.03,709.8750125,1150000.0,103641.75182500001,31092.5255475,7000.0,65549.22627750001,17250.0,7528.04,34500.0,1209278.04,5.420525644995589,18.448395330870422,3.8594484650877328
centro_2q,Centro | 2 quartos,p75,mediana,0.4,0.3,0.05,709.8750125,1150000.0,103641.75182500001,31092.5255475,7000.0,65549.22627750001,17250.0,7528.04,57500.0,1232278.04,5.319353599574006,18.79927666549717,3.8594484650877328
centro_2q,Centro | 2 quartos,p75,mediana,0.4,0.3,0.08,709.8750125,1150000.0,103641.75182500001,31092.5255475,7000.0,65549.22627750001,17250.0,7528.04,92000.0,1266778.04,5.174483943335488,19.325598667437298,3.8594484650877328
centro_2q,Centro | 2 quartos,p75,mediana,0.4,0.4,0.03,709.8750125,1150000.0,103641.75182500001,41456.70073000001,7000.0,55185.051095,17250.0,7528.04,34500.0,1209278.04,4.563470870189621,21.91314524504564,4.502689875935689
centro_2q,Centro | 2 quartos,p75,mediana,0.4,0.4,0.05,709.8750125,1150000.0,103641.75182500001,41456.70073000001,7000.0,55185.051095,17250.0,7528.04,57500.0,1232278.04,4.47829542551939,22.32992478123572,4.502689875935689
centro_2q,Centro | 2 quartos,p75,mediana,0.4,0.4,0.08,709.8750125,1150000.0,103641.75182500001,41456.70073000001,7000.0,55185.051095,17250.0,7528.04,92000.0,1266778.04,4.35633152395032,22.95509408552084,4.502689875935689
centro_2q,Centro | 2 quartos,p75,mediana,0.55,0.2,0.03,709.8750125,1150000.0,142507.40875937502,28501.481751875006,7000.0,107005.92700750001,17250.0,7528.04,34500.0,1209278.04,8.848744744219452,11.301037931433855,3.3770174069517664
centro_2q,Centro | 2 quartos,p75,mediana,0.55,0.2,0.05,709.8750125,1150000.0,142507.40875937502,28501.481751875006,7000.0,107005.92700750001,17250.0,7528.04,57500.0,1232278.04,8.683586295792466,11.515979296302252,3.3770174069517664
centro_2q,Centro | 2 quartos,p75,mediana,0.55,0.2,0.08,709.8750125,1150000.0,142507.40875937502,28501.481751875006,7000.0,107005.92700750001,17250.0,7528.04,92000.0,1266778.04,8.447093620876156,11.838391343604846,3.3770174069517664
centro_2q,Centro | 2 quartos,p75,mediana,0.55,0.3,0.03,709.8750125,1150000.0,142507.40875937502,42752.2226278125,7000.0,92755.18613156251,17250.0,7528.04,34500.0,1209278.04,7.670294428861249,13.037309183820502,3.8594484650877328
centro_2q,Centro | 2 quartos,p75,mediana,0.55,0.3,0.05,709.8750125,1150000.0,142507.40875937502,42752.2226278125,7000.0,92755.18613156251,17250.0,7528.04,57500.0,1232278.04,7.52713130646737,13.28527375549822,3.8594484650877328
centro_2q,Centro | 2 quartos,p75,mediana,0.55,0.3,0.08,709.8750125,1150000.0,142507.40875937502,42752.2226278125,7000.0,92755.18613156251,17250.0,7528.04,92000.0,1266778.04,7.322134044221553,13.6572206130148,3.8594484650877328
centro_2q,Centro | 2 quartos,p75,mediana,0.55,0.4,0.03,709.8750125,1150000.0,142507.40875937502,57002.96350375001,7000.0,78504.445255625,17250.0,7528.04,34500.0,1209278.04,6.491844113503046,15.403943509980447,4.502689875935689
centro_2q,Centro | 2 quartos,p75,mediana,0.55,0.4,0.05,709.8750125,1150000.0,142507.40875937502,57002.96350375001,7000.0,78504.445255625,17250.0,7528.04,57500.0,1232278.04,6.370676317142274,15.696920550008024,4.502689875935689
centro_2q,Centro | 2 quartos,p75,mediana,0.55,0.4,0.08,709.8750125,1150000.0,142507.40875937502,57002.96350375001,7000.0,78504.445255625,17250.0,7528.04,92000.0,1266778.04,6.1971744675669465,16.13638611004939,4.502689875935689
centro_2q,Centro | 2 quartos,p75,mediana,0.7,0.2,0.03,709.8750125,1150000.0,181373.06569375002,36274.613138750006,7000.0,138098.45255500003,17250.0,7528.04,34500.0,1209278.04,11.419909068637352,8.75663714999547,3.3770174069517664
centro_2q,Centro | 2 quartos,p75,mediana,0.7,0.2,0.05,709.8750125,1150000.0,181373.06569375002,36274.613138750006,7000.0,138098.45255500003,17250.0,7528.04,57500.0,1232278.04,11.206760817956313,8.923184997378769,3.3770174069517664
centro_2q,Centro | 2 quartos,p75,mediana,0.7,0.2,0.08,709.8750125,1150000.0,181373.06569375002,36274.613138750006,7000.0,138098.45255500003,17250.0,7528.04,92000.0,1266778.04,10.901550879031658,9.17300676845372,3.3770174069517664
centro_2q,Centro | 2 quartos,p75,mediana,0.7,0.3,0.03,709.8750125,1150000.0,181373.06569375002,54411.919708125,7000.0,119961.14598562501,17250.0,7528.04,34500.0,1209278.04,9.92006321272691,10.080580925301499,3.8594484650877328
centro_2q,Centro | 2 quartos,p75,mediana,0.7,0.3,0.05,709.8750125,1150000.0,181373.06569375002,54411.919708125,7000.0,119961.14598562501,17250.0,7528.04,57500.0,1232278.04,9.734909013360737,10.27230967056337,3.8594484650877328
centro_2q,Centro | 2 quartos,p75,mediana,0.7,0.3,0.08,709.8750125,1150000.0,181373.06569375002,54411.919708125,7000.0,119961.14598562501,17250.0,7528.04,92000.0,1266778.04,9.469784145107615,10.559902788456176,3.8594484650877328
centro_2q,Centro | 2 quartos,p75,mediana,0.7,0.4,0.03,709.8750125,1150000.0,181373.06569375002,72549.22627750001,7000.0,101823.83941625,17250.0,7528.04,34500.0,1209278.04,8.420217356816469,11.876177984769765,4.502689875935689
centro_2q,Centro | 2 quartos,p75,mediana,0.7,0.4,0.05,709.8750125,1150000.0,181373.06569375002,72549.22627750001,7000.0,101823.83941625,17250.0,7528.04,57500.0,1232278.04,8.263057208765158,12.102058290716364,4.502689875935689
centro_2q,Centro | 2 quartos,p75,mediana,0.7,0.4,0.08,709.8750125,1150000.0,181373.06569375002,72549.22627750001,7000.0,101823.83941625,17250.0,7528.04,92000.0,1266778.04,8.038017411183572,12.440878749636264,4.502689875935689
centro_2q,Centro | 2 quartos,p75,p75,0.4,0.2,0.03,709.8750125,1550000.0,103641.75182500001,20728.350365000006,7000.0,75913.40146000001,23250.0,8509.880000000001,46500.0,1628259.88,4.66224110735935,21.448912164184293,3.3770174069517664
centro_2q,Centro | 2 quartos,p75,p75,0.4,0.2,0.05,709.8750125,1550000.0,103641.75182500001,20728.350365000006,7000.0,75913.40146000001,23250.0,8509.880000000001,77500.0,1659259.88,4.575136322828466,21.857272208706004,3.3770174069517664
centro_2q,Centro | 2 quartos,p75,p75,0.4,0.2,0.08,709.8750125,1550000.0,103641.75182500001,20728.350365000006,7000.0,75913.40146000001,23250.0,8509.880000000001,124000.0,1705759.88,4.450415462931395,22.469812275488568,3.3770174069517664
centro_2q,Centro | 2 quartos,p75,p75,0.4,0.3,0.03,709.8750125,1550000.0,103641.75182500001,31092.5255475,7000.0,65549.22627750001,23250.0,8509.880000000001,46500.0,1628259.88,4.02572261852328,24.84026086146047,3.8594484650877328
centro_2q,Centro | 2 quartos,p75,p75,0.4,0.3,0.05,709.8750125,1550000.0,103641.75182500001,31092.5255475,7000.0,65549.22627750001,23250.0,8509.880000000001,77500.0,1659259.88,3.9505099272032065,25.313187877696524,3.8594484650877328
centro_2q,Centro | 2 quartos,p75,p75,0.4,0.3,0.08,709.8750125,1550000.0,103641.75182500001,31092.5255475,7000.0,65549.22627750001,23250.0,8509.880000000001,124000.0,1705759.88,3.8428167437904572,26.022578402050605,3.8594484650877328
centro_2q,Centro | 2 quartos,p75,p75,0.4,0.4,0.03,709.8750125,1550000.0,103641.75182500001,41456.70073000001,7000.0,55185.051095,23250.0,8509.880000000001,46500.0,1628259.88,3.38920412968721,29.505452068839837,4.502689875935689
centro_2q,Centro | 2 quartos,p75,p75,0.4,0.4,0.05,709.8750125,1550000.0,103641.75182500001,41456.70073000001,7000.0,55185.051095,23250.0,8509.880000000001,77500.0,1659259.88,3.325883531577947,30.067198400226467,4.502689875935689
centro_2q,Centro | 2 quartos,p75,p75,0.4,0.4,0.08,709.8750125,1550000.0,103641.75182500001,41456.70073000001,7000.0,55185.051095,23250.0,8509.880000000001,124000.0,1705759.88,3.2352180246495195,30.90981789730641,4.502689875935689
centro_2q,Centro | 2 quartos,p75,p75,0.55,0.2,0.03,709.8750125,1550000.0,142507.40875937502,28501.481751875006,7000.0,107005.92700750001,23250.0,8509.880000000001,46500.0,1628259.88,6.571796573867558,15.216539172506545,3.3770174069517664
centro_2q,Centro | 2 quartos,p75,p75,0.55,0.2,0.05,709.8750125,1550000.0,142507.40875937502,28501.481751875006,7000.0,107005.92700750001,23250.0,8509.880000000001,77500.0,1659259.88,6.449015509704243,15.506242751242208,3.3770174069517664
centro_2q,Centro | 2 quartos,p75,p75,0.55,0.2,0.08,709.8750125,1550000.0,142507.40875937502,28501.481751875006,7000.0,107005.92700750001,23250.0,8509.880000000001,124000.0,1705759.88,6.273211620354209,15.940798119345704,3.3770174069517664
centro_2q,Centro | 2 quartos,p75,p75,0.55,0.3,0.03,709.8750125,1550000.0,142507.40875937502,42752.2226278125,7000.0,92755.18613156251,23250.0,8509.880000000001,46500.0,1628259.88,5.6965836517179635,17.55438103148757,3.8594484650877328
centro_2q,Centro | 2 quartos,p75,p75,0.55,0.3,0.05,709.8750125,1550000.0,142507.40875937502,42752.2226278125,7000.0,92755.18613156251,23250.0,8509.880000000001,77500.0,1659259.88,5.5901542157195125,17.8885941498358,3.8594484650877328
centro_2q,Centro | 2 quartos,p75,p75,0.55,0.3,0.08,709.8750125,1550000.0,142507.40875937502,42752.2226278125,7000.0,92755.18613156251,23250.0,8509.880000000001,124000.0,1705759.88,5.43776338153542,18.389913827358146,3.8594484650877328
centro_2q,Centro | 2 quartos,p75,p75,0.55,0.4,0.03,709.8750125,1550000.0,142507.40875937502,57002.96350375001,7000.0,78504.445255625,23250.0,8509.880000000001,46500.0,1628259.88,4.8213707295683665,20.7409895668721,4.502689875935689
centro_2q,Centro | 2 quartos,p75,p75,0.55,0.4,0.05,709.8750125,1550000.0,142507.40875937502,57002.96350375001,7000.0,78504.445255625,23250.0,8509.880000000001,77500.0,1659259.88,4.73129292173478,21.13587166430057,4.502689875935689
centro_2q,Centro | 2 quartos,p75,p75,0.55,0.4,0.08,709.8750125,1550000.0,142507.40875937502,57002.96350375001,7000.0,78504.445255625,23250.0,8509.880000000001,124000.0,1705759.88,4.60231514271663,21.72819481044328,4.502689875935689
centro_2q,Centro | 2 quartos,p75,p75,0.7,0.2,0.03,709.8750125,1550000.0,181373.06569375002,36274.613138750006,7000.0,138098.45255500003,23250.0,8509.880000000001,46500.0,1628259.88,8.481352040375768,11.790572956286516,3.3770174069517664
centro_2q,Centro | 2 quartos,p75,p75,0.7,0.2,0.05,709.8750125,1550000.0,181373.06569375002,36274.613138750006,7000.0,138098.45255500003,23250.0,8509.880000000001,77500.0,1659259.88,8.322894696580022,12.015050489716181,3.3770174069517664
centro_2q,Centro | 2 quartos,p75,p75,0.7,0.2,0.08,709.8750125,1550000.0,181373.06569375002,36274.613138750006,7000.0,138098.45255500003,23250.0,8509.880000000001,124000.0,1705759.88,8.096007777777023,12.351766789860678,3.3770174069517664
centro_2q,Centro | 2 quartos,p75,p75,0.7,0.3,0.03,709.8750125,1550000.0,181373.06569375002,54411.919708125,7000.0,119961.14598562501,23250.0,8509.880000000001,46500.0,1628259.88,7.367444684912646,13.57322711968019,3.8594484650877328
centro_2q,Centro | 2 quartos,p75,p75,0.7,0.3,0.05,709.8750125,1550000.0,181373.06569375002,54411.919708125,7000.0,119961.14598562501,23250.0,8509.880000000001,77500.0,1659259.88,7.229798504235818,13.831644124163581,3.8594484650877328
centro_2q,Centro | 2 quartos,p75,p75,0.7,0.3,0.08,709.8750125,1550000.0,181373.06569375002,54411.919708125,7000.0,119961.14598562501,23250.0,8509.880000000001,124000.0,1705759.88,7.0327100192803815,14.219269630888668,3.8594484650877328
centro_2q,Centro | 2 quartos,p75,p75,0.7,0.4,0.03,709.8750125,1550000.0,181373.06569375002,72549.22627750001,7000.0,101823.83941625,23250.0,8509.880000000001,46500.0,1628259.88,6.253537329449524,15.990949558911908,4.502689875935689
centro_2q,Centro | 2 quartos,p75,p75,0.7,0.4,0.05,709.8750125,1550000.0,181373.06569375002,72549.22627750001,7000.0,101823.83941625,23250.0,8509.880000000001,77500.0,1659259.88,6.1367023118916135,16.295396927796453,4.502689875935689
centro_2q,Centro | 2 quartos,p75,p75,0.7,0.4,0.08,709.8750125,1550000.0,181373.06569375002,72549.22627750001,7000.0,101823.83941625,23250.0,8509.880000000001,124000.0,1705759.88,5.96941226078374,16.752067981123275,4.502689875935689
centro_3q,Centro | 3 quartos,p25,p25,0.4,0.2,0.03,520.5,1750000.0,75993.0,15198.6,8704.0,52090.4,26250.0,9000.8,52500.0,1837750.8,2.834464825154749,35.2800285657242,5.726843261879384
centro_3q,Centro | 3 quartos,p25,p25,0.4,0.2,0.05,520.5,1750000.0,75993.0,15198.6,8704.0,52090.4,26250.0,9000.8,87500.0,1872750.8,2.781491269420363,35.951937401133414,5.726843261879384
centro_3q,Centro | 3 quartos,p25,p25,0.4,0.2,0.08,520.5,1750000.0,75993.0,15198.6,8704.0,52090.4,26250.0,9000.8,140000.0,1925250.8,2.7056422986553232,36.95980065424723,5.726843261879384
centro_3q,Centro | 3 quartos,p25,p25,0.4,0.3,0.03,520.5,1750000.0,75993.0,22797.899999999998,8704.0,44491.100000000006,26250.0,9000.8,52500.0,1837750.8,2.420953918235269,41.306031992915436,6.544963727862154
centro_3q,Centro | 3 quartos,p25,p25,0.4,0.3,0.05,520.5,1750000.0,75993.0,22797.899999999998,8704.0,44491.100000000006,26250.0,9000.8,87500.0,1872750.8,2.3757085032349208,42.09270618168577,6.544963727862154
centro_3q,Centro | 3 quartos,p25,p25,0.4,0.3,0.08,520.5,1750000.0,75993.0,22797.899999999998,8704.0,44491.100000000006,26250.0,9000.8,140000.0,1925250.8,2.3109248935255606,43.27271746484128,6.544963727862154
centro_3q,Centro | 3 quartos,p25,p25,0.4,0.4,0.03,520.5,1750000.0,75993.0,30397.2,8704.0,36891.8,26250.0,9000.8,52500.0,1837750.8,2.007443011315789,49.814614629809334,7.635791015839179
centro_3q,Centro | 3 quartos,p25,p25,0.4,0.4,0.05,520.5,1750000.0,75993.0,30397.2,8704.0,36891.8,26250.0,9000.8,87500.0,1872750.8,1.9699257370494783,50.763334941640146,7.635791015839179
centro_3q,Centro | 3 quartos,p25,p25,0.4,0.4,0.08,520.5,1750000.0,75993.0,30397.2,8704.0,36891.8,26250.0,9000.8,140000.0,1925250.8,1.9162074883957978,52.18641540938636,7.635791015839179
centro_3q,Centro | 3 quartos,p25,p25,0.55,0.2,0.03,520.5,1750000.0,104490.37500000001,20898.075000000004,8704.0,74888.30000000002,26250.0,9000.8,52500.0,1837750.8,4.07499754591319,24.539892079270054,5.726843261879384
centro_3q,Centro | 3 quartos,p25,p25,0.55,0.2,0.05,520.5,1750000.0,104490.37500000001,20898.075000000004,8704.0,74888.30000000002,26250.0,9000.8,87500.0,1872750.8,3.9988395679766904,25.007254804822644,5.726843261879384
centro_3q,Centro | 3 quartos,p25,p25,0.55,0.2,0.08,520.5,1750000.0,104490.37500000001,20898.075000000004,8704.0,74888.30000000002,26250.0,9000.8,140000.0,1925250.8,3.8897945140446124,25.70829889315153,5.726843261879384
centro_3q,Centro | 3 quartos,p25,p25,0.55,0.3,0.03,520.5,1750000.0,104490.37500000001,31347.112500000003,8704.0,64439.26250000001,26250.0,9000.8,52500.0,1837750.8,3.506420048898905,28.519115965984245,6.544963727862154
centro_3q,Centro | 3 quartos,p25,p25,0.55,0.3,0.05,520.5,1750000.0,104490.37500000001,31347.112500000003,8704.0,64439.26250000001,26250.0,9000.8,87500.0,1872750.8,3.4408882644717074,29.062263088439284,6.544963727862154
centro_3q,Centro | 3 quartos,p25,p25,0.55,0.3,0.08,520.5,1750000.0,104490.37500000001,31347.112500000003,8704.0,64439.26250000001,26250.0,9000.8,140000.0,1925250.8,3.347058081991188,29.876983772121843,6.544963727862154
centro_3q,Centro | 3 quartos,p25,p25,0.55,0.4,0.03,520.5,1750000.0,104490.37500000001,41796.15000000001,8704.0,53990.225000000006,26250.0,9000.8,52500.0,1837750.8,2.937842551884619,34.038583836240726,7.635791015839179
centro_3q,Centro | 3 quartos,p25,p25,0.55,0.4,0.05,520.5,1750000.0,104490.37500000001,41796.15000000001,8704.0,53990.225000000006,26250.0,9000.8,87500.0,1872750.8,2.882936960966724,34.6868493324486,7.635791015839179
centro_3q,Centro | 3 quartos,p25,p25,0.55,0.4,0.08,520.5,1750000.0,104490.37500000001,41796.15000000001,8704.0,53990.225000000006,26250.0,9000.8,140000.0,1925250.8,2.8043216499377643,35.65924757676042,7.635791015839179
centro_3q,Centro | 3 quartos,p25,p25,0.7,0.2,0.03,520.5,1750000.0,132987.75,26597.550000000003,8704.0,97686.2,26250.0,9000.8,52500.0,1837750.8,5.315530266671629,18.812798532443683,5.726843261879384
centro_3q,Centro | 3 quartos,p25,p25,0.7,0.2,0.05,520.5,1750000.0,132987.75,26597.550000000003,8704.0,97686.2,26250.0,9000.8,87500.0,1872750.8,5.216187866533016,19.171088649164368,5.726843261879384
centro_3q,Centro | 3 quartos,p25,p25,0.7,0.2,0.08,520.5,1750000.0,132987.75,26597.550000000003,8704.0,97686.2,26250.0,9000.8,140000.0,1925250.8,5.0739467294339,19.70852382424539,5.726843261879384
centro_3q,Centro | 3 quartos,p25,p25,0.7,0.3,0.03,520.5,1750000.0,132987.75,39896.325,8704.0,84387.425,26250.0,9000.8,52500.0,1837750.8,4.591886179562539,21.777543277330714,6.544963727862154
centro_3q,Centro | 3 quartos,p25,p25,0.7,0.3,0.05,520.5,1750000.0,132987.75,39896.325,8704.0,84387.425,26250.0,9000.8,87500.0,1872750.8,4.506068025708493,22.192297015817225,6.544963727862154
centro_3q,Centro | 3 quartos,p25,p25,0.7,0.3,0.08,520.5,1750000.0,132987.75,39896.325,8704.0,84387.425,26250.0,9000.8,140000.0,1925250.8,4.383191270456815,22.81442762354699,6.544963727862154
centro_3q,Centro | 3 quartos,p25,p25,0.7,0.4,0.03,520.5,1750000.0,132987.75,53195.100000000006,8704.0,71088.65,26250.0,9000.8,52500.0,1837750.8,3.8682420924534484,25.85153607502745,7.635791015839179
centro_3q,Centro | 3 quartos,p25,p25,0.7,0.4,0.05,520.5,1750000.0,132987.75,53195.100000000006,8704.0,71088.65,26250.0,9000.8,87500.0,1872750.8,3.7959481848839682,26.34387908618324,7.635791015839179
centro_3q,Centro | 3 quartos,p25,p25,0.7,0.4,0.08,520.5,1750000.0,132987.75,53195.100000000006,8704.0,71088.65,26250.0,9000.8,140000.0,1925250.8,3.69243581147973,27.082393602916923,7.635791015839179
centro_3q,Centro | 3 quartos,p25,mediana,0.4,0.2,0.03,520.5,2100000.0,75993.0,15198.6,8704.0,52090.4,31500.0,9859.91,63000.0,2204359.91,2.3630623912045285,42.31796857002442,5.726843261879384
centro_3q,Centro | 3 quartos,p25,mediana,0.4,0.2,0.05,520.5,2100000.0,75993.0,15198.6,8704.0,52090.4,31500.0,9859.91,105000.0,2246359.91,2.3188804148485715,43.12425917251547,5.726843261879384
centro_3q,Centro | 3 quartos,p25,mediana,0.4,0.2,0.08,520.5,2100000.0,75993.0,15198.6,8704.0,52090.4,31500.0,9859.91,168000.0,2309359.91,2.2556206927485807,44.333695076252056,5.726843261879384
centro_3q,Centro | 3 quartos,p25,mediana,0.4,0.3,0.03,520.5,2100000.0,75993.0,22797.899999999998,8704.0,44491.100000000006,31500.0,9859.91,63000.0,2204359.91,2.0183228608979737,49.54608697020303,6.544963727862154
centro_3q,Centro | 3 quartos,p25,mediana,0.4,0.3,0.05,520.5,2100000.0,75993.0,22797.899999999998,8704.0,44491.100000000006,31500.0,9859.91,105000.0,2246359.91,1.9805864501917685,50.49009599672743,6.544963727862154
centro_3q,Centro | 3 quartos,p25,mediana,0.4,0.3,0.08,520.5,2100000.0,75993.0,22797.899999999998,8704.0,44491.100000000006,31500.0,9859.91,168000.0,2309359.91,1.9265554843722907,51.90610953651404,6.544963727862154
centro_3q,Centro | 3 quartos,p25,mediana,0.4,0.4,0.03,520.5,2100000.0,75993.0,30397.2,8704.0,36891.8,31500.0,9859.91,63000.0,2204359.91,1.673583330591419,59.75202917721553,7.635791015839179
centro_3q,Centro | 3 quartos,p25,mediana,0.4,0.4,0.05,520.5,2100000.0,75993.0,30397.2,8704.0,36891.8,31500.0,9859.91,105000.0,2246359.91,1.642292485534965,60.89049355141251,7.635791015839179
centro_3q,Centro | 3 quartos,p25,mediana,0.4,0.4,0.08,520.5,2100000.0,75993.0,30397.2,8704.0,36891.8,31500.0,9859.91,168000.0,2309359.91,1.597490275996001,62.598190112707975,7.635791015839179
centro_3q,Centro | 3 quartos,p25,mediana,0.55,0.2,0.03,520.5,2100000.0,104490.37500000001,20898.075000000004,8704.0,74888.30000000002,31500.0,9859.91,63000.0,2204359.91,3.3972809821241947,29.43530444675603,5.726843261879384
centro_3q,Centro | 3 quartos,p25,mediana,0.55,0.2,0.05,520.5,2100000.0,104490.37500000001,20898.075000000004,8704.0,74888.30000000002,31500.0,9859.91,105000.0,2246359.91,3.333762308818982,29.996139717419137,5.726843261879384
centro_3q,Centro | 3 quartos,p25,mediana,0.55,0.2,0.08,520.5,2100000.0,104490.37500000001,20898.075000000004,8704.0,74888.30000000002,31500.0,9859.91,168000.0,2309359.91,3.2428163178774505,30.8373926234138,5.726843261879384
centro_3q,Centro | 3 quartos,p25,mediana,0.55,0.3,0.03,520.5,2100000.0,104490.37500000001,31347.112500000003,8704.0,64439.26250000001,31500.0,9859.91,63000.0,2204359.91,2.923264127952681,34.208335484907195,6.544963727862154
centro_3q,Centro | 3 quartos,p25,mediana,0.55,0.3,0.05,520.5,2100000.0,104490.37500000001,31347.112500000003,8704.0,64439.26250000001,31500.0,9859.91,105000.0,2246359.91,2.8686081074158776,34.86011203185325,6.544963727862154
centro_3q,Centro | 3 quartos,p25,mediana,0.55,0.3,0.08,520.5,2100000.0,104490.37500000001,31347.112500000003,8704.0,64439.26250000001,31500.0,9859.91,168000.0,2309359.91,2.790351656360052,35.83777685227232,6.544963727862154
centro_3q,Centro | 3 quartos,p25,mediana,0.55,0.4,0.03,520.5,2100000.0,104490.37500000001,41796.15000000001,8704.0,53990.225000000006,31500.0,9859.91,63000.0,2204359.91,2.4492472737811677,40.82887059648297,7.635791015839179
centro_3q,Centro | 3 quartos,p25,mediana,0.55,0.4,0.05,520.5,2100000.0,104490.37500000001,41796.15000000001,8704.0,53990.225000000006,31500.0,9859.91,105000.0,2246359.91,2.4034539060127726,41.60678919193243,7.635791015839179
centro_3q,Centro | 3 quartos,p25,mediana,0.55,0.4,0.08,520.5,2100000.0,104490.37500000001,41796.15000000001,8704.0,53990.225000000006,31500.0,9859.91,168000.0,2309359.91,2.3378869948426533,42.77366708510661,7.635791015839179
centro_3q,Centro | 3 quartos,p25,mediana,0.7,0.2,0.03,520.5,2100000.0,132987.75,26597.550000000003,8704.0,97686.2,31500.0,9859.91,63000.0,2204359.91,4.431499573043859,22.56572484137985,5.726843261879384
centro_3q,Centro | 3 quartos,p25,mediana,0.7,0.2,0.05,520.5,2100000.0,132987.75,26597.550000000003,8704.0,97686.2,31500.0,9859.91,105000.0,2246359.91,4.348644202789392,22.99567298144467,5.726843261879384
centro_3q,Centro | 3 quartos,p25,mediana,0.7,0.2,0.08,520.5,2100000.0,132987.75,26597.550000000003,8704.0,97686.2,31500.0,9859.91,168000.0,2309359.91,4.230011943006319,23.640595191541898,5.726843261879384
centro_3q,Centro | 3 quartos,p25,mediana,0.7,0.3,0.03,520.5,2100000.0,132987.75,39896.325,8704.0,84387.425,31500.0,9859.91,63000.0,2204359.91,3.8282053950073878,26.12190038977964,6.544963727862154
centro_3q,Centro | 3 quartos,p25,mediana,0.7,0.3,0.05,520.5,2100000.0,132987.75,39896.325,8704.0,84387.425,31500.0,9859.91,105000.0,2246359.91,3.7566297646399858,26.61960487596345,6.544963727862154
centro_3q,Centro | 3 quartos,p25,mediana,0.7,0.3,0.08,520.5,2100000.0,132987.75,39896.325,8704.0,84387.425,31500.0,9859.91,168000.0,2309359.91,3.6541478283478126,27.36616160523917,6.544963727862154
centro_3q,Centro | 3 quartos,p25,mediana,0.7,0.4,0.03,520.5,2100000.0,132987.75,53195.100000000006,8704.0,71088.65,31500.0,9859.91,63000.0,2204359.91,3.224911216970916,31.00860559315728,7.635791015839179
centro_3q,Centro | 3 quartos,p25,mediana,0.7,0.4,0.05,520.5,2100000.0,132987.75,53195.100000000006,8704.0,71088.65,31500.0,9859.91,105000.0,2246359.91,3.1646153264905794,31.599417206544228,7.635791015839179
centro_3q,Centro | 3 quartos,p25,mediana,0.7,0.4,0.08,520.5,2100000.0,132987.75,53195.100000000006,8704.0,71088.65,31500.0,9859.91,168000.0,2309359.91,3.078283713689305,32.48563462662465,7.635791015839179
centro_3q,Centro | 3 quartos,p25,p75,0.4,0.2,0.03,520.5,2790000.0,75993.0,15198.6,8704.0,52090.4,41850.0,11578.130000000001,83700.0,2927128.13,1.7795736191432112,56.19323579776695,5.726843261879384
centro_3q,Centro | 3 quartos,p25,p75,0.4,0.2,0.05,520.5,2790000.0,75993.0,15198.6,8704.0,52090.4,41850.0,11578.130000000001,139500.0,2982928.13,1.74628411177979,57.264450455362216,5.726843261879384
centro_3q,Centro | 3 quartos,p25,p75,0.4,0.2,0.08,520.5,2790000.0,75993.0,15198.6,8704.0,52090.4,41850.0,11578.130000000001,223200.0,3066628.13,1.6986213453927983,58.871272441755096,5.726843261879384
centro_3q,Centro | 3 quartos,p25,p75,0.4,0.3,0.03,520.5,2790000.0,75993.0,22797.899999999998,8704.0,44491.100000000006,41850.0,11578.130000000001,83700.0,2927128.13,1.51995737883876,65.79131848841678,6.544963727862154
centro_3q,Centro | 3 quartos,p25,p75,0.4,0.3,0.05,520.5,2790000.0,75993.0,22797.899999999998,8704.0,44491.100000000006,41850.0,11578.130000000001,139500.0,2982928.13,1.4915243700491037,67.04550190937063,6.544963727862154
centro_3q,Centro | 3 quartos,p25,p75,0.4,0.3,0.08,520.5,2790000.0,75993.0,22797.899999999998,8704.0,44491.100000000006,41850.0,11578.130000000001,223200.0,3066628.13,1.450814970512907,68.92677704080141,6.544963727862154
centro_3q,Centro | 3 quartos,p25,p75,0.4,0.4,0.03,520.5,2790000.0,75993.0,30397.2,8704.0,36891.8,41850.0,11578.130000000001,83700.0,2927128.13,1.2603411385343082,79.34359749320987,7.635791015839179
centro_3q,Centro | 3 quartos,p25,p75,0.4,0.4,0.05,520.5,2790000.0,75993.0,30397.2,8704.0,36891.8,41850.0,11578.130000000001,139500.0,2982928.13,1.236764628318417,80.85612873321442,7.635791015839179
centro_3q,Centro | 3 quartos,p25,p75,0.4,0.4,0.08,520.5,2790000.0,75993.0,30397.2,8704.0,36891.8,41850.0,11578.130000000001,223200.0,3066628.13,1.2030085956330154,83.12492559322125,7.635791015839179
centro_3q,Centro | 3 quartos,p25,p75,0.55,0.2,0.03,520.5,2790000.0,104490.37500000001,20898.075000000004,8704.0,74888.30000000002,41850.0,11578.130000000001,83700.0,2927128.13,2.5584223400565667,39.086588025098706,5.726843261879384
centro_3q,Centro | 3 quartos,p25,p75,0.55,0.2,0.05,520.5,2790000.0,104490.37500000001,20898.075000000004,8704.0,74888.30000000002,41850.0,11578.130000000001,139500.0,2982928.13,2.5105633369718503,39.831697741836834,5.726843261879384
centro_3q,Centro | 3 quartos,p25,p75,0.55,0.2,0.08,520.5,2790000.0,104490.37500000001,20898.075000000004,8704.0,74888.30000000002,41850.0,11578.130000000001,223200.0,3066628.13,2.4420404700324725,40.949362316944026,5.726843261879384
centro_3q,Centro | 3 quartos,p25,p75,0.55,0.3,0.03,520.5,2790000.0,104490.37500000001,31347.112500000003,8704.0,64439.26250000001,41850.0,11578.130000000001,83700.0,2927128.13,2.2014500096379455,45.42460631047724,6.544963727862154
centro_3q,Centro | 3 quartos,p25,p75,0.55,0.3,0.05,520.5,2790000.0,104490.37500000001,31347.112500000003,8704.0,64439.26250000001,41850.0,11578.130000000001,139500.0,2982928.13,2.1602686920921563,46.290538008562706,6.544963727862154
centro_3q,Centro | 3 quartos,p25,p75,0.55,0.3,0.08,520.5,2790000.0,104490.37500000001,31347.112500000003,8704.0,64439.26250000001,41850.0,11578.130000000001,223200.0,3066628.13,2.1013067045726217,47.5894355556909,6.544963727862154
centro_3q,Centro | 3 quartos,p25,p75,0.55,0.4,0.03,520.5,2790000.0,104490.37500000001,41796.15000000001,8704.0,53990.225000000006,41850.0,11578.130000000001,83700.0,2927128.13,1.8444776792193245,54.21589056167111,7.635791015839179
centro_3q,Centro | 3 quartos,p25,p75,0.55,0.4,0.05,520.5,2790000.0,104490.37500000001,41796.15000000001,8704.0,53990.225000000006,41850.0,11578.130000000001,139500.0,2982928.13,1.809974047212462,55.24941098133967,7.635791015839179
centro_3q,Centro | 3 quartos,p25,p75,0.55,0.4,0.08,520.5,2790000.0,104490.37500000001,41796.15000000001,8704.0,53990.225000000006,41850.0,11578.130000000001,223200.0,3066628.13,1.7605729391127711,56.79969161084251,7.635791015839179
centro_3q,Centro | 3 quartos,p25,p75,0.7,0.2,0.03,520.5,2790000.0,132987.75,26597.550000000003,8704.0,97686.2,41850.0,11578.130000000001,83700.0,2927128.13,3.337271060969921,29.96460226725986,5.726843261879384
centro_3q,Centro | 3 quartos,p25,p75,0.7,0.2,0.05,520.5,2790000.0,132987.75,26597.550000000003,8704.0,97686.2,41850.0,11578.130000000001,139500.0,2982928.13,3.2748425621639097,30.535819081917406,5.726843261879384
centro_3q,Centro | 3 quartos,p25,p75,0.7,0.2,0.08,520.5,2790000.0,132987.75,26597.550000000003,8704.0,97686.2,41850.0,11578.130000000001,223200.0,3066628.13,3.1854595946721456,31.392644303903722,5.726843261879384
centro_3q,Centro | 3 quartos,p25,p75,0.7,0.3,0.03,520.5,2790000.0,132987.75,39896.325,8704.0,84387.425,41850.0,11578.130000000001,83700.0,2927128.13,2.8829426404371308,34.68678099847222,6.544963727862154
centro_3q,Centro | 3 quartos,p25,p75,0.7,0.3,0.05,520.5,2790000.0,132987.75,39896.325,8704.0,84387.425,41850.0,11578.130000000001,139500.0,2982928.13,2.8290130141352083,35.34801695868786,6.544963727862154
centro_3q,Centro | 3 quartos,p25,p75,0.7,0.3,0.08,520.5,2790000.0,132987.75,39896.325,8704.0,84387.425,41850.0,11578.130000000001,223200.0,3066628.13,2.751798438632336,36.339870899011316,6.544963727862154
centro_3q,Centro | 3 quartos,p25,p75,0.7,0.4,0.03,520.5,2790000.0,132987.75,53195.100000000006,8704.0,71088.65,41850.0,11578.130000000001,83700.0,2927128.13,2.42861421990434,41.17574507322899,7.635791015839179
centro_3q,Centro | 3 quartos,p25,p75,0.7,0.4,0.05,520.5,2790000.0,132987.75,53195.100000000006,8704.0,71088.65,41850.0,11578.130000000001,139500.0,2982928.13,2.3831834661065066,41.960680502443076,7.635791015839179
centro_3q,Centro | 3 quartos,p25,p75,0.7,0.4,0.08,520.5,2790000.0,132987.75,53195.100000000006,8704.0,71088.65,41850.0,11578.130000000001,223200.0,3066628.13,2.318137282592526,43.13808364626421,7.635791015839179
centro_3q,Centro | 3 quartos,mediana,p25,0.4,0.2,0.03,750.0,1750000.0,109500.0,21900.0,8704.0,78896.0,26250.0,9000.8,52500.0,1837750.8,4.2930739031646725,23.293332995335632,3.974429223744292
centro_3q,Centro | 3 quartos,mediana,p25,0.4,0.2,0.05,750.0,1750000.0,109500.0,21900.0,8704.0,78896.0,26250.0,9000.8,87500.0,1872750.8,4.212840277521174,23.736954978706144,3.974429223744292
centro_3q,Centro | 3 quartos,mediana,p25,0.4,0.2,0.08,750.0,1750000.0,109500.0,21900.0,8704.0,78896.0,26250.0,9000.8,140000.0,1925250.8,4.097959600899789,24.402387953761917,3.974429223744292
centro_3q,Centro | 3 quartos,mediana,p25,0.4,0.3,0.03,750.0,1750000.0,109500.0,32850.0,8704.0,67946.0,26250.0,9000.8,52500.0,1837750.8,3.697236861493952,27.047225738086127,4.542204827136334
centro_3q,Centro | 3 quartos,mediana,p25,0.4,0.3,0.05,750.0,1750000.0,109500.0,32850.0,8704.0,67946.0,26250.0,9000.8,87500.0,1872750.8,3.62813888532313,27.562340682306537,4.542204827136334
centro_3q,Centro | 3 quartos,mediana,p25,0.4,0.3,0.08,750.0,1750000.0,109500.0,32850.0,8704.0,67946.0,26250.0,9000.8,140000.0,1925250.8,3.529202532989468,28.335013098637155,4.542204827136334
centro_3q,Centro | 3 quartos,mediana,p25,0.4,0.4,0.03,750.0,1750000.0,109500.0,43800.0,8704.0,56996.0,26250.0,9000.8,52500.0,1837750.8,3.1013998198232318,32.2435048073549,5.299238964992389
centro_3q,Centro | 3 quartos,mediana,p25,0.4,0.4,0.05,750.0,1750000.0,109500.0,43800.0,8704.0,56996.0,26250.0,9000.8,87500.0,1872750.8,3.043437493125086,32.85758298827988,5.299238964992389
centro_3q,Centro | 3 quartos,mediana,p25,0.4,0.4,0.08,750.0,1750000.0,109500.0,43800.0,8704.0,56996.0,26250.0,9000.8,140000.0,1925250.8,2.960445465079147,33.778700259667346,5.299238964992389
centro_3q,Centro | 3 quartos,mediana,p25,0.55,0.2,0.03,750.0,1750000.0,150562.5,30112.5,8704.0,111746.0,26250.0,9000.8,52500.0,1837750.8,6.080585028176834,16.445785978916472,3.974429223744292
centro_3q,Centro | 3 quartos,mediana,p25,0.55,0.2,0.05,750.0,1750000.0,150562.5,30112.5,8704.0,111746.0,26250.0,9000.8,87500.0,1872750.8,5.966944454115305,16.758996295169403,3.974429223744292
centro_3q,Centro | 3 quartos,mediana,p25,0.55,0.2,0.08,750.0,1750000.0,150562.5,30112.5,8704.0,111746.0,26250.0,9000.8,140000.0,1925250.8,5.804230804630752,17.2288117695488,3.974429223744292
centro_3q,Centro | 3 quartos,mediana,p25,0.55,0.3,0.03,750.0,1750000.0,150562.5,45168.75,8704.0,96689.75,26250.0,9000.8,52500.0,1837750.8,5.261309095879593,19.006676509143936,4.542204827136334
centro_3q,Centro | 3 quartos,mediana,p25,0.55,0.3,0.05,750.0,1750000.0,150562.5,45168.75,8704.0,96689.75,26250.0,9000.8,87500.0,1872750.8,5.162980039842995,19.36865903573026,4.542204827136334
centro_3q,Centro | 3 quartos,mediana,p25,0.55,0.3,0.08,750.0,1750000.0,150562.5,45168.75,8704.0,96689.75,26250.0,9000.8,140000.0,1925250.8,5.022189836254061,19.911632825609747,4.542204827136334
centro_3q,Centro | 3 quartos,mediana,p25,0.55,0.4,0.03,750.0,1750000.0,150562.5,60225.0,8704.0,81633.5,26250.0,9000.8,52500.0,1837750.8,4.4420331635823525,22.512213735782492,5.299238964992389
centro_3q,Centro | 3 quartos,mediana,p25,0.55,0.4,0.05,750.0,1750000.0,150562.5,60225.0,8704.0,81633.5,26250.0,9000.8,87500.0,1872750.8,4.3590156255706844,22.940959287547393,5.299238964992389
centro_3q,Centro | 3 quartos,mediana,p25,0.55,0.4,0.08,750.0,1750000.0,150562.5,60225.0,8704.0,81633.5,26250.0,9000.8,140000.0,1925250.8,4.2401488678773696,23.584077615194744,5.299238964992389
centro_3q,Centro | 3 quartos,mediana,p25,0.7,0.2,0.03,750.0,1750000.0,191625.0,38325.0,8704.0,144596.0,26250.0,9000.8,52500.0,1837750.8,7.868096153188995,12.709554897784171,3.974429223744292
centro_3q,Centro | 3 quartos,mediana,p25,0.7,0.2,0.05,750.0,1750000.0,191625.0,38325.0,8704.0,144596.0,26250.0,9000.8,87500.0,1872750.8,7.7210486307094355,12.951608619878835,3.974429223744292
centro_3q,Centro | 3 quartos,mediana,p25,0.7,0.2,0.08,750.0,1750000.0,191625.0,38325.0,8704.0,144596.0,26250.0,9000.8,140000.0,1925250.8,7.510502008361715,13.31468920302083,3.974429223744292
centro_3q,Centro | 3 quartos,mediana,p25,0.7,0.3,0.03,750.0,1750000.0,191625.0,57487.5,8704.0,125433.5,26250.0,9000.8,52500.0,1837750.8,6.825381330265234,14.651196052091347,4.542204827136334
centro_3q,Centro | 3 quartos,mediana,p25,0.7,0.3,0.05,750.0,1750000.0,191625.0,57487.5,8704.0,125433.5,26250.0,9000.8,87500.0,1872750.8,6.6978211943628585,14.930228368019709,4.542204827136334
centro_3q,Centro | 3 quartos,mediana,p25,0.7,0.3,0.08,750.0,1750000.0,191625.0,57487.5,8704.0,125433.5,26250.0,9000.8,140000.0,1925250.8,6.515177139518653,15.34877684191225,4.542204827136334
centro_3q,Centro | 3 quartos,mediana,p25,0.7,0.4,0.03,750.0,1750000.0,191625.0,76650.0,8704.0,106271.0,26250.0,9000.8,52500.0,1837750.8,5.782666507341474,17.293060195161427,5.299238964992389
centro_3q,Centro | 3 quartos,mediana,p25,0.7,0.4,0.05,750.0,1750000.0,191625.0,76650.0,8704.0,106271.0,26250.0,9000.8,87500.0,1872750.8,5.674593758016282,17.62240686546659,5.299238964992389
centro_3q,Centro | 3 quartos,mediana,p25,0.7,0.4,0.08,750.0,1750000.0,191625.0,76650.0,8704.0,106271.0,26250.0,9000.8,140000.0,1925250.8,5.5198522706755915,18.116426870924336,5.299238964992389
centro_3q,Centro | 3 quartos,mediana,mediana,0.4,0.2,0.03,750.0,2100000.0,109500.0,21900.0,8704.0,78896.0,31500.0,9859.91,63000.0,2204359.91,3.5790888612195815,27.940071866761308,3.974429223744292
centro_3q,Centro | 3 quartos,mediana,mediana,0.4,0.2,0.05,750.0,2100000.0,109500.0,21900.0,8704.0,78896.0,31500.0,9859.91,105000.0,2246359.91,3.512170941476604,28.472418246805923,3.974429223744292
centro_3q,Centro | 3 quartos,mediana,mediana,0.4,0.2,0.08,750.0,2100000.0,109500.0,21900.0,8704.0,78896.0,31500.0,9859.91,168000.0,2309359.91,3.416357911920277,29.27093781687285,3.974429223744292
centro_3q,Centro | 3 quartos,mediana,mediana,0.4,0.3,0.03,750.0,2100000.0,109500.0,32850.0,8704.0,67946.0,31500.0,9859.91,63000.0,2204359.91,3.0823460221611447,32.44282091661025,4.542204827136334
centro_3q,Centro | 3 quartos,mediana,mediana,0.4,0.3,0.05,750.0,2100000.0,109500.0,32850.0,8704.0,67946.0,31500.0,9859.91,105000.0,2246359.91,3.0247156609912964,33.06095884967474,4.542204827136334
centro_3q,Centro | 3 quartos,mediana,mediana,0.4,0.3,0.08,750.0,2100000.0,109500.0,32850.0,8704.0,67946.0,31500.0,9859.91,168000.0,2309359.91,2.942200551147525,33.98816574927148,4.542204827136334
centro_3q,Centro | 3 quartos,mediana,mediana,0.4,0.4,0.03,750.0,2100000.0,109500.0,43800.0,8704.0,56996.0,31500.0,9859.91,63000.0,2204359.91,2.585603183102708,38.6756949610499,5.299238964992389
centro_3q,Centro | 3 quartos,mediana,mediana,0.4,0.4,0.05,750.0,2100000.0,109500.0,43800.0,8704.0,56996.0,31500.0,9859.91,105000.0,2246359.91,2.5372603805059892,39.41258877815987,5.299238964992389
centro_3q,Centro | 3 quartos,mediana,mediana,0.4,0.4,0.08,750.0,2100000.0,109500.0,43800.0,8704.0,56996.0,31500.0,9859.91,168000.0,2309359.91,2.4680431903747735,40.51792950382483,5.299238964992389
centro_3q,Centro | 3 quartos,mediana,mediana,0.55,0.2,0.03,750.0,2100000.0,150562.5,30112.5,8704.0,111746.0,31500.0,9859.91,63000.0,2204359.91,5.069317378394891,19.726521844182344,3.974429223744292
centro_3q,Centro | 3 quartos,mediana,mediana,0.55,0.2,0.05,750.0,2100000.0,150562.5,30112.5,8704.0,111746.0,31500.0,9859.91,105000.0,2246359.91,4.974536782932526,20.10237422368586,3.974429223744292
centro_3q,Centro | 3 quartos,mediana,mediana,0.55,0.2,0.08,750.0,2100000.0,150562.5,30112.5,8704.0,111746.0,31500.0,9859.91,168000.0,2309359.91,4.838829994238533,20.666152792941137,3.974429223744292
centro_3q,Centro | 3 quartos,mediana,mediana,0.55,0.3,0.03,750.0,2100000.0,150562.5,45168.75,8704.0,96689.75,31500.0,9859.91,63000.0,2204359.91,4.386295974689541,22.79827913506861,4.542204827136334
centro_3q,Centro | 3 quartos,mediana,mediana,0.55,0.3,0.05,750.0,2100000.0,150562.5,45168.75,8704.0,96689.75,31500.0,9859.91,105000.0,2246359.91,4.304285772265229,23.2326581669722,4.542204827136334
centro_3q,Centro | 3 quartos,mediana,mediana,0.55,0.3,0.08,750.0,2100000.0,150562.5,45168.75,8704.0,96689.75,31500.0,9859.91,168000.0,2309359.91,4.1868636231759995,23.88422671482758,4.542204827136334
centro_3q,Centro | 3 quartos,mediana,mediana,0.55,0.4,0.03,750.0,2100000.0,150562.5,60225.0,8704.0,81633.5,31500.0,9859.91,63000.0,2204359.91,3.7032745709841906,27.003128740039323,5.299238964992389
centro_3q,Centro | 3 quartos,mediana,mediana,0.55,0.4,0.05,750.0,2100000.0,150562.5,60225.0,8704.0,81633.5,31500.0,9859.91,105000.0,2246359.91,3.634034761597931,27.517623402157206,5.299238964992389
centro_3q,Centro | 3 quartos,mediana,mediana,0.55,0.4,0.08,750.0,2100000.0,150562.5,60225.0,8704.0,81633.5,31500.0,9859.91,168000.0,2309359.91,3.5348972521134656,28.289365395334027,5.299238964992389
centro_3q,Centro | 3 quartos,mediana,mediana,0.7,0.2,0.03,750.0,2100000.0,191625.0,38325.0,8704.0,144596.0,31500.0,9859.91,63000.0,2204359.91,6.559545895570201,15.244957744335943,3.974429223744292
centro_3q,Centro | 3 quartos,mediana,mediana,0.7,0.2,0.05,750.0,2100000.0,191625.0,38325.0,8704.0,144596.0,31500.0,9859.91,105000.0,2246359.91,6.436902624388449,15.535422210849541,3.974429223744292
centro_3q,Centro | 3 quartos,mediana,mediana,0.7,0.2,0.08,750.0,2100000.0,191625.0,38325.0,8704.0,144596.0,31500.0,9859.91,168000.0,2309359.91,6.261302076556789,15.971118910619936,3.974429223744292
centro_3q,Centro | 3 quartos,mediana,mediana,0.7,0.3,0.03,750.0,2100000.0,191625.0,57487.5,8704.0,125433.5,31500.0,9859.91,63000.0,2204359.91,5.690245927217937,17.573932880769494,4.542204827136334
centro_3q,Centro | 3 quartos,mediana,mediana,0.7,0.3,0.05,750.0,2100000.0,191625.0,57487.5,8704.0,125433.5,31500.0,9859.91,105000.0,2246359.91,5.583855883539161,17.908771659883524,4.542204827136334
centro_3q,Centro | 3 quartos,mediana,mediana,0.7,0.3,0.08,750.0,2100000.0,191625.0,57487.5,8704.0,125433.5,31500.0,9859.91,168000.0,2309359.91,5.4315266952044725,18.411029828554575,4.542204827136334
centro_3q,Centro | 3 quartos,mediana,mediana,0.7,0.4,0.03,750.0,2100000.0,191625.0,76650.0,8704.0,106271.0,31500.0,9859.91,63000.0,2204359.91,4.820945958865673,20.742817043219695,5.299238964992389
centro_3q,Centro | 3 quartos,mediana,mediana,0.7,0.4,0.05,750.0,2100000.0,191625.0,76650.0,8704.0,106271.0,31500.0,9859.91,105000.0,2246359.91,4.730809142689873,21.13803304758589,5.299238964992389
centro_3q,Centro | 3 quartos,mediana,mediana,0.7,0.4,0.08,750.0,2100000.0,191625.0,76650.0,8704.0,106271.0,31500.0,9859.91,168000.0,2309359.91,4.601751313852157,21.730857054135186,5.299238964992389
centro_3q,Centro | 3 quartos,mediana,p75,0.4,0.2,0.03,750.0,2790000.0,109500.0,21900.0,8704.0,78896.0,41850.0,11578.130000000001,83700.0,2927128.13,2.695338109439029,37.10109676029203,3.974429223744292
centro_3q,Centro | 3 quartos,mediana,p75,0.4,0.2,0.05,750.0,2790000.0,109500.0,21900.0,8704.0,78896.0,41850.0,11578.130000000001,139500.0,2982928.13,2.6449178981727597,37.80835695092273,3.974429223744292
centro_3q,Centro | 3 quartos,mediana,p75,0.4,0.2,0.08,750.0,2790000.0,109500.0,21900.0,8704.0,78896.0,41850.0,11578.130000000001,223200.0,3066628.13,2.5727279818567372,38.86924723686879,3.974429223744292
centro_3q,Centro | 3 quartos,mediana,p75,0.4,0.3,0.03,750.0,2790000.0,109500.0,32850.0,8704.0,67946.0,41850.0,11578.130000000001,83700.0,2927128.13,2.3212513078476,43.080212668884116,4.542204827136334
centro_3q,Centro | 3 quartos,mediana,p75,0.4,0.3,0.05,750.0,2790000.0,109500.0,32850.0,8704.0,67946.0,41850.0,11578.130000000001,139500.0,2982928.13,2.2778289331429518,43.90145306566979,4.542204827136334
centro_3q,Centro | 3 quartos,mediana,p75,0.4,0.3,0.08,750.0,2790000.0,109500.0,32850.0,8704.0,67946.0,41850.0,11578.130000000001,223200.0,3066628.13,2.2156582774188536,45.133313660848316,4.542204827136334
centro_3q,Centro | 3 quartos,mediana,p75,0.4,0.4,0.03,750.0,2790000.0,109500.0,43800.0,8704.0,56996.0,41850.0,11578.130000000001,83700.0,2927128.13,1.9471645062561715,51.35672906870657,5.299238964992389
centro_3q,Centro | 3 quartos,mediana,p75,0.4,0.4,0.05,750.0,2790000.0,109500.0,43800.0,8704.0,56996.0,41850.0,11578.130000000001,139500.0,2982928.13,1.910739968113144,52.33574514000982,5.299238964992389
centro_3q,Centro | 3 quartos,mediana,p75,0.4,0.4,0.08,750.0,2790000.0,109500.0,43800.0,8704.0,56996.0,41850.0,11578.130000000001,223200.0,3066628.13,1.85858857298097,53.8042692469647,5.299238964992389
centro_3q,Centro | 3 quartos,mediana,p75,0.55,0.2,0.03,750.0,2790000.0,150562.5,30112.5,8704.0,111746.0,41850.0,11578.130000000001,83700.0,2927128.13,3.8175985142133153,26.194477923147137,3.974429223744292
centro_3q,Centro | 3 quartos,mediana,p75,0.55,0.2,0.05,750.0,2790000.0,150562.5,30112.5,8704.0,111746.0,41850.0,11578.130000000001,139500.0,2982928.13,3.7461847932621835,26.693824655916096,3.974429223744292
centro_3q,Centro | 3 quartos,mediana,p75,0.55,0.2,0.08,750.0,2790000.0,150562.5,30112.5,8704.0,111746.0,41850.0,11578.130000000001,223200.0,3066628.13,3.6439370951703887,27.442844755069533,3.974429223744292
centro_3q,Centro | 3 quartos,mediana,p75,0.55,0.3,0.03,750.0,2790000.0,150562.5,45168.75,8704.0,96689.75,41850.0,11578.130000000001,83700.0,2927128.13,3.303229162025101,30.273406746837175,4.542204827136334
centro_3q,Centro | 3 quartos,mediana,p75,0.55,0.3,0.05,750.0,2790000.0,150562.5,45168.75,8704.0,96689.75,41850.0,11578.130000000001,139500.0,2982928.13,3.2414374663461976,30.8505103177948,4.542204827136334
centro_3q,Centro | 3 quartos,mediana,p75,0.55,0.3,0.08,750.0,2790000.0,150562.5,45168.75,8704.0,96689.75,41850.0,11578.130000000001,223200.0,3066628.13,3.1529662515682984,31.716165674231238,4.542204827136334
centro_3q,Centro | 3 quartos,mediana,p75,0.55,0.4,0.03,750.0,2790000.0,150562.5,60225.0,8704.0,81633.5,41850.0,11578.130000000001,83700.0,2927128.13,2.7888598098368864,35.856947576668894,5.299238964992389
centro_3q,Centro | 3 quartos,mediana,p75,0.55,0.4,0.05,750.0,2790000.0,150562.5,60225.0,8704.0,81633.5,41850.0,11578.130000000001,139500.0,2982928.13,2.736690139430211,36.54049048491122,5.299238964992389
centro_3q,Centro | 3 quartos,mediana,p75,0.55,0.4,0.08,750.0,2790000.0,150562.5,60225.0,8704.0,81633.5,41850.0,11578.130000000001,223200.0,3066628.13,2.6619954079662085,37.565804847274705,5.299238964992389
centro_3q,Centro | 3 quartos,mediana,p75,0.7,0.2,0.03,750.0,2790000.0,191625.0,38325.0,8704.0,144596.0,41850.0,11578.130000000001,83700.0,2927128.13,4.939858918987602,20.24349311184265,3.974429223744292
centro_3q,Centro | 3 quartos,mediana,p75,0.7,0.2,0.05,750.0,2790000.0,191625.0,38325.0,8704.0,144596.0,41850.0,11578.130000000001,139500.0,2982928.13,4.847451688351607,20.629395903067856,3.974429223744292
centro_3q,Centro | 3 quartos,mediana,p75,0.7,0.2,0.08,750.0,2790000.0,191625.0,38325.0,8704.0,144596.0,41850.0,11578.130000000001,223200.0,3066628.13,4.71514620848404,21.20825008990567,3.974429223744292
centro_3q,Centro | 3 quartos,mediana,p75,0.7,0.3,0.03,750.0,2790000.0,191625.0,57487.5,8704.0,125433.5,41850.0,11578.130000000001,83700.0,2927128.13,4.285207016202602,23.336095460941454,4.542204827136334
centro_3q,Centro | 3 quartos,mediana,p75,0.7,0.3,0.05,750.0,2790000.0,191625.0,57487.5,8704.0,125433.5,41850.0,11578.130000000001,139500.0,2982928.13,4.2050459995494425,23.780952696050097,4.542204827136334
centro_3q,Centro | 3 quartos,mediana,p75,0.7,0.3,0.08,750.0,2790000.0,191625.0,57487.5,8704.0,125433.5,41850.0,11578.130000000001,223200.0,3066628.13,4.090274225717743,24.44823854871306,4.542204827136334
centro_3q,Centro | 3 quartos,mediana,p75,0.7,0.4,0.03,750.0,2790000.0,191625.0,76650.0,8704.0,106271.0,41850.0,11578.130000000001,83700.0,2927128.13,3.630555113417601,27.543997233487968,5.299238964992389
centro_3q,Centro | 3 quartos,mediana,p75,0.7,0.4,0.05,750.0,2790000.0,191625.0,76650.0,8704.0,106271.0,41850.0,11578.130000000001,139500.0,2982928.13,3.562640310747279,28.069069925003056,5.299238964992389
centro_3q,Centro | 3 quartos,mediana,p75,0.7,0.4,0.08,750.0,2790000.0,191625.0,76650.0,8704.0,106271.0,41850.0,11578.130000000001,223200.0,3066628.13,3.4654022429514466,28.85667896227569,5.299238964992389
centro_3q,Centro | 3 quartos,p75,p25,0.4,0.2,0.03,850.0,1750000.0,124100.0,24820.0,8704.0,90576.0,26250.0,9000.8,52500.0,1837750.8,4.928633414280108,20.28959989401166,3.506849315068493
centro_3q,Centro | 3 quartos,p75,p25,0.4,0.2,0.05,850.0,1750000.0,124100.0,24820.0,8704.0,90576.0,26250.0,9000.8,87500.0,1872750.8,4.836521762532421,20.676015721603957,3.506849315068493
centro_3q,Centro | 3 quartos,p75,p25,0.4,0.2,0.08,850.0,1750000.0,124100.0,24820.0,8704.0,90576.0,26250.0,9000.8,140000.0,1925250.8,4.704633806670799,21.255639462992406,3.506849315068493
centro_3q,Centro | 3 quartos,p75,p25,0.4,0.3,0.03,850.0,1750000.0,124100.0,37230.0,8704.0,78166.0,26250.0,9000.8,52500.0,1837750.8,4.253351433719958,23.510871734513728,4.007827788649706
centro_3q,Centro | 3 quartos,p75,p25,0.4,0.3,0.05,850.0,1750000.0,124100.0,37230.0,8704.0,78166.0,26250.0,9000.8,87500.0,1872750.8,4.17386018470797,23.958636747434948,4.007827788649706
centro_3q,Centro | 3 quartos,p75,p25,0.4,0.3,0.08,850.0,1750000.0,124100.0,37230.0,8704.0,78166.0,26250.0,9000.8,140000.0,1925250.8,4.060042463039101,24.630284266816776,4.007827788649706
centro_3q,Centro | 3 quartos,p75,p25,0.4,0.4,0.03,850.0,1750000.0,124100.0,49640.0,8704.0,65756.0,26250.0,9000.8,52500.0,1837750.8,3.578069453159808,27.948032118742017,4.675799086757991
centro_3q,Centro | 3 quartos,p75,p25,0.4,0.4,0.05,850.0,1750000.0,124100.0,49640.0,8704.0,65756.0,26250.0,9000.8,87500.0,1872750.8,3.5111986068835215,28.480302938134923,4.675799086757991
centro_3q,Centro | 3 quartos,p75,p25,0.4,0.4,0.08,850.0,1750000.0,124100.0,49640.0,8704.0,65756.0,26250.0,9000.8,140000.0,1925250.8,3.415451119407404,29.278709167224285,4.675799086757991
centro_3q,Centro | 3 quartos,p75,p25,0.55,0.2,0.03,850.0,1750000.0,170637.5,34127.5,8704.0,127806.0,26250.0,9000.8,52500.0,1837750.8,6.954479355960558,14.379221632787193,3.506849315068493
centro_3q,Centro | 3 quartos,p75,p25,0.55,0.2,0.05,850.0,1750000.0,170637.5,34127.5,8704.0,127806.0,26250.0,9000.8,87500.0,1872750.8,6.824506496005768,14.653074190570083,3.506849315068493
centro_3q,Centro | 3 quartos,p75,p25,0.55,0.2,0.08,850.0,1750000.0,170637.5,34127.5,8704.0,127806.0,26250.0,9000.8,140000.0,1925250.8,6.63840783756589,15.063853027244418,3.506849315068493
centro_3q,Centro | 3 quartos,p75,p25,0.55,0.3,0.03,850.0,1750000.0,170637.5,51191.25,8704.0,110742.25,26250.0,9000.8,52500.0,1837750.8,6.025966632690351,16.594847946470296,4.007827788649706
centro_3q,Centro | 3 quartos,p75,p25,0.55,0.3,0.05,850.0,1750000.0,170637.5,51191.25,8704.0,110742.25,26250.0,9000.8,87500.0,1872750.8,5.9133468264971505,16.910897150816425,4.007827788649706
centro_3q,Centro | 3 quartos,p75,p25,0.55,0.3,0.08,850.0,1750000.0,170637.5,51191.25,8704.0,110742.25,26250.0,9000.8,140000.0,1925250.8,5.752094740072306,17.384970957335614,4.007827788649706
centro_3q,Centro | 3 quartos,p75,p25,0.55,0.4,0.03,850.0,1750000.0,170637.5,68255.0,8704.0,93678.5,26250.0,9000.8,52500.0,1837750.8,5.097453909420145,19.61763691775594,4.675799086757991
centro_3q,Centro | 3 quartos,p75,p25,0.55,0.4,0.05,850.0,1750000.0,170637.5,68255.0,8704.0,93678.5,26250.0,9000.8,87500.0,1872750.8,5.002187156988533,19.99125519729714,4.675799086757991
centro_3q,Centro | 3 quartos,p75,p25,0.55,0.4,0.08,850.0,1750000.0,170637.5,68255.0,8704.0,93678.5,26250.0,9000.8,140000.0,1925250.8,4.865781642578723,20.551682616608936,4.675799086757991
centro_3q,Centro | 3 quartos,p75,p25,0.7,0.2,0.03,850.0,1750000.0,217175.0,43435.0,8704.0,165036.0,26250.0,9000.8,52500.0,1837750.8,8.980325297641008,11.135454082745584,3.506849315068493
centro_3q,Centro | 3 quartos,p75,p25,0.7,0.2,0.05,850.0,1750000.0,217175.0,43435.0,8704.0,165036.0,26250.0,9000.8,87500.0,1872750.8,8.812491229479116,11.347529023970528,3.506849315068493
centro_3q,Centro | 3 quartos,p75,p25,0.7,0.2,0.08,850.0,1750000.0,217175.0,43435.0,8704.0,165036.0,26250.0,9000.8,140000.0,1925250.8,8.572181868460982,11.665641435807945,3.506849315068493
centro_3q,Centro | 3 quartos,p75,p25,0.7,0.3,0.03,850.0,1750000.0,217175.0,65152.5,8704.0,143318.5,26250.0,9000.8,52500.0,1837750.8,7.798581831660744,12.82284422457673,4.007827788649706
centro_3q,Centro | 3 quartos,p75,p25,0.7,0.3,0.05,850.0,1750000.0,217175.0,65152.5,8704.0,143318.5,26250.0,9000.8,87500.0,1872750.8,7.65283346828633,13.067055544120263,4.007827788649706
centro_3q,Centro | 3 quartos,p75,p25,0.7,0.3,0.08,850.0,1750000.0,217175.0,65152.5,8704.0,143318.5,26250.0,9000.8,140000.0,1925250.8,7.444147017105511,13.433372523435565,4.007827788649706
centro_3q,Centro | 3 quartos,p75,p25,0.7,0.4,0.03,850.0,1750000.0,217175.0,86870.0,8704.0,121601.0,26250.0,9000.8,52500.0,1837750.8,6.616838365680483,15.112957952648417,4.675799086757991
centro_3q,Centro | 3 quartos,p75,p25,0.7,0.4,0.05,850.0,1750000.0,217175.0,86870.0,8704.0,121601.0,26250.0,9000.8,87500.0,1872750.8,6.493175707093543,15.400784533021932,4.675799086757991
centro_3q,Centro | 3 quartos,p75,p25,0.7,0.4,0.08,850.0,1750000.0,217175.0,86870.0,8704.0,121601.0,26250.0,9000.8,140000.0,1925250.8,6.316112165750042,15.832524403582207,4.675799086757991
centro_3q,Centro | 3 quartos,p75,mediana,0.4,0.2,0.03,850.0,2100000.0,124100.0,24820.0,8704.0,90576.0,31500.0,9859.91,63000.0,2204359.91,4.108947889548581,24.337130255255257,3.506849315068493
centro_3q,Centro | 3 quartos,p75,mediana,0.4,0.2,0.05,850.0,2100000.0,124100.0,24820.0,8704.0,90576.0,31500.0,9859.91,105000.0,2246359.91,4.032123240660932,24.800829248366014,3.506849315068493
centro_3q,Centro | 3 quartos,p75,mediana,0.4,0.2,0.08,850.0,2100000.0,124100.0,24820.0,8704.0,90576.0,31500.0,9859.91,168000.0,2309359.91,3.9221257634112128,25.49637773803215,3.506849315068493
centro_3q,Centro | 3 quartos,p75,mediana,0.4,0.3,0.03,850.0,2100000.0,124100.0,37230.0,8704.0,78166.0,31500.0,9859.91,63000.0,2204359.91,3.5459726719490194,28.20100695954763,4.007827788649706
centro_3q,Centro | 3 quartos,p75,mediana,0.4,0.3,0.05,850.0,2100000.0,124100.0,37230.0,8704.0,78166.0,31500.0,9859.91,105000.0,2246359.91,3.4796739227775833,28.738324975053093,4.007827788649706
centro_3q,Centro | 3 quartos,p75,mediana,0.4,0.3,0.08,850.0,2100000.0,124100.0,37230.0,8704.0,78166.0,31500.0,9859.91,168000.0,2309359.91,3.3847474212020936,29.544301998311287,4.007827788649706
centro_3q,Centro | 3 quartos,p75,mediana,0.4,0.4,0.03,850.0,2100000.0,124100.0,49640.0,8704.0,65756.0,31500.0,9859.91,63000.0,2204359.91,2.9829974543494577,33.52332730093072,4.675799086757991
centro_3q,Centro | 3 quartos,p75,mediana,0.4,0.4,0.05,850.0,2100000.0,124100.0,49640.0,8704.0,65756.0,31500.0,9859.91,105000.0,2246359.91,2.927224604894235,34.162052284202204,4.675799086757991
centro_3q,Centro | 3 quartos,p75,mediana,0.4,0.4,0.08,850.0,2100000.0,124100.0,49640.0,8704.0,65756.0,31500.0,9859.91,168000.0,2309359.91,2.847369078992975,35.120139759109435,4.675799086757991
centro_3q,Centro | 3 quartos,p75,mediana,0.55,0.2,0.03,850.0,2100000.0,170637.5,34127.5,8704.0,127806.0,31500.0,9859.91,63000.0,2204359.91,5.797873542347266,17.24770284650173,3.506849315068493
centro_3q,Centro | 3 quartos,p75,mediana,0.55,0.2,0.05,850.0,2100000.0,170637.5,34127.5,8704.0,127806.0,31500.0,9859.91,105000.0,2246359.91,5.689471194310977,17.5763259158412,3.506849315068493
centro_3q,Centro | 3 quartos,p75,mediana,0.55,0.2,0.08,850.0,2100000.0,170637.5,34127.5,8704.0,127806.0,31500.0,9859.91,168000.0,2309359.91,5.534260790038569,18.0692605198504,3.506849315068493
centro_3q,Centro | 3 quartos,p75,mediana,0.55,0.3,0.03,850.0,2100000.0,170637.5,51191.25,8704.0,110742.25,31500.0,9859.91,63000.0,2204359.91,5.023782618147869,19.905319875657213,4.007827788649706
centro_3q,Centro | 3 quartos,p75,mediana,0.55,0.3,0.05,850.0,2100000.0,170637.5,51191.25,8704.0,110742.25,31500.0,9859.91,105000.0,2246359.91,4.929853382221373,20.28457892087257,4.007827788649706
centro_3q,Centro | 3 quartos,p75,mediana,0.55,0.3,0.08,850.0,2100000.0,170637.5,51191.25,8704.0,110742.25,31500.0,9859.91,168000.0,2309359.91,4.7953655695010315,20.8534674886956,4.007827788649706
centro_3q,Centro | 3 quartos,p75,mediana,0.55,0.4,0.03,850.0,2100000.0,170637.5,68255.0,8704.0,93678.5,31500.0,9859.91,63000.0,2204359.91,4.249691693948471,23.531118773251066,4.675799086757991
centro_3q,Centro | 3 quartos,p75,mediana,0.55,0.4,0.05,850.0,2100000.0,170637.5,68255.0,8704.0,93678.5,31500.0,9859.91,105000.0,2246359.91,4.170235570131768,23.979460708700504,4.675799086757991
centro_3q,Centro | 3 quartos,p75,mediana,0.55,0.4,0.08,850.0,2100000.0,170637.5,68255.0,8704.0,93678.5,31500.0,9859.91,168000.0,2309359.91,4.056470348963492,24.65197361187466,4.675799086757991
centro_3q,Centro | 3 quartos,p75,mediana,0.7,0.2,0.03,850.0,2100000.0,217175.0,43435.0,8704.0,165036.0,31500.0,9859.91,63000.0,2204359.91,7.4867991951459505,13.356842810053564,3.506849315068493
centro_3q,Centro | 3 quartos,p75,mediana,0.7,0.2,0.05,850.0,2100000.0,217175.0,43435.0,8704.0,165036.0,31500.0,9859.91,105000.0,2246359.91,7.346819147961023,13.6113327395235,3.506849315068493
centro_3q,Centro | 3 quartos,p75,mediana,0.7,0.2,0.08,850.0,2100000.0,217175.0,43435.0,8704.0,165036.0,31500.0,9859.91,168000.0,2309359.91,7.146395816665926,13.9930676337284,3.506849315068493
centro_3q,Centro | 3 quartos,p75,mediana,0.7,0.3,0.03,850.0,2100000.0,217175.0,65152.5,8704.0,143318.5,31500.0,9859.91,63000.0,2204359.91,6.501592564346717,15.380846924856177,4.007827788649706
centro_3q,Centro | 3 quartos,p75,mediana,0.7,0.3,0.05,850.0,2100000.0,217175.0,65152.5,8704.0,143318.5,31500.0,9859.91,105000.0,2246359.91,6.380032841665163,15.673900508308419,4.007827788649706
centro_3q,Centro | 3 quartos,p75,mediana,0.7,0.3,0.08,850.0,2100000.0,217175.0,65152.5,8704.0,143318.5,31500.0,9859.91,168000.0,2309359.91,6.205983717799968,16.11348088348678,4.007827788649706
centro_3q,Centro | 3 quartos,p75,mediana,0.7,0.4,0.03,850.0,2100000.0,217175.0,86870.0,8704.0,121601.0,31500.0,9859.91,63000.0,2204359.91,5.516385933547484,18.127810708793515,4.675799086757991
centro_3q,Centro | 3 quartos,p75,mediana,0.7,0.4,0.05,850.0,2100000.0,217175.0,86870.0,8704.0,121601.0,31500.0,9859.91,105000.0,2246359.91,5.413246535369303,18.473202605241735,4.675799086757991
centro_3q,Centro | 3 quartos,p75,mediana,0.7,0.4,0.08,850.0,2100000.0,217175.0,86870.0,8704.0,121601.0,31500.0,9859.91,168000.0,2309359.91,5.265571618934009,18.991290449914064,4.675799086757991
centro_3q,Centro | 3 quartos,p75,p75,0.4,0.2,0.03,850.0,2790000.0,124100.0,24820.0,8704.0,90576.0,41850.0,11578.130000000001,83700.0,2927128.13,3.094364031136553,32.316818252075606,3.506849315068493
centro_3q,Centro | 3 quartos,p75,p75,0.4,0.2,0.05,850.0,2790000.0,124100.0,24820.0,8704.0,90576.0,41850.0,11578.130000000001,139500.0,2982928.13,3.036479460871221,32.932875485779896,3.506849315068493
centro_3q,Centro | 3 quartos,p75,p75,0.4,0.2,0.08,850.0,2790000.0,124100.0,24820.0,8704.0,90576.0,41850.0,11578.130000000001,223200.0,3066628.13,2.9536023332571464,33.85696133633633,3.506849315068493
centro_3q,Centro | 3 quartos,p75,p75,0.4,0.3,0.03,850.0,2790000.0,124100.0,37230.0,8704.0,78166.0,41850.0,11578.130000000001,83700.0,2927128.13,2.670398989332934,37.44758757004324,4.007827788649706
centro_3q,Centro | 3 quartos,p75,p75,0.4,0.3,0.05,850.0,2790000.0,124100.0,37230.0,8704.0,78166.0,41850.0,11578.130000000001,139500.0,2982928.13,2.6204453005041057,38.1614529335005,4.007827788649706
centro_3q,Centro | 3 quartos,p75,p75,0.4,0.3,0.08,850.0,2790000.0,124100.0,37230.0,8704.0,78166.0,41850.0,11578.130000000001,223200.0,3066628.13,2.5489233348942117,39.23225097868638,4.007827788649706
centro_3q,Centro | 3 quartos,p75,p75,0.4,0.4,0.03,850.0,2790000.0,124100.0,49640.0,8704.0,65756.0,41850.0,11578.130000000001,83700.0,2927128.13,2.2464339475293147,44.51499680637508,4.675799086757991
centro_3q,Centro | 3 quartos,p75,p75,0.4,0.4,0.05,850.0,2790000.0,124100.0,49640.0,8704.0,65756.0,41850.0,11578.130000000001,139500.0,2982928.13,2.20441114013699,45.36358856986435,4.675799086757991
centro_3q,Centro | 3 quartos,p75,p75,0.4,0.4,0.08,850.0,2790000.0,124100.0,49640.0,8704.0,65756.0,41850.0,11578.130000000001,223200.0,3066628.13,2.1442443365312767,46.63647621509824,4.675799086757991
centro_3q,Centro | 3 quartos,p75,p75,0.55,0.2,0.03,850.0,2790000.0,170637.5,34127.5,8704.0,127806.0,41850.0,11578.130000000001,83700.0,2927128.13,4.366259156547411,22.902900724535623,3.506849315068493
centro_3q,Centro | 3 quartos,p75,p75,0.55,0.2,0.05,850.0,2790000.0,170637.5,34127.5,8704.0,127806.0,41850.0,11578.130000000001,139500.0,2982928.13,4.284581941972568,23.339499945229488,3.506849315068493
centro_3q,Centro | 3 quartos,p75,p75,0.55,0.2,0.08,850.0,2790000.0,170637.5,34127.5,8704.0,127806.0,41850.0,11578.130000000001,223200.0,3066628.13,4.167639328345951,23.994398776270284,3.506849315068493
centro_3q,Centro | 3 quartos,p75,p75,0.55,0.3,0.03,850.0,2790000.0,170637.5,51191.25,8704.0,110742.25,41850.0,11578.130000000001,83700.0,2927128.13,3.7833072240674346,26.431900471590563,4.007827788649706
centro_3q,Centro | 3 quartos,p75,p75,0.55,0.3,0.05,850.0,2790000.0,170637.5,51191.25,8704.0,110742.25,41850.0,11578.130000000001,139500.0,2982928.13,3.7125349714677838,26.93577320309096,4.007827788649706
centro_3q,Centro | 3 quartos,p75,p75,0.55,0.3,0.08,850.0,2790000.0,170637.5,51191.25,8704.0,110742.25,41850.0,11578.130000000001,223200.0,3066628.13,3.6112057055969156,27.691582300341558,4.007827788649706
centro_3q,Centro | 3 quartos,p75,p75,0.55,0.4,0.03,850.0,2790000.0,170637.5,68255.0,8704.0,93678.5,41850.0,11578.130000000001,83700.0,2927128.13,3.2003552915874582,31.246530740778297,4.675799086757991
centro_3q,Centro | 3 quartos,p75,p75,0.55,0.4,0.05,850.0,2790000.0,170637.5,68255.0,8704.0,93678.5,41850.0,11578.130000000001,139500.0,2982928.13,3.1404880009630003,31.842185026446835,4.675799086757991
centro_3q,Centro | 3 quartos,p75,p75,0.55,0.4,0.08,850.0,2790000.0,170637.5,68255.0,8704.0,93678.5,41850.0,11578.130000000001,223200.0,3066628.13,3.0547720828478804,32.73566645494964,4.675799086757991
centro_3q,Centro | 3 quartos,p75,p75,0.7,0.2,0.03,850.0,2790000.0,217175.0,43435.0,8704.0,165036.0,41850.0,11578.130000000001,83700.0,2927128.13,5.638154281958269,17.736300746503794,3.506849315068493
centro_3q,Centro | 3 quartos,p75,p75,0.7,0.2,0.05,850.0,2790000.0,217175.0,43435.0,8704.0,165036.0,41850.0,11578.130000000001,139500.0,2982928.13,5.532684423073914,18.074408795656705,3.506849315068493
centro_3q,Centro | 3 quartos,p75,p75,0.7,0.2,0.08,850.0,2790000.0,217175.0,43435.0,8704.0,165036.0,41850.0,11578.130000000001,223200.0,3066628.13,5.381676323434756,18.581570869386073,3.506849315068493
centro_3q,Centro | 3 quartos,p75,p75,0.7,0.3,0.03,850.0,2790000.0,217175.0,65152.5,8704.0,143318.5,41850.0,11578.130000000001,83700.0,2927128.13,4.896215458801935,20.423937802865645,4.007827788649706
centro_3q,Centro | 3 quartos,p75,p75,0.7,0.3,0.05,850.0,2790000.0,217175.0,65152.5,8704.0,143318.5,41850.0,11578.130000000001,139500.0,2982928.13,4.804624642431462,20.813280420880766,4.007827788649706
centro_3q,Centro | 3 quartos,p75,p75,0.7,0.3,0.08,850.0,2790000.0,217175.0,65152.5,8704.0,143318.5,41850.0,11578.130000000001,223200.0,3066628.13,4.67348807629962,21.397294347903443,4.007827788649706
centro_3q,Centro | 3 quartos,p75,p75,0.7,0.4,0.03,850.0,2790000.0,217175.0,86870.0,8704.0,121601.0,41850.0,11578.130000000001,83700.0,2927128.13,4.154276635645601,24.071579427800756,4.675799086757991
centro_3q,Centro | 3 quartos,p75,p75,0.7,0.4,0.05,850.0,2790000.0,217175.0,86870.0,8704.0,121601.0,41850.0,11578.130000000001,139500.0,2982928.13,4.07656486178901,24.530457233081965,4.675799086757991
centro_3q,Centro | 3 quartos,p75,p75,0.7,0.4,0.08,850.0,2790000.0,217175.0,86870.0,8704.0,121601.0,41850.0,11578.130000000001,223200.0,3066628.13,3.9652998291644836,25.218773941003775,4.675799086757991
meiapraia_1q,Meia Praia | 1 quarto,p25,p25,0.4,0.2,0.03,373.5,757000.0,54531.0,10906.2,9730.0,33894.8,11355.0,6546.2,22710.0,797611.2,4.249539123823738,23.531963605036758,8.921530872347839
meiapraia_1q,Meia Praia | 1 quarto,p25,p25,0.4,0.2,0.05,373.5,757000.0,54531.0,10906.2,9730.0,33894.8,11355.0,6546.2,37850.0,812751.2,4.170378339644409,23.97863979135442,8.921530872347839
meiapraia_1q,Meia Praia | 1 quarto,p25,p25,0.4,0.2,0.08,373.5,757000.0,54531.0,10906.2,9730.0,33894.8,11355.0,6546.2,60560.0,835461.2,4.0570166514016455,24.648654070830922,8.921530872347839
meiapraia_1q,Meia Praia | 1 quarto,p25,p25,0.4,0.3,0.03,373.5,757000.0,54531.0,16359.3,9730.0,28441.699999999997,11355.0,6546.2,22710.0,797611.2,3.565860158433081,28.04372453123407,10.196035282683244
meiapraia_1q,Meia Praia | 1 quarto,p25,p25,0.4,0.3,0.05,373.5,757000.0,54531.0,16359.3,9730.0,28441.699999999997,11355.0,6546.2,37850.0,812751.2,3.4994350054481616,28.576041516505697,10.196035282683244
meiapraia_1q,Meia Praia | 1 quarto,p25,p25,0.4,0.3,0.08,373.5,757000.0,54531.0,16359.3,9730.0,28441.699999999997,11355.0,6546.2,60560.0,835461.2,3.4043112953659604,29.374516994413135,10.196035282683244
meiapraia_1q,Meia Praia | 1 quarto,p25,p25,0.4,0.4,0.03,373.5,757000.0,54531.0,21812.4,9730.0,22988.6,11355.0,6546.2,22710.0,797611.2,2.882181193042425,34.695944946625715,11.895374496463786
meiapraia_1q,Meia Praia | 1 quarto,p25,p25,0.4,0.4,0.05,373.5,757000.0,54531.0,21812.4,9730.0,22988.6,11355.0,6546.2,37850.0,812751.2,2.828491671251916,35.35453224641779,11.895374496463786
meiapraia_1q,Meia Praia | 1 quarto,p25,p25,0.4,0.4,0.08,373.5,757000.0,54531.0,21812.4,9730.0,22988.6,11355.0,6546.2,60560.0,835461.2,2.7516059393302763,36.342413196105895,11.895374496463786
meiapraia_1q,Meia Praia | 1 quarto,p25,p25,0.55,0.2,0.03,373.5,757000.0,74980.125,14996.025000000001,9730.0,50254.1,11355.0,6546.2,22710.0,797611.2,6.300576019995708,15.871564708153166,8.921530872347839
meiapraia_1q,Meia Praia | 1 quarto,p25,p25,0.55,0.2,0.05,373.5,757000.0,74980.125,14996.025000000001,9730.0,50254.1,11355.0,6546.2,37850.0,812751.2,6.183208342233145,16.17283365934322,8.921530872347839
meiapraia_1q,Meia Praia | 1 quarto,p25,p25,0.55,0.2,0.08,373.5,757000.0,74980.125,14996.025000000001,9730.0,50254.1,11355.0,6546.2,60560.0,835461.2,6.015132719508697,16.624737086128295,8.921530872347839
meiapraia_1q,Meia Praia | 1 quarto,p25,p25,0.55,0.3,0.03,373.5,757000.0,74980.125,22494.0375,9730.0,42756.0875,11355.0,6546.2,22710.0,797611.2,5.360517442583555,18.654915513492668,10.196035282683244
meiapraia_1q,Meia Praia | 1 quarto,p25,p25,0.55,0.3,0.05,373.5,757000.0,74980.125,22494.0375,9730.0,42756.0875,11355.0,6546.2,37850.0,812751.2,5.260661257713308,19.00901713703341,10.196035282683244
meiapraia_1q,Meia Praia | 1 quarto,p25,p25,0.55,0.3,0.08,373.5,757000.0,74980.125,22494.0375,9730.0,42756.0875,11355.0,6546.2,60560.0,835461.2,5.117662854959632,19.54016957234452,10.196035282683244
meiapraia_1q,Meia Praia | 1 quarto,p25,p25,0.55,0.4,0.03,373.5,757000.0,74980.125,29992.050000000003,9730.0,35258.075,11355.0,6546.2,22710.0,797611.2,4.420458865171402,22.62208586260027,11.895374496463786
meiapraia_1q,Meia Praia | 1 quarto,p25,p25,0.55,0.4,0.05,373.5,757000.0,74980.125,29992.050000000003,9730.0,35258.075,11355.0,6546.2,37850.0,812751.2,4.338114173193469,23.051491041413918,11.895374496463786
meiapraia_1q,Meia Praia | 1 quarto,p25,p25,0.55,0.4,0.08,373.5,757000.0,74980.125,29992.050000000003,9730.0,35258.075,11355.0,6546.2,60560.0,835461.2,4.220192990410566,23.69559880963439,11.895374496463786
meiapraia_1q,Meia Praia | 1 quarto,p25,p25,0.7,0.2,0.03,373.5,757000.0,95429.25,19085.850000000002,9730.0,66613.4,11355.0,6546.2,22710.0,797611.2,8.351612916167676,11.973735014276407,8.921530872347839
meiapraia_1q,Meia Praia | 1 quarto,p25,p25,0.7,0.2,0.05,373.5,757000.0,95429.25,19085.850000000002,9730.0,66613.4,11355.0,6546.2,37850.0,812751.2,8.196038344821883,12.201016612273207,8.921530872347839
meiapraia_1q,Meia Praia | 1 quarto,p25,p25,0.7,0.2,0.08,373.5,757000.0,95429.25,19085.850000000002,9730.0,66613.4,11355.0,6546.2,60560.0,835461.2,7.97324878761575,12.541939009268406,8.921530872347839
meiapraia_1q,Meia Praia | 1 quarto,p25,p25,0.7,0.3,0.03,373.5,757000.0,95429.25,28628.774999999998,9730.0,57070.475000000006,11355.0,6546.2,22710.0,797611.2,7.155174726734029,13.975899096687032,10.196035282683244
meiapraia_1q,Meia Praia | 1 quarto,p25,p25,0.7,0.3,0.05,373.5,757000.0,95429.25,28628.774999999998,9730.0,57070.475000000006,11355.0,6546.2,37850.0,812751.2,7.021887509978455,14.241185131190862,10.196035282683244
meiapraia_1q,Meia Praia | 1 quarto,p25,p25,0.7,0.3,0.08,373.5,757000.0,95429.25,28628.774999999998,9730.0,57070.475000000006,11355.0,6546.2,60560.0,835461.2,6.831014414553305,14.639114182946608,10.196035282683244
meiapraia_1q,Meia Praia | 1 quarto,p25,p25,0.7,0.4,0.03,373.5,757000.0,95429.25,38171.700000000004,9730.0,47527.549999999996,11355.0,6546.2,22710.0,797611.2,5.9587365373003784,16.782081129786828,11.895374496463786
meiapraia_1q,Meia Praia | 1 quarto,p25,p25,0.7,0.4,0.05,373.5,757000.0,95429.25,38171.700000000004,9730.0,47527.549999999996,11355.0,6546.2,37850.0,812751.2,5.847736675135023,17.100633211684592,11.895374496463786
meiapraia_1q,Meia Praia | 1 quarto,p25,p25,0.7,0.4,0.08,373.5,757000.0,95429.25,38171.700000000004,9730.0,47527.549999999996,11355.0,6546.2,60560.0,835461.2,5.688780041490856,17.578461334531237,11.895374496463786
meiapraia_1q,Meia Praia | 1 quarto,p25,mediana,0.4,0.2,0.03,373.5,877500.0,54531.0,10906.2,9730.0,33894.8,13162.5,6914.39,26325.0,923901.89,3.6686579350974164,27.257924224364796,8.921530872347839
meiapraia_1q,Meia Praia | 1 quarto,p25,mediana,0.4,0.2,0.05,373.5,877500.0,54531.0,10906.2,9730.0,33894.8,13162.5,6914.39,43875.0,941451.89,3.6002689420486482,27.77570276266566,8.921530872347839
meiapraia_1q,Meia Praia | 1 quarto,p25,mediana,0.4,0.2,0.08,373.5,877500.0,54531.0,10906.2,9730.0,33894.8,13162.5,6914.39,70200.0,967776.89,3.5023361634518886,28.55237057011695,8.921530872347839
meiapraia_1q,Meia Praia | 1 quarto,p25,mediana,0.4,0.3,0.03,373.5,877500.0,54531.0,16359.3,9730.0,28441.699999999997,13162.5,6914.39,26325.0,923901.89,3.0784329275481834,32.484060024541435,10.196035282683244
meiapraia_1q,Meia Praia | 1 quarto,p25,mediana,0.4,0.3,0.05,373.5,877500.0,54531.0,16359.3,9730.0,28441.699999999997,13162.5,6914.39,43875.0,941451.89,3.021046566702415,33.1011117478913,10.196035282683244
meiapraia_1q,Meia Praia | 1 quarto,p25,mediana,0.4,0.3,0.08,373.5,877500.0,54531.0,16359.3,9730.0,28441.699999999997,13162.5,6914.39,70200.0,967776.89,2.938869515679383,34.026689332916106,10.196035282683244
meiapraia_1q,Meia Praia | 1 quarto,p25,mediana,0.4,0.4,0.03,373.5,877500.0,54531.0,21812.4,9730.0,22988.6,13162.5,6914.39,26325.0,923901.89,2.4882079199989513,40.189567437773505,11.895374496463786
meiapraia_1q,Meia Praia | 1 quarto,p25,mediana,0.4,0.4,0.05,373.5,877500.0,54531.0,21812.4,9730.0,22988.6,13162.5,6914.39,43875.0,941451.89,2.441824191356183,40.95298930774384,11.895374496463786
meiapraia_1q,Meia Praia | 1 quarto,p25,mediana,0.4,0.4,0.08,373.5,877500.0,54531.0,21812.4,9730.0,22988.6,13162.5,6914.39,70200.0,967776.89,2.3754028679068786,42.09812211269934,11.895374496463786
meiapraia_1q,Meia Praia | 1 quarto,p25,mediana,0.55,0.2,0.03,373.5,877500.0,74980.125,14996.025000000001,9730.0,50254.1,13162.5,6914.39,26325.0,923901.89,5.439332957745113,18.384607226077076,8.921530872347839
meiapraia_1q,Meia Praia | 1 quarto,p25,mediana,0.55,0.2,0.05,373.5,877500.0,74980.125,14996.025000000001,9730.0,50254.1,13162.5,6914.39,43875.0,941451.89,5.337936068087345,18.733832463420896,8.921530872347839
meiapraia_1q,Meia Praia | 1 quarto,p25,mediana,0.55,0.2,0.08,373.5,877500.0,74980.125,14996.025000000001,9730.0,50254.1,13162.5,6914.39,70200.0,967776.89,5.192736106769402,19.257670319436624,8.921530872347839
meiapraia_1q,Meia Praia | 1 quarto,p25,mediana,0.55,0.3,0.03,373.5,877500.0,74980.125,22494.0375,9730.0,42756.0875,13162.5,6914.39,26325.0,923901.89,4.627773572364919,21.608663093881077,10.196035282683244
meiapraia_1q,Meia Praia | 1 quarto,p25,mediana,0.55,0.3,0.05,373.5,877500.0,74980.125,22494.0375,9730.0,42756.0875,13162.5,6914.39,43875.0,941451.89,4.541505301986276,22.01913096000657,10.196035282683244
meiapraia_1q,Meia Praia | 1 quarto,p25,mediana,0.55,0.3,0.08,373.5,877500.0,74980.125,22494.0375,9730.0,42756.0875,13162.5,6914.39,70200.0,967776.89,4.417969466082209,22.634832759194815,10.196035282683244
meiapraia_1q,Meia Praia | 1 quarto,p25,mediana,0.55,0.4,0.03,373.5,877500.0,74980.125,29992.050000000003,9730.0,35258.075,13162.5,6914.39,26325.0,923901.89,3.816214186984724,26.20397993934723,11.895374496463786
meiapraia_1q,Meia Praia | 1 quarto,p25,mediana,0.55,0.4,0.05,373.5,877500.0,74980.125,29992.050000000003,9730.0,35258.075,13162.5,6914.39,43875.0,941451.89,3.7450745358852053,26.701738254286433,11.895374496463786
meiapraia_1q,Meia Praia | 1 quarto,p25,mediana,0.55,0.4,0.08,373.5,877500.0,74980.125,29992.050000000003,9730.0,35258.075,13162.5,6914.39,70200.0,967776.89,3.6432028253950137,27.448375726695236,11.895374496463786
meiapraia_1q,Meia Praia | 1 quarto,p25,mediana,0.7,0.2,0.03,373.5,877500.0,95429.25,19085.850000000002,9730.0,66613.4,13162.5,6914.39,26325.0,923901.89,7.210007980392809,13.869610168524652,8.921530872347839
meiapraia_1q,Meia Praia | 1 quarto,p25,mediana,0.7,0.2,0.05,373.5,877500.0,95429.25,19085.850000000002,9730.0,66613.4,13162.5,6914.39,43875.0,941451.89,7.075603194126042,14.133070673468103,8.921530872347839
meiapraia_1q,Meia Praia | 1 quarto,p25,mediana,0.7,0.2,0.08,373.5,877500.0,95429.25,19085.850000000002,9730.0,66613.4,13162.5,6914.39,70200.0,967776.89,6.883136050086916,14.528261430883278,8.921530872347839
meiapraia_1q,Meia Praia | 1 quarto,p25,mediana,0.7,0.3,0.03,373.5,877500.0,95429.25,28628.774999999998,9730.0,57070.475000000006,13162.5,6914.39,26325.0,923901.89,6.177114217181654,16.188789211934893,10.196035282683244
meiapraia_1q,Meia Praia | 1 quarto,p25,mediana,0.7,0.3,0.05,373.5,877500.0,95429.25,28628.774999999998,9730.0,57070.475000000006,13162.5,6914.39,43875.0,941451.89,6.061964037270137,16.49630373673953,10.196035282683244
meiapraia_1q,Meia Praia | 1 quarto,p25,mediana,0.7,0.3,0.08,373.5,877500.0,95429.25,28628.774999999998,9730.0,57070.475000000006,13162.5,6914.39,70200.0,967776.89,5.897069416485034,16.95757552394649,10.196035282683244
meiapraia_1q,Meia Praia | 1 quarto,p25,mediana,0.7,0.4,0.03,373.5,877500.0,95429.25,38171.700000000004,9730.0,47527.549999999996,13162.5,6914.39,26325.0,923901.89,5.144220453970496,19.439291316299705,11.895374496463786
meiapraia_1q,Meia Praia | 1 quarto,p25,mediana,0.7,0.4,0.05,373.5,877500.0,95429.25,38171.700000000004,9730.0,47527.549999999996,13162.5,6914.39,43875.0,941451.89,5.048324880414229,19.808550829992292,11.895374496463786
meiapraia_1q,Meia Praia | 1 quarto,p25,mediana,0.7,0.4,0.08,373.5,877500.0,95429.25,38171.700000000004,9730.0,47527.549999999996,13162.5,6914.39,70200.0,967776.89,4.911002782883149,20.362440100531167,11.895374496463786
meiapraia_1q,Meia Praia | 1 quarto,p25,p75,0.4,0.2,0.03,373.5,1003755.25,54531.0,10906.2,9730.0,33894.8,15056.328749999999,7159.85,30112.657499999998,1056084.08625,3.2094792868582536,31.157702250787725,8.921530872347839
meiapraia_1q,Meia Praia | 1 quarto,p25,p75,0.4,0.2,0.05,373.5,1003755.25,54531.0,10906.2,9730.0,33894.8,15056.328749999999,7159.85,50187.762500000004,1076159.19125,3.1496083735185962,31.74997908971287,8.921530872347839
meiapraia_1q,Meia Praia | 1 quarto,p25,p75,0.4,0.2,0.08,373.5,1003755.25,54531.0,10906.2,9730.0,33894.8,15056.328749999999,7159.85,80300.42,1106271.84875,3.0638762107431785,32.63839434810059,8.921530872347839
meiapraia_1q,Meia Praia | 1 quarto,p25,p75,0.4,0.3,0.03,373.5,1003755.25,54531.0,16359.3,9730.0,28441.699999999997,15056.328749999999,7159.85,30112.657499999998,1056084.08625,2.6931283569466813,37.13153877053763,10.196035282683244
meiapraia_1q,Meia Praia | 1 quarto,p25,p75,0.4,0.3,0.05,373.5,1003755.25,54531.0,16359.3,9730.0,28441.699999999997,15056.328749999999,7159.85,50187.762500000004,1076159.19125,2.6428896608654973,37.83737228259914,10.196035282683244
meiapraia_1q,Meia Praia | 1 quarto,p25,p75,0.4,0.3,0.08,373.5,1003755.25,54531.0,16359.3,9730.0,28441.699999999997,15056.328749999999,7159.85,80300.42,1106271.84875,2.570950352947775,38.896122550691416,10.196035282683244
meiapraia_1q,Meia Praia | 1 quarto,p25,p75,0.4,0.4,0.03,373.5,1003755.25,54531.0,21812.4,9730.0,22988.6,15056.328749999999,7159.85,30112.657499999998,1056084.08625,2.17677742703511,45.93946940005046,11.895374496463786
meiapraia_1q,Meia Praia | 1 quarto,p25,p75,0.4,0.4,0.05,373.5,1003755.25,54531.0,21812.4,9730.0,22988.6,15056.328749999999,7159.85,50187.762500000004,1076159.19125,2.1361709482123983,46.812732887170164,11.895374496463786
meiapraia_1q,Meia Praia | 1 quarto,p25,p75,0.4,0.4,0.08,373.5,1003755.25,54531.0,21812.4,9730.0,22988.6,15056.328749999999,7159.85,80300.42,1106271.84875,2.078024495152372,48.122628117849715,11.895374496463786
meiapraia_1q,Meia Praia | 1 quarto,p25,p75,0.55,0.2,0.03,373.5,1003755.25,74980.125,14996.025000000001,9730.0,50254.1,15056.328749999999,7159.85,30112.657499999998,1056084.08625,4.758532076592969,21.01488408408468,8.921530872347839
meiapraia_1q,Meia Praia | 1 quarto,p25,p75,0.55,0.2,0.05,373.5,1003755.25,74980.125,14996.025000000001,9730.0,50254.1,15056.328749999999,7159.85,50187.762500000004,1076159.19125,4.669764511477893,21.414356067465143,8.921530872347839
meiapraia_1q,Meia Praia | 1 quarto,p25,p75,0.55,0.2,0.08,373.5,1003755.25,74980.125,14996.025000000001,9730.0,50254.1,15056.328749999999,7159.85,80300.42,1106271.84875,4.542653784129387,22.01356404253583,8.921530872347839
meiapraia_1q,Meia Praia | 1 quarto,p25,p75,0.55,0.3,0.03,373.5,1003755.25,74980.125,22494.0375,9730.0,42756.0875,15056.328749999999,7159.85,30112.657499999998,1056084.08625,4.048549547964558,24.70020406450894,10.196035282683244
meiapraia_1q,Meia Praia | 1 quarto,p25,p75,0.55,0.3,0.05,373.5,1003755.25,74980.125,22494.0375,9730.0,42756.0875,15056.328749999999,7159.85,50187.762500000004,1076159.19125,3.973026281579882,25.169730304485878,10.196035282683244
meiapraia_1q,Meia Praia | 1 quarto,p25,p75,0.55,0.3,0.08,373.5,1003755.25,74980.125,22494.0375,9730.0,42756.0875,15056.328749999999,7159.85,80300.42,1106271.84875,3.864880729660708,25.874019664451286,10.196035282683244
meiapraia_1q,Meia Praia | 1 quarto,p25,p75,0.55,0.4,0.03,373.5,1003755.25,74980.125,29992.050000000003,9730.0,35258.075,15056.328749999999,7159.85,30112.657499999998,1056084.08625,3.338567019336146,29.952970667003232,11.895374496463786
meiapraia_1q,Meia Praia | 1 quarto,p25,p75,0.55,0.4,0.05,373.5,1003755.25,74980.125,29992.050000000003,9730.0,35258.075,15056.328749999999,7159.85,50187.762500000004,1076159.19125,3.276288051681871,30.522346760281156,11.895374496463786
meiapraia_1q,Meia Praia | 1 quarto,p25,p75,0.55,0.4,0.08,373.5,1003755.25,74980.125,29992.050000000003,9730.0,35258.075,15056.328749999999,7159.85,80300.42,1106271.84875,3.1871076751920286,31.37641090019804,11.895374496463786
meiapraia_1q,Meia Praia | 1 quarto,p25,p75,0.7,0.2,0.03,373.5,1003755.25,95429.25,19085.850000000002,9730.0,66613.4,15056.328749999999,7159.85,30112.657499999998,1056084.08625,6.307584866327684,15.853928582687567,8.921530872347839
meiapraia_1q,Meia Praia | 1 quarto,p25,p75,0.7,0.2,0.05,373.5,1003755.25,95429.25,19085.850000000002,9730.0,66613.4,15056.328749999999,7159.85,50187.762500000004,1076159.19125,6.189920649437189,16.15529595021422,8.921530872347839
meiapraia_1q,Meia Praia | 1 quarto,p25,p75,0.7,0.2,0.08,373.5,1003755.25,95429.25,19085.850000000002,9730.0,66613.4,15056.328749999999,7159.85,80300.42,1106271.84875,6.0214313575155956,16.607347001504202,8.921530872347839
meiapraia_1q,Meia Praia | 1 quarto,p25,p75,0.7,0.3,0.03,373.5,1003755.25,95429.25,28628.774999999998,9730.0,57070.475000000006,15056.328749999999,7159.85,30112.657499999998,1056084.08625,5.403970738982434,18.504911449396555,10.196035282683244
meiapraia_1q,Meia Praia | 1 quarto,p25,p75,0.7,0.3,0.05,373.5,1003755.25,95429.25,28628.774999999998,9730.0,57070.475000000006,15056.328749999999,7159.85,50187.762500000004,1076159.19125,5.303162902294267,18.856671356774232,10.196035282683244
meiapraia_1q,Meia Praia | 1 quarto,p25,p75,0.7,0.3,0.08,373.5,1003755.25,95429.25,28628.774999999998,9730.0,57070.475000000006,15056.328749999999,7159.85,80300.42,1106271.84875,5.1588111063736415,19.384311217840743,10.196035282683244
meiapraia_1q,Meia Praia | 1 quarto,p25,p75,0.7,0.4,0.03,373.5,1003755.25,95429.25,38171.700000000004,9730.0,47527.549999999996,15056.328749999999,7159.85,30112.657499999998,1056084.08625,4.500356611637183,22.220461316646873,11.895374496463786
meiapraia_1q,Meia Praia | 1 quarto,p25,p75,0.7,0.4,0.05,373.5,1003755.25,95429.25,38171.700000000004,9730.0,47527.549999999996,15056.328749999999,7159.85,50187.762500000004,1076159.19125,4.416405155151343,22.642850120614256,11.895374496463786
meiapraia_1q,Meia Praia | 1 quarto,p25,p75,0.7,0.4,0.08,373.5,1003755.25,95429.25,38171.700000000004,9730.0,47527.549999999996,15056.328749999999,7159.85,80300.42,1106271.84875,4.296190855231686,23.27643332656533,11.895374496463786
meiapraia_1q,Meia Praia | 1 quarto,mediana,p25,0.4,0.2,0.03,441.0,757000.0,64386.0,12877.2,9730.0,41778.8,11355.0,6546.2,22710.0,797611.2,5.237990640051193,19.09129031949218,7.555990432702761
meiapraia_1q,Meia Praia | 1 quarto,mediana,p25,0.4,0.2,0.05,441.0,757000.0,64386.0,12877.2,9730.0,41778.8,11355.0,6546.2,37850.0,812751.2,5.14041689510886,19.453675069652547,7.555990432702761
meiapraia_1q,Meia Praia | 1 quarto,mediana,p25,0.4,0.2,0.08,441.0,757000.0,64386.0,12877.2,9730.0,41778.8,11355.0,6546.2,60560.0,835461.2,5.000687045670105,19.9972521948931,7.555990432702761
meiapraia_1q,Meia Praia | 1 quarto,mediana,p25,0.4,0.3,0.03,441.0,757000.0,64386.0,19315.8,9730.0,35340.2,11355.0,6546.2,22710.0,797611.2,4.4307552351321045,22.56951573562119,8.635417637374584
meiapraia_1q,Meia Praia | 1 quarto,mediana,p25,0.4,0.3,0.05,441.0,757000.0,64386.0,19315.8,9730.0,35340.2,11355.0,6546.2,37850.0,812751.2,4.348218741479557,22.997923045144056,8.635417637374584
meiapraia_1q,Meia Praia | 1 quarto,mediana,p25,0.4,0.3,0.08,441.0,757000.0,64386.0,19315.8,9730.0,35340.2,11355.0,6546.2,60560.0,835461.2,4.230022890350862,23.640534009428357,8.635417637374584
meiapraia_1q,Meia Praia | 1 quarto,mediana,p25,0.4,0.4,0.03,441.0,757000.0,64386.0,25754.4,9730.0,28901.6,11355.0,6546.2,22710.0,797611.2,3.6235198302130165,27.597475572286655,10.074653910270348
meiapraia_1q,Meia Praia | 1 quarto,mediana,p25,0.4,0.4,0.05,441.0,757000.0,64386.0,25754.4,9730.0,28901.6,11355.0,6546.2,37850.0,812751.2,3.5560205878502544,28.121322002934093,10.074653910270348
meiapraia_1q,Meia Praia | 1 quarto,mediana,p25,0.4,0.4,0.08,441.0,757000.0,64386.0,25754.4,9730.0,28901.6,11355.0,6546.2,60560.0,835461.2,3.459358735031621,28.90709164890525,10.074653910270348
meiapraia_1q,Meia Praia | 1 quarto,mediana,p25,0.55,0.2,0.03,441.0,757000.0,88530.75,17706.15,9730.0,61094.600000000006,11355.0,6546.2,22710.0,797611.2,7.659696854808459,13.05534695374059,7.555990432702761
meiapraia_1q,Meia Praia | 1 quarto,mediana,p25,0.55,0.2,0.05,441.0,757000.0,88530.75,17706.15,9730.0,61094.600000000006,11355.0,6546.2,37850.0,812751.2,7.517011355996768,13.303159362693265,7.555990432702761
meiapraia_1q,Meia Praia | 1 quarto,mediana,p25,0.55,0.2,0.08,441.0,757000.0,88530.75,17706.15,9730.0,61094.600000000006,11355.0,6546.2,60560.0,835461.2,7.31267951162783,13.674877976122273,7.555990432702761
meiapraia_1q,Meia Praia | 1 quarto,mediana,p25,0.55,0.3,0.03,441.0,757000.0,88530.75,26559.225,9730.0,52241.525,11355.0,6546.2,22710.0,797611.2,6.549748173044712,15.267762570101082,8.635417637374584
meiapraia_1q,Meia Praia | 1 quarto,mediana,p25,0.55,0.3,0.05,441.0,757000.0,88530.75,26559.225,9730.0,52241.525,11355.0,6546.2,37850.0,812751.2,6.427738894756477,15.557570342749372,8.635417637374584
meiapraia_1q,Meia Praia | 1 quarto,mediana,p25,0.55,0.3,0.08,441.0,757000.0,88530.75,26559.225,9730.0,52241.525,11355.0,6546.2,60560.0,835461.2,6.253016298063872,15.99228200172181,8.635417637374584
meiapraia_1q,Meia Praia | 1 quarto,mediana,p25,0.55,0.4,0.03,441.0,757000.0,88530.75,35412.3,9730.0,43388.45,11355.0,6546.2,22710.0,797611.2,5.439799491280965,18.383030506966715,10.074653910270348
meiapraia_1q,Meia Praia | 1 quarto,mediana,p25,0.55,0.4,0.05,441.0,757000.0,88530.75,35412.3,9730.0,43388.45,11355.0,6546.2,37850.0,812751.2,5.338466433516185,18.731971296508632,10.074653910270348
meiapraia_1q,Meia Praia | 1 quarto,mediana,p25,0.55,0.4,0.08,441.0,757000.0,88530.75,35412.3,9730.0,43388.45,11355.0,6546.2,60560.0,835461.2,5.193353084499915,19.25538248082151,10.074653910270348
meiapraia_1q,Meia Praia | 1 quarto,mediana,p25,0.7,0.2,0.03,441.0,757000.0,112675.5,22535.100000000002,9730.0,80410.4,11355.0,6546.2,22710.0,797611.2,10.081403069565722,9.919254225821536,7.555990432702761
meiapraia_1q,Meia Praia | 1 quarto,mediana,p25,0.7,0.2,0.05,441.0,757000.0,112675.5,22535.100000000002,9730.0,80410.4,11355.0,6546.2,37850.0,812751.2,9.893605816884675,10.107538328375433,7.555990432702761
meiapraia_1q,Meia Praia | 1 quarto,mediana,p25,0.7,0.2,0.08,441.0,757000.0,112675.5,22535.100000000002,9730.0,80410.4,11355.0,6546.2,60560.0,835461.2,9.624671977585555,10.389964482206281,7.555990432702761
meiapraia_1q,Meia Praia | 1 quarto,mediana,p25,0.7,0.3,0.03,441.0,757000.0,112675.5,33802.65,9730.0,69142.85,11355.0,6546.2,22710.0,797611.2,8.66874111095732,11.5357003652583,8.635417637374584
meiapraia_1q,Meia Praia | 1 quarto,mediana,p25,0.7,0.3,0.05,441.0,757000.0,112675.5,33802.65,9730.0,69142.85,11355.0,6546.2,37850.0,812751.2,8.507259048033397,11.754667330027615,8.635417637374584
meiapraia_1q,Meia Praia | 1 quarto,mediana,p25,0.7,0.3,0.08,441.0,757000.0,112675.5,33802.65,9730.0,69142.85,11355.0,6546.2,60560.0,835461.2,8.276009705776882,12.083117777181586,8.635417637374584
meiapraia_1q,Meia Praia | 1 quarto,mediana,p25,0.7,0.4,0.03,441.0,757000.0,112675.5,45070.200000000004,9730.0,57875.29999999999,11355.0,6546.2,22710.0,797611.2,7.256079152348913,13.781547568651915,10.074653910270348
meiapraia_1q,Meia Praia | 1 quarto,mediana,p25,0.7,0.4,0.05,441.0,757000.0,112675.5,45070.200000000004,9730.0,57875.29999999999,11355.0,6546.2,37850.0,812751.2,7.120912279182115,14.04314448478021,10.074653910270348
meiapraia_1q,Meia Praia | 1 quarto,mediana,p25,0.7,0.4,0.08,441.0,757000.0,112675.5,45070.200000000004,9730.0,57875.29999999999,11355.0,6546.2,60560.0,835461.2,6.927347433968207,14.435539858972655,10.074653910270348
meiapraia_1q,Meia Praia | 1 quarto,mediana,mediana,0.4,0.2,0.03,441.0,877500.0,64386.0,12877.2,9730.0,41778.8,13162.5,6914.39,26325.0,923901.89,4.5219952954095595,22.114131808477026,7.555990432702761
meiapraia_1q,Meia Praia | 1 quarto,mediana,mediana,0.4,0.2,0.05,441.0,877500.0,64386.0,12877.2,9730.0,41778.8,13162.5,6914.39,43875.0,941451.89,4.437698882308261,22.534201317414574,7.555990432702761
meiapraia_1q,Meia Praia | 1 quarto,mediana,mediana,0.4,0.2,0.08,441.0,877500.0,64386.0,12877.2,9730.0,41778.8,13162.5,6914.39,70200.0,967776.89,4.316986738544666,23.164305580820894,7.555990432702761
meiapraia_1q,Meia Praia | 1 quarto,mediana,mediana,0.4,0.3,0.03,441.0,877500.0,64386.0,19315.8,9730.0,35340.2,13162.5,6914.39,26325.0,923901.89,3.8251031178213086,26.143086060633504,8.635417637374584
meiapraia_1q,Meia Praia | 1 quarto,mediana,mediana,0.4,0.3,0.05,441.0,877500.0,64386.0,19315.8,9730.0,35340.2,13162.5,6914.39,43875.0,941451.89,3.753797764429576,26.639687664472756,8.635417637374584
meiapraia_1q,Meia Praia | 1 quarto,mediana,mediana,0.4,0.3,0.08,441.0,877500.0,64386.0,19315.8,9730.0,35340.2,13162.5,6914.39,70200.0,967776.89,3.6516887688855637,27.38459007023164,8.635417637374584
meiapraia_1q,Meia Praia | 1 quarto,mediana,mediana,0.4,0.4,0.03,441.0,877500.0,64386.0,25754.4,9730.0,28901.6,13162.5,6914.39,26325.0,923901.89,3.1282109402330587,31.96715372159327,10.074653910270348
meiapraia_1q,Meia Praia | 1 quarto,mediana,mediana,0.4,0.4,0.05,441.0,877500.0,64386.0,25754.4,9730.0,28901.6,13162.5,6914.39,43875.0,941451.89,3.0698966465508923,32.574386539153544,10.074653910270348
meiapraia_1q,Meia Praia | 1 quarto,mediana,mediana,0.4,0.4,0.08,441.0,877500.0,64386.0,25754.4,9730.0,28901.6,13162.5,6914.39,70200.0,967776.89,2.986390799226462,33.485235765493954,10.074653910270348
meiapraia_1q,Meia Praia | 1 quarto,mediana,mediana,0.55,0.2,0.03,441.0,877500.0,88530.75,17706.15,9730.0,61094.600000000006,13162.5,6914.39,26325.0,923901.89,6.61267182817431,15.122480382881628,7.555990432702761
meiapraia_1q,Meia Praia | 1 quarto,mediana,mediana,0.55,0.2,0.05,441.0,877500.0,88530.75,17706.15,9730.0,61094.600000000006,13162.5,6914.39,43875.0,941451.89,6.489402235944314,15.409739813338657,7.555990432702761
meiapraia_1q,Meia Praia | 1 quarto,mediana,mediana,0.55,0.2,0.08,441.0,877500.0,88530.75,17706.15,9730.0,61094.600000000006,13162.5,6914.39,70200.0,967776.89,6.312880647521972,15.840628959024201,7.555990432702761
meiapraia_1q,Meia Praia | 1 quarto,mediana,mediana,0.55,0.3,0.03,441.0,877500.0,88530.75,26559.225,9730.0,52241.525,13162.5,6914.39,26325.0,923901.89,5.654445083990465,17.68520137955391,8.635417637374584
meiapraia_1q,Meia Praia | 1 quarto,mediana,mediana,0.55,0.3,0.05,441.0,877500.0,88530.75,26559.225,9730.0,52241.525,13162.5,6914.39,43875.0,941451.89,5.5490381988611235,18.021141036751892,8.635417637374584
meiapraia_1q,Meia Praia | 1 quarto,mediana,mediana,0.55,0.3,0.08,441.0,877500.0,88530.75,26559.225,9730.0,52241.525,13162.5,6914.39,70200.0,967776.89,5.398095939240707,18.525050522548874,8.635417637374584
meiapraia_1q,Meia Praia | 1 quarto,mediana,mediana,0.55,0.4,0.03,441.0,877500.0,88530.75,35412.3,9730.0,43388.45,13162.5,6914.39,26325.0,923901.89,4.696218339806621,21.293728861021773,10.074653910270348
meiapraia_1q,Meia Praia | 1 quarto,mediana,mediana,0.55,0.4,0.05,441.0,877500.0,88530.75,35412.3,9730.0,43388.45,13162.5,6914.39,43875.0,941451.89,4.608674161777932,21.698214386547573,10.074653910270348
meiapraia_1q,Meia Praia | 1 quarto,mediana,mediana,0.55,0.4,0.08,441.0,877500.0,88530.75,35412.3,9730.0,43388.45,13162.5,6914.39,70200.0,967776.89,4.483311230959441,22.304942674836276,10.074653910270348
meiapraia_1q,Meia Praia | 1 quarto,mediana,mediana,0.7,0.2,0.03,441.0,877500.0,112675.5,22535.100000000002,9730.0,80410.4,13162.5,6914.39,26325.0,923901.89,8.70334836093906,11.489830793031748,7.555990432702761
meiapraia_1q,Meia Praia | 1 quarto,mediana,mediana,0.7,0.2,0.05,441.0,877500.0,112675.5,22535.100000000002,9730.0,80410.4,13162.5,6914.39,43875.0,941451.89,8.541105589580365,11.70808614308597,7.555990432702761
meiapraia_1q,Meia Praia | 1 quarto,mediana,mediana,0.7,0.2,0.08,441.0,877500.0,112675.5,22535.100000000002,9730.0,80410.4,13162.5,6914.39,70200.0,967776.89,8.308774556499277,12.035469168167303,7.555990432702761
meiapraia_1q,Meia Praia | 1 quarto,mediana,mediana,0.7,0.3,0.03,441.0,877500.0,112675.5,33802.65,9730.0,69142.85,13162.5,6914.39,26325.0,923901.89,7.483787050159623,13.362218797749875,8.635417637374584
meiapraia_1q,Meia Praia | 1 quarto,mediana,mediana,0.7,0.3,0.05,441.0,877500.0,112675.5,33802.65,9730.0,69142.85,13162.5,6914.39,43875.0,941451.89,7.34427863329267,13.616041138020778,8.635417637374584
meiapraia_1q,Meia Praia | 1 quarto,mediana,mediana,0.7,0.3,0.08,441.0,877500.0,112675.5,33802.65,9730.0,69142.85,13162.5,6914.39,70200.0,967776.89,7.14450310959585,13.996774648427133,8.635417637374584
meiapraia_1q,Meia Praia | 1 quarto,mediana,mediana,0.7,0.4,0.03,441.0,877500.0,112675.5,45070.200000000004,9730.0,57875.29999999999,13162.5,6914.39,26325.0,923901.89,6.2642257393801835,15.963664810376796,10.074653910270348
meiapraia_1q,Meia Praia | 1 quarto,mediana,mediana,0.7,0.4,0.05,441.0,877500.0,112675.5,45070.200000000004,9730.0,57875.29999999999,13162.5,6914.39,43875.0,941451.89,6.1474516770049705,16.26690297933661,10.074653910270348
meiapraia_1q,Meia Praia | 1 quarto,mediana,mediana,0.7,0.4,0.08,441.0,877500.0,112675.5,45070.200000000004,9730.0,57875.29999999999,13162.5,6914.39,70200.0,967776.89,5.980231662692419,16.721760232776333,10.074653910270348
meiapraia_1q,Meia Praia | 1 quarto,mediana,p75,0.4,0.2,0.03,441.0,1003755.25,64386.0,12877.2,9730.0,41778.8,15056.328749999999,7159.85,30112.657499999998,1056084.08625,3.9560107517906467,25.277989943464146,7.555990432702761
meiapraia_1q,Meia Praia | 1 quarto,mediana,p75,0.4,0.2,0.05,441.0,1003755.25,64386.0,12877.2,9730.0,41778.8,15056.328749999999,7159.85,50187.762500000004,1076159.19125,3.882213741209824,25.758499316639057,7.555990432702761
meiapraia_1q,Meia Praia | 1 quarto,mediana,p75,0.4,0.2,0.08,441.0,1003755.25,64386.0,12877.2,9730.0,41778.8,15056.328749999999,7159.85,80300.42,1106271.84875,3.7765401015317126,26.479263376401423,7.555990432702761
meiapraia_1q,Meia Praia | 1 quarto,mediana,p75,0.4,0.3,0.03,441.0,1003755.25,64386.0,19315.8,9730.0,35340.2,15056.328749999999,7159.85,30112.657499999998,1056084.08625,3.3463433887625254,29.8833647305335,8.635417637374584
meiapraia_1q,Meia Praia | 1 quarto,mediana,p75,0.4,0.3,0.05,441.0,1003755.25,64386.0,19315.8,9730.0,35340.2,15056.328749999999,7159.85,50187.762500000004,1076159.19125,3.283919357595321,30.45141768439341,8.635417637374584
meiapraia_1q,Meia Praia | 1 quarto,mediana,p75,0.4,0.3,0.08,441.0,1003755.25,64386.0,19315.8,9730.0,35340.2,15056.328749999999,7159.85,80300.42,1106271.84875,3.1945312573877427,31.303497115183276,8.635417637374584
meiapraia_1q,Meia Praia | 1 quarto,mediana,p75,0.4,0.4,0.03,441.0,1003755.25,64386.0,25754.4,9730.0,28901.6,15056.328749999999,7159.85,30112.657499999998,1056084.08625,2.7366760257344045,36.54067893300025,10.074653910270348
meiapraia_1q,Meia Praia | 1 quarto,mediana,p75,0.4,0.4,0.05,441.0,1003755.25,64386.0,25754.4,9730.0,28901.6,15056.328749999999,7159.85,50187.762500000004,1076159.19125,2.6856249739808185,37.235280788952856,10.074653910270348
meiapraia_1q,Meia Praia | 1 quarto,mediana,p75,0.4,0.4,0.08,441.0,1003755.25,64386.0,25754.4,9730.0,28901.6,15056.328749999999,7159.85,80300.42,1106271.84875,2.6125224132437728,38.277183572881775,10.074653910270348
meiapraia_1q,Meia Praia | 1 quarto,mediana,p75,0.55,0.2,0.03,441.0,1003755.25,88530.75,17706.15,9730.0,61094.600000000006,15056.328749999999,7159.85,30112.657499999998,1056084.08625,5.78501284087501,17.2860463322454,7.555990432702761
meiapraia_1q,Meia Praia | 1 quarto,mediana,p75,0.55,0.2,0.05,441.0,1003755.25,88530.75,17706.15,9730.0,61094.600000000006,15056.328749999999,7159.85,50187.762500000004,1076159.19125,5.6770968920533305,17.61463682960523,7.555990432702761
meiapraia_1q,Meia Praia | 1 quarto,mediana,p75,0.55,0.2,0.08,441.0,1003755.25,88530.75,17706.15,9730.0,61094.600000000006,15056.328749999999,7159.85,80300.42,1106271.84875,5.522566633963622,18.10752257564498,7.555990432702761
meiapraia_1q,Meia Praia | 1 quarto,mediana,p75,0.55,0.3,0.03,441.0,1003755.25,88530.75,26559.225,9730.0,52241.525,15056.328749999999,7159.85,30112.657499999998,1056084.08625,4.946720216711343,20.215414581599596,8.635417637374584
meiapraia_1q,Meia Praia | 1 quarto,mediana,p75,0.55,0.3,0.05,441.0,1003755.25,88530.75,26559.225,9730.0,52241.525,15056.328749999999,7159.85,50187.762500000004,1076159.19125,4.85444211458339,20.599689447235697,8.635417637374584
meiapraia_1q,Meia Praia | 1 quarto,mediana,p75,0.55,0.3,0.08,441.0,1003755.25,88530.75,26559.225,9730.0,52241.525,15056.328749999999,7159.85,80300.42,1106271.84875,4.722304473265663,21.17610174568985,8.635417637374584
meiapraia_1q,Meia Praia | 1 quarto,mediana,p75,0.55,0.4,0.03,441.0,1003755.25,88530.75,35412.3,9730.0,43388.45,15056.328749999999,7159.85,30112.657499999998,1056084.08625,4.1084275925476765,24.340212343377097,10.074653910270348
meiapraia_1q,Meia Praia | 1 quarto,mediana,p75,0.55,0.4,0.05,441.0,1003755.25,88530.75,35412.3,9730.0,43388.45,15056.328749999999,7159.85,50187.762500000004,1076159.19125,4.031787337113449,24.80289549983924,10.074653910270348
meiapraia_1q,Meia Praia | 1 quarto,mediana,p75,0.55,0.4,0.08,441.0,1003755.25,88530.75,35412.3,9730.0,43388.45,15056.328749999999,7159.85,80300.42,1106271.84875,3.922042312567705,25.49692023453246,10.074653910270348
meiapraia_1q,Meia Praia | 1 quarto,mediana,p75,0.7,0.2,0.03,441.0,1003755.25,112675.5,22535.100000000002,9730.0,80410.4,15056.328749999999,7159.85,30112.657499999998,1056084.08625,7.614014929959372,13.133675323714346,7.555990432702761
meiapraia_1q,Meia Praia | 1 quarto,mediana,p75,0.7,0.2,0.05,441.0,1003755.25,112675.5,22535.100000000002,9730.0,80410.4,15056.328749999999,7159.85,50187.762500000004,1076159.19125,7.471980042896837,13.383333390332593,7.555990432702761
meiapraia_1q,Meia Praia | 1 quarto,mediana,p75,0.7,0.2,0.08,441.0,1003755.25,112675.5,22535.100000000002,9730.0,80410.4,15056.328749999999,7159.85,80300.42,1106271.84875,7.26859316639553,13.757820490259967,7.555990432702761
meiapraia_1q,Meia Praia | 1 quarto,mediana,p75,0.7,0.3,0.03,441.0,1003755.25,112675.5,33802.65,9730.0,69142.85,15056.328749999999,7159.85,30112.657499999998,1056084.08625,6.547097044660161,15.27394497406456,8.635417637374584
meiapraia_1q,Meia Praia | 1 quarto,mediana,p75,0.7,0.3,0.05,441.0,1003755.25,112675.5,33802.65,9730.0,69142.85,15056.328749999999,7159.85,50187.762500000004,1076159.19125,6.42496487157146,15.564287431744567,8.635417637374584
meiapraia_1q,Meia Praia | 1 quarto,mediana,p75,0.7,0.3,0.08,441.0,1003755.25,112675.5,33802.65,9730.0,69142.85,15056.328749999999,7159.85,80300.42,1106271.84875,6.250077689143585,15.999801118264575,8.635417637374584
meiapraia_1q,Meia Praia | 1 quarto,mediana,p75,0.7,0.4,0.03,441.0,1003755.25,112675.5,45070.200000000004,9730.0,57875.29999999999,15056.328749999999,7159.85,30112.657499999998,1056084.08625,5.480179159360947,18.2475786086638,10.074653910270348
meiapraia_1q,Meia Praia | 1 quarto,mediana,p75,0.7,0.4,0.05,441.0,1003755.25,112675.5,45070.200000000004,9730.0,57875.29999999999,15056.328749999999,7159.85,50187.762500000004,1076159.19125,5.377949700246078,18.594446875437367,10.074653910270348
meiapraia_1q,Meia Praia | 1 quarto,mediana,p75,0.7,0.4,0.08,441.0,1003755.25,112675.5,45070.200000000004,9730.0,57875.29999999999,15056.328749999999,7159.85,80300.42,1106271.84875,5.231562211891636,19.11474927559771,10.074653910270348
meiapraia_1q,Meia Praia | 1 quarto,p75,p25,0.4,0.2,0.03,523.25,757000.0,76394.5,15278.900000000001,9730.0,51385.6,11355.0,6546.2,22710.0,797611.2,6.442437117232055,15.522076223689126,6.368259495120722
meiapraia_1q,Meia Praia | 1 quarto,p75,p25,0.4,0.2,0.05,523.25,757000.0,76394.5,15278.900000000001,9730.0,51385.6,11355.0,6546.2,37850.0,812751.2,6.322426838619248,15.816711296550006,6.368259495120722
meiapraia_1q,Meia Praia | 1 quarto,p75,p25,0.4,0.2,0.08,523.25,757000.0,76394.5,15278.900000000001,9730.0,51385.6,11355.0,6546.2,60560.0,835461.2,6.150566896463893,16.258663905841324,6.368259495120722
meiapraia_1q,Meia Praia | 1 quarto,p75,p25,0.4,0.3,0.03,523.25,757000.0,76394.5,22918.35,9730.0,43746.15,11355.0,6546.2,22710.0,797611.2,5.484645902665359,18.23271762200788,7.278010851566539
meiapraia_1q,Meia Praia | 1 quarto,p75,p25,0.4,0.3,0.05,523.25,757000.0,76394.5,22918.35,9730.0,43746.15,11355.0,6546.2,37850.0,812751.2,5.382477442051147,18.578805220573695,7.278010851566539
meiapraia_1q,Meia Praia | 1 quarto,p75,p25,0.4,0.3,0.08,523.25,757000.0,76394.5,22918.35,9730.0,43746.15,11355.0,6546.2,60560.0,835461.2,5.236167759795428,19.09793661842242,7.278010851566539
meiapraia_1q,Meia Praia | 1 quarto,p75,p25,0.4,0.4,0.03,523.25,757000.0,76394.5,30557.800000000003,9730.0,36106.7,11355.0,6546.2,22710.0,797611.2,4.526854688098663,22.09039319572268,8.491012660160962
meiapraia_1q,Meia Praia | 1 quarto,p75,p25,0.4,0.4,0.05,523.25,757000.0,76394.5,30557.800000000003,9730.0,36106.7,11355.0,6546.2,37850.0,812751.2,4.442528045483045,22.509705954850485,8.491012660160962
meiapraia_1q,Meia Praia | 1 quarto,p75,p25,0.4,0.4,0.08,523.25,757000.0,76394.5,30557.800000000003,9730.0,36106.7,11355.0,6546.2,60560.0,835461.2,4.321768623126963,23.138675093542197,8.491012660160962
meiapraia_1q,Meia Praia | 1 quarto,p75,p25,0.55,0.2,0.03,523.25,757000.0,105042.43750000001,21008.487500000003,9730.0,74303.95000000001,11355.0,6546.2,22710.0,797611.2,9.315810760932147,10.734438747872755,6.368259495120722
meiapraia_1q,Meia Praia | 1 quarto,p75,p25,0.55,0.2,0.05,523.25,757000.0,105042.43750000001,21008.487500000003,9730.0,74303.95000000001,11355.0,6546.2,37850.0,812751.2,9.142275028323553,10.938196421589968,6.368259495120722
meiapraia_1q,Meia Praia | 1 quarto,p75,p25,0.55,0.2,0.08,523.25,757000.0,105042.43750000001,21008.487500000003,9730.0,74303.95000000001,11355.0,6546.2,60560.0,835461.2,8.893764306469292,11.243832932165784,6.368259495120722
meiapraia_1q,Meia Praia | 1 quarto,p75,p25,0.55,0.3,0.03,523.25,757000.0,105042.43750000001,31512.731250000004,9730.0,63799.70625000002,11355.0,6546.2,22710.0,797611.2,7.998847840902938,12.501800507898102,7.278010851566539
meiapraia_1q,Meia Praia | 1 quarto,p75,p25,0.55,0.3,0.05,523.25,757000.0,105042.43750000001,31512.731250000004,9730.0,63799.70625000002,11355.0,6546.2,37850.0,812751.2,7.849844608042414,12.739105675741254,7.278010851566539
meiapraia_1q,Meia Praia | 1 quarto,p75,p25,0.55,0.3,0.08,523.25,757000.0,105042.43750000001,31512.731250000004,9730.0,63799.70625000002,11355.0,6546.2,60560.0,835461.2,7.636465493550151,13.09506342750598,7.278010851566539
meiapraia_1q,Meia Praia | 1 quarto,p75,p25,0.55,0.4,0.03,523.25,757000.0,105042.43750000001,42016.975000000006,9730.0,53295.46250000001,11355.0,6546.2,22710.0,797611.2,6.68188492087373,14.96583691341453,8.491012660160962
meiapraia_1q,Meia Praia | 1 quarto,p75,p25,0.55,0.4,0.05,523.25,757000.0,105042.43750000001,42016.975000000006,9730.0,53295.46250000001,11355.0,6546.2,37850.0,812751.2,6.557414187761275,15.249913630076854,8.491012660160962
meiapraia_1q,Meia Praia | 1 quarto,p75,p25,0.55,0.4,0.08,523.25,757000.0,105042.43750000001,42016.975000000006,9730.0,53295.46250000001,11355.0,6546.2,60560.0,835461.2,6.379166680631012,15.676028705070339,8.491012660160962
meiapraia_1q,Meia Praia | 1 quarto,p75,p25,0.7,0.2,0.03,523.25,757000.0,133690.375,26738.075,9730.0,97222.3,11355.0,6546.2,22710.0,797611.2,12.189184404632233,8.203994351090232,6.368259495120722
meiapraia_1q,Meia Praia | 1 quarto,p75,p25,0.7,0.2,0.05,523.25,757000.0,133690.375,26738.075,9730.0,97222.3,11355.0,6546.2,37850.0,812751.2,11.962123218027855,8.359719940795475,6.368259495120722
meiapraia_1q,Meia Praia | 1 quarto,p75,p25,0.7,0.2,0.08,523.25,757000.0,133690.375,26738.075,9730.0,97222.3,11355.0,6546.2,60560.0,835461.2,11.636961716474687,8.59330832535334,6.368259495120722
meiapraia_1q,Meia Praia | 1 quarto,p75,p25,0.7,0.3,0.03,523.25,757000.0,133690.375,40107.112499999996,9730.0,83853.26250000001,11355.0,6546.2,22710.0,797611.2,10.513049779140516,9.511987682053514,7.278010851566539
meiapraia_1q,Meia Praia | 1 quarto,p75,p25,0.7,0.3,0.05,523.25,757000.0,133690.375,40107.112499999996,9730.0,83853.26250000001,11355.0,6546.2,37850.0,812751.2,10.317211774033678,9.69254118168628,7.278010851566539
meiapraia_1q,Meia Praia | 1 quarto,p75,p25,0.7,0.3,0.08,523.25,757000.0,133690.375,40107.112499999996,9730.0,83853.26250000001,11355.0,6546.2,60560.0,835461.2,10.036763227304872,9.96337143113543,7.278010851566539
meiapraia_1q,Meia Praia | 1 quarto,p75,p25,0.7,0.4,0.03,523.25,757000.0,133690.375,53476.15,9730.0,70484.225,11355.0,6546.2,22710.0,797611.2,8.836915153648798,11.316166135046528,8.491012660160962
meiapraia_1q,Meia Praia | 1 quarto,p75,p25,0.7,0.4,0.05,523.25,757000.0,133690.375,53476.15,9730.0,70484.225,11355.0,6546.2,37850.0,812751.2,8.672300330039501,11.530965971463825,8.491012660160962
meiapraia_1q,Meia Praia | 1 quarto,p75,p25,0.7,0.4,0.08,523.25,757000.0,133690.375,53476.15,9730.0,70484.225,11355.0,6546.2,60560.0,835461.2,8.436564738135058,11.853165726089772,8.491012660160962
meiapraia_1q,Meia Praia | 1 quarto,p75,mediana,0.4,0.2,0.03,523.25,877500.0,76394.5,15278.900000000001,9730.0,51385.6,13162.5,6914.39,26325.0,923901.89,5.561802671493615,17.97978207902603,6.368259495120722
meiapraia_1q,Meia Praia | 1 quarto,p75,mediana,0.4,0.2,0.05,523.25,877500.0,76394.5,15278.900000000001,9730.0,51385.6,13162.5,6914.39,43875.0,941451.89,5.4581227724764565,18.32131745080334,6.368259495120722
meiapraia_1q,Meia Praia | 1 quarto,p75,mediana,0.4,0.2,0.08,523.25,877500.0,76394.5,15278.900000000001,9730.0,51385.6,13162.5,6914.39,70200.0,967776.89,5.309653550416977,18.8336205084693,6.368259495120722
meiapraia_1q,Meia Praia | 1 quarto,p75,mediana,0.4,0.3,0.03,523.25,877500.0,76394.5,22918.35,9730.0,43746.15,13162.5,6914.39,26325.0,923901.89,4.734934571894859,21.119616011923334,7.278010851566539
meiapraia_1q,Meia Praia | 1 quarto,p75,mediana,0.4,0.3,0.05,523.25,877500.0,76394.5,22918.35,9730.0,43746.15,13162.5,6914.39,43875.0,941451.89,4.646668668326748,21.520794172744345,7.278010851566539
meiapraia_1q,Meia Praia | 1 quarto,p75,mediana,0.4,0.3,0.08,523.25,877500.0,76394.5,22918.35,9730.0,43746.15,13162.5,6914.39,70200.0,967776.89,4.520272229273836,22.12256141397586,7.278010851566539
meiapraia_1q,Meia Praia | 1 quarto,p75,mediana,0.4,0.4,0.03,523.25,877500.0,76394.5,30557.800000000003,9730.0,36106.7,13162.5,6914.39,26325.0,923901.89,3.9080664722961003,25.5881011003498,8.491012660160962
meiapraia_1q,Meia Praia | 1 quarto,p75,mediana,0.4,0.4,0.05,523.25,877500.0,76394.5,30557.800000000003,9730.0,36106.7,13162.5,6914.39,43875.0,941451.89,3.835214564177039,26.074160474371794,8.491012660160962
meiapraia_1q,Meia Praia | 1 quarto,p75,mediana,0.4,0.4,0.08,523.25,877500.0,76394.5,30557.800000000003,9730.0,36106.7,13162.5,6914.39,70200.0,967776.89,3.7308909081306947,26.803249535404788,8.491012660160962
meiapraia_1q,Meia Praia | 1 quarto,p75,mediana,0.55,0.2,0.03,523.25,877500.0,105042.43750000001,21008.487500000003,9730.0,74303.95000000001,13162.5,6914.39,26325.0,923901.89,8.042406970289887,12.434088497314072,6.368259495120722
meiapraia_1q,Meia Praia | 1 quarto,p75,mediana,0.55,0.2,0.05,523.25,877500.0,105042.43750000001,21008.487500000003,9730.0,74303.95000000001,13162.5,6914.39,43875.0,941451.89,7.892485084925584,12.670280516715462,6.368259495120722
meiapraia_1q,Meia Praia | 1 quarto,p75,mediana,0.55,0.2,0.08,523.25,877500.0,105042.43750000001,21008.487500000003,9730.0,74303.95000000001,13162.5,6914.39,70200.0,967776.89,7.6777975138464,13.02456854581755,6.368259495120722
meiapraia_1q,Meia Praia | 1 quarto,p75,mediana,0.55,0.3,0.03,523.25,877500.0,105042.43750000001,31512.731250000004,9730.0,63799.70625000002,13162.5,6914.39,26325.0,923901.89,6.905463333341596,14.481287521602026,7.278010851566539
meiapraia_1q,Meia Praia | 1 quarto,p75,mediana,0.55,0.3,0.05,523.25,877500.0,105042.43750000001,31512.731250000004,9730.0,63799.70625000002,13162.5,6914.39,43875.0,941451.89,6.776735691719734,14.75636715803844,7.278010851566539
meiapraia_1q,Meia Praia | 1 quarto,p75,mediana,0.55,0.3,0.08,523.25,877500.0,105042.43750000001,31512.731250000004,9730.0,63799.70625000002,13162.5,6914.39,70200.0,967776.89,6.592398197274582,15.16898661269306,7.278010851566539
meiapraia_1q,Meia Praia | 1 quarto,p75,mediana,0.55,0.4,0.03,523.25,877500.0,105042.43750000001,42016.975000000006,9730.0,53295.46250000001,13162.5,6914.39,26325.0,923901.89,5.768519696393305,17.335469975516204,8.491012660160962
meiapraia_1q,Meia Praia | 1 quarto,p75,mediana,0.55,0.4,0.05,523.25,877500.0,105042.43750000001,42016.975000000006,9730.0,53295.46250000001,13162.5,6914.39,43875.0,941451.89,5.660986298513884,17.664766301634025,8.491012660160962
meiapraia_1q,Meia Praia | 1 quarto,p75,mediana,0.55,0.4,0.08,523.25,877500.0,105042.43750000001,42016.975000000006,9730.0,53295.46250000001,13162.5,6914.39,70200.0,967776.89,5.5069988807027626,18.158710790810755,8.491012660160962
meiapraia_1q,Meia Praia | 1 quarto,p75,mediana,0.7,0.2,0.03,523.25,877500.0,133690.375,26738.075,9730.0,97222.3,13162.5,6914.39,26325.0,923901.89,10.523011269086158,9.502983266184815,6.368259495120722
meiapraia_1q,Meia Praia | 1 quarto,p75,mediana,0.7,0.2,0.05,523.25,877500.0,133690.375,26738.075,9730.0,97222.3,13162.5,6914.39,43875.0,941451.89,10.326847397374708,9.683497407487788,6.368259495120722
meiapraia_1q,Meia Praia | 1 quarto,p75,mediana,0.7,0.2,0.08,523.25,877500.0,133690.375,26738.075,9730.0,97222.3,13162.5,6914.39,70200.0,967776.89,10.045941477275822,9.954268619442248,6.368259495120722
meiapraia_1q,Meia Praia | 1 quarto,p75,mediana,0.7,0.3,0.03,523.25,877500.0,133690.375,40107.112499999996,9730.0,83853.26250000001,13162.5,6914.39,26325.0,923901.89,9.075992094788333,11.018079230966116,7.278010851566539
meiapraia_1q,Meia Praia | 1 quarto,p75,mediana,0.7,0.3,0.05,523.25,877500.0,133690.375,40107.112499999996,9730.0,83853.26250000001,13162.5,6914.39,43875.0,941451.89,8.906802715112718,11.227373413169223,7.278010851566539
meiapraia_1q,Meia Praia | 1 quarto,p75,mediana,0.7,0.3,0.08,523.25,877500.0,133690.375,40107.112499999996,9730.0,83853.26250000001,13162.5,6914.39,70200.0,967776.89,8.664524165275326,11.541314686473886,7.278010851566539
meiapraia_1q,Meia Praia | 1 quarto,p75,mediana,0.7,0.4,0.03,523.25,877500.0,133690.375,53476.15,9730.0,70484.225,13162.5,6914.39,26325.0,923901.89,7.628972920490508,13.107924361798686,8.491012660160962
meiapraia_1q,Meia Praia | 1 quarto,p75,mediana,0.7,0.4,0.05,523.25,877500.0,133690.375,53476.15,9730.0,70484.225,13162.5,6914.39,43875.0,941451.89,7.486758032850728,13.35691624615295,8.491012660160962
meiapraia_1q,Meia Praia | 1 quarto,p75,mediana,0.7,0.4,0.08,523.25,877500.0,133690.375,53476.15,9730.0,70484.225,13162.5,6914.39,70200.0,967776.89,7.283106853274829,13.730404072684347,8.491012660160962
meiapraia_1q,Meia Praia | 1 quarto,p75,p75,0.4,0.2,0.03,523.25,1003755.25,76394.5,15278.900000000001,9730.0,51385.6,15056.328749999999,7159.85,30112.657499999998,1056084.08625,4.865673166467524,20.55214079917331,6.368259495120722
meiapraia_1q,Meia Praia | 1 quarto,p75,p75,0.4,0.2,0.05,523.25,1003755.25,76394.5,15278.900000000001,9730.0,51385.6,15056.328749999999,7159.85,50187.762500000004,1076159.19125,4.774906948507652,20.94281649430969,6.368259495120722
meiapraia_1q,Meia Praia | 1 quarto,p75,p75,0.4,0.2,0.08,523.25,1003755.25,76394.5,15278.900000000001,9730.0,51385.6,15056.328749999999,7159.85,80300.42,1106271.84875,4.644934249937001,21.52883003701426,6.368259495120722
meiapraia_1q,Meia Praia | 1 quarto,p75,p75,0.4,0.3,0.03,523.25,1003755.25,76394.5,22918.35,9730.0,43746.15,15056.328749999999,7159.85,30112.657499999998,1056084.08625,4.142298001604795,24.14118925322571,7.278010851566539
meiapraia_1q,Meia Praia | 1 quarto,p75,p75,0.4,0.3,0.05,523.25,1003755.25,76394.5,22918.35,9730.0,43746.15,15056.328749999999,7159.85,50187.762500000004,1076159.19125,4.0650259139809215,24.600089179276345,7.278010851566539
meiapraia_1q,Meia Praia | 1 quarto,p75,p75,0.4,0.3,0.08,523.25,1003755.25,76394.5,22918.35,9730.0,43746.15,15056.328749999999,7159.85,80300.42,1106271.84875,3.95437613724237,25.288439068352297,7.278010851566539
meiapraia_1q,Meia Praia | 1 quarto,p75,p75,0.4,0.4,0.03,523.25,1003755.25,76394.5,30557.800000000003,9730.0,36106.7,15056.328749999999,7159.85,30112.657499999998,1056084.08625,3.418922836742063,29.24897834058499,8.491012660160962
meiapraia_1q,Meia Praia | 1 quarto,p75,p75,0.4,0.4,0.05,523.25,1003755.25,76394.5,30557.800000000003,9730.0,36106.7,15056.328749999999,7159.85,50187.762500000004,1076159.19125,3.35514487945419,29.80497224199387,8.491012660160962
meiapraia_1q,Meia Praia | 1 quarto,p75,p75,0.4,0.4,0.08,523.25,1003755.25,76394.5,30557.800000000003,9730.0,36106.7,15056.328749999999,7159.85,80300.42,1106271.84875,3.263818024547739,30.638963094107186,8.491012660160962
meiapraia_1q,Meia Praia | 1 quarto,p75,p75,0.55,0.2,0.03,523.25,1003755.25,105042.43750000001,21008.487500000003,9730.0,74303.95000000001,15056.328749999999,7159.85,30112.657499999998,1056084.08625,7.035798661055718,14.213027520744184,6.368259495120722
meiapraia_1q,Meia Praia | 1 quarto,p75,p75,0.55,0.2,0.05,523.25,1003755.25,105042.43750000001,21008.487500000003,9730.0,74303.95000000001,15056.328749999999,7159.85,50187.762500000004,1076159.19125,6.9045500520878464,14.483202995937628,6.368259495120722
meiapraia_1q,Meia Praia | 1 quarto,p75,p75,0.55,0.2,0.08,523.25,1003755.25,105042.43750000001,21008.487500000003,9730.0,74303.95000000001,15056.328749999999,7159.85,80300.42,1106271.84875,6.716608588020895,14.888466208727795,6.368259495120722
meiapraia_1q,Meia Praia | 1 quarto,p75,p75,0.55,0.3,0.03,523.25,1003755.25,105042.43750000001,31512.731250000004,9730.0,63799.70625000002,15056.328749999999,7159.85,30112.657499999998,1056084.08625,6.041157809369464,16.553118318628616,7.278010851566539
meiapraia_1q,Meia Praia | 1 quarto,p75,p75,0.55,0.3,0.05,523.25,1003755.25,105042.43750000001,31512.731250000004,9730.0,63799.70625000002,15056.328749999999,7159.85,50187.762500000004,1076159.19125,5.928463629613591,16.867776585570088,7.278010851566539
meiapraia_1q,Meia Praia | 1 quarto,p75,p75,0.55,0.3,0.08,523.25,1003755.25,105042.43750000001,31512.731250000004,9730.0,63799.70625000002,15056.328749999999,7159.85,80300.42,1106271.84875,5.767091183065777,17.339763985982295,7.278010851566539
meiapraia_1q,Meia Praia | 1 quarto,p75,p75,0.55,0.4,0.03,523.25,1003755.25,105042.43750000001,42016.975000000006,9730.0,53295.46250000001,15056.328749999999,7159.85,30112.657499999998,1056084.08625,5.046516957683209,19.815647274850082,8.491012660160962
meiapraia_1q,Meia Praia | 1 quarto,p75,p75,0.55,0.4,0.05,523.25,1003755.25,105042.43750000001,42016.975000000006,9730.0,53295.46250000001,15056.328749999999,7159.85,50187.762500000004,1076159.19125,4.952377207139335,20.19232296276629,8.491012660160962
meiapraia_1q,Meia Praia | 1 quarto,p75,p75,0.55,0.4,0.08,523.25,1003755.25,105042.43750000001,42016.975000000006,9730.0,53295.46250000001,15056.328749999999,7159.85,80300.42,1106271.84875,4.817573778110659,20.757336494640604,8.491012660160962
meiapraia_1q,Meia Praia | 1 quarto,p75,p75,0.7,0.2,0.03,523.25,1003755.25,133690.375,26738.075,9730.0,97222.3,15056.328749999999,7159.85,30112.657499999998,1056084.08625,9.20592415564391,10.862570482800756,6.368259495120722
meiapraia_1q,Meia Praia | 1 quarto,p75,p75,0.7,0.2,0.05,523.25,1003755.25,133690.375,26738.075,9730.0,97222.3,15056.328749999999,7159.85,50187.762500000004,1076159.19125,9.034193155668039,11.069057111897166,6.368259495120722
meiapraia_1q,Meia Praia | 1 quarto,p75,p75,0.7,0.2,0.08,523.25,1003755.25,133690.375,26738.075,9730.0,97222.3,15056.328749999999,7159.85,80300.42,1106271.84875,8.788282926104786,11.378787055541782,6.368259495120722
meiapraia_1q,Meia Praia | 1 quarto,p75,p75,0.7,0.3,0.03,523.25,1003755.25,133690.375,40107.112499999996,9730.0,83853.26250000001,15056.328749999999,7159.85,30112.657499999998,1056084.08625,7.9400176171341315,12.594430493983461,7.278010851566539
meiapraia_1q,Meia Praia | 1 quarto,p75,p75,0.7,0.3,0.05,523.25,1003755.25,133690.375,40107.112499999996,9730.0,83853.26250000001,15056.328749999999,7159.85,50187.762500000004,1076159.19125,7.791901345246259,12.83383805430349,7.278010851566539
meiapraia_1q,Meia Praia | 1 quarto,p75,p75,0.7,0.3,0.08,523.25,1003755.25,133690.375,40107.112499999996,9730.0,83853.26250000001,15056.328749999999,7159.85,80300.42,1106271.84875,7.579806228889183,13.192949394783533,7.278010851566539
meiapraia_1q,Meia Praia | 1 quarto,p75,p75,0.7,0.4,0.03,523.25,1003755.25,133690.375,53476.15,9730.0,70484.225,15056.328749999999,7159.85,30112.657499999998,1056084.08625,6.674111078624352,14.983268756235878,8.491012660160962
meiapraia_1q,Meia Praia | 1 quarto,p75,p75,0.7,0.4,0.05,523.25,1003755.25,133690.375,53476.15,9730.0,70484.225,15056.328749999999,7159.85,50187.762500000004,1076159.19125,6.54960953482448,15.268085748974325,8.491012660160962
meiapraia_1q,Meia Praia | 1 quarto,p75,p75,0.7,0.4,0.08,523.25,1003755.25,133690.375,53476.15,9730.0,70484.225,15056.328749999999,7159.85,80300.42,1106271.84875,6.371329531673578,15.695311238081993,8.491012660160962
meiapraia_2q,Meia Praia | 2 quartos,p25,p25,0.4,0.2,0.03,365.0,912850.0,53290.0,10658.0,6980.0,35652.0,13692.75,6914.39,27385.5,960842.64,3.7104931146685995,26.950595759003704,6.549071120285231
meiapraia_2q,Meia Praia | 2 quartos,p25,p25,0.4,0.2,0.05,365.0,912850.0,53290.0,10658.0,6980.0,35652.0,13692.75,6914.39,45642.5,979099.64,3.6413045765188925,27.462684842365086,6.549071120285231
meiapraia_2q,Meia Praia | 2 quartos,p25,p25,0.4,0.2,0.08,365.0,912850.0,53290.0,10658.0,6980.0,35652.0,13692.75,6914.39,73028.0,1006485.14,3.5422281545060863,28.230818467407158,6.549071120285231
meiapraia_2q,Meia Praia | 2 quartos,p25,p25,0.4,0.3,0.03,365.0,912850.0,53290.0,15987.0,6980.0,30323.0,13692.75,6914.39,27385.5,960842.64,3.1558757633820247,31.686925436137585,7.484652708897407
meiapraia_2q,Meia Praia | 2 quartos,p25,p25,0.4,0.3,0.05,365.0,912850.0,53290.0,15987.0,6980.0,30323.0,13692.75,6914.39,45642.5,979099.64,3.0970290214793663,32.289009662632324,7.484652708897407
meiapraia_2q,Meia Praia | 2 quartos,p25,p25,0.4,0.3,0.08,365.0,912850.0,53290.0,15987.0,6980.0,30323.0,13692.75,6914.39,73028.0,1006485.14,3.0127618178247517,33.19213600237443,7.484652708897407
meiapraia_2q,Meia Praia | 2 quartos,p25,p25,0.4,0.4,0.03,365.0,912850.0,53290.0,21316.0,6980.0,24994.0,13692.75,6914.39,27385.5,960842.64,2.60125841209545,38.44293190365688,8.732094827046975
meiapraia_2q,Meia Praia | 2 quartos,p25,p25,0.4,0.4,0.05,365.0,912850.0,53290.0,21316.0,6980.0,24994.0,13692.75,6914.39,45642.5,979099.64,2.5527534664398406,39.173387212931104,8.732094827046975
meiapraia_2q,Meia Praia | 2 quartos,p25,p25,0.4,0.4,0.08,365.0,912850.0,53290.0,21316.0,6980.0,24994.0,13692.75,6914.39,73028.0,1006485.14,2.4832954811434176,40.26907017684244,8.732094827046975
meiapraia_2q,Meia Praia | 2 quartos,p25,p25,0.55,0.2,0.03,365.0,912850.0,73273.75,14654.75,6980.0,51639.0,13692.75,6914.39,27385.5,960842.64,5.374345168528325,18.606918027072563,6.549071120285231
meiapraia_2q,Meia Praia | 2 quartos,p25,p25,0.55,0.2,0.05,365.0,912850.0,73273.75,14654.75,6980.0,51639.0,13692.75,6914.39,45642.5,979099.64,5.27413124163747,18.96046863804489,6.549071120285231
meiapraia_2q,Meia Praia | 2 quartos,p25,p25,0.55,0.2,0.08,365.0,912850.0,73273.75,14654.75,6980.0,51639.0,13692.75,6914.39,73028.0,1006485.14,5.13062716455009,19.49079455450338,6.549071120285231
meiapraia_2q,Meia Praia | 2 quartos,p25,p25,0.55,0.3,0.03,365.0,912850.0,73273.75,21982.125,6980.0,44311.625,13692.75,6914.39,27385.5,960842.64,4.611746310509283,21.683759961409674,7.484652708897407
meiapraia_2q,Meia Praia | 2 quartos,p25,p25,0.55,0.3,0.05,365.0,912850.0,73273.75,21982.125,6980.0,44311.625,13692.75,6914.39,45642.5,979099.64,4.525752353458122,22.095773738832644,7.484652708897407
meiapraia_2q,Meia Praia | 2 quartos,p25,p25,0.55,0.3,0.08,365.0,912850.0,73273.75,21982.125,6980.0,44311.625,13692.75,6914.39,73028.0,1006485.14,4.402610951613255,22.713794404967093,7.484652708897407
meiapraia_2q,Meia Praia | 2 quartos,p25,p25,0.55,0.4,0.03,365.0,912850.0,73273.75,29309.5,6980.0,36984.25,13692.75,6914.39,27385.5,960842.64,3.8491474524902434,25.979778959962687,8.732094827046975
meiapraia_2q,Meia Praia | 2 quartos,p25,p25,0.55,0.4,0.05,365.0,912850.0,73273.75,29309.5,6980.0,36984.25,13692.75,6914.39,45642.5,979099.64,3.7773734652787736,26.47342152402712,8.732094827046975
meiapraia_2q,Meia Praia | 2 quartos,p25,p25,0.55,0.4,0.08,365.0,912850.0,73273.75,29309.5,6980.0,36984.25,13692.75,6914.39,73028.0,1006485.14,3.67459473867642,27.21388537012377,8.732094827046975
meiapraia_2q,Meia Praia | 2 quartos,p25,p25,0.7,0.2,0.03,365.0,912850.0,93257.5,18651.5,6980.0,67626.0,13692.75,6914.39,27385.5,960842.64,7.038197222388049,14.20818383461982,6.549071120285231
meiapraia_2q,Meia Praia | 2 quartos,p25,p25,0.7,0.2,0.05,365.0,912850.0,93257.5,18651.5,6980.0,67626.0,13692.75,6914.39,45642.5,979099.64,6.906957906756047,14.478153964451543,6.549071120285231
meiapraia_2q,Meia Praia | 2 quartos,p25,p25,0.7,0.2,0.08,365.0,912850.0,93257.5,18651.5,6980.0,67626.0,13692.75,6914.39,73028.0,1006485.14,6.7190261745940925,14.883109159199124,6.549071120285231
meiapraia_2q,Meia Praia | 2 quartos,p25,p25,0.7,0.3,0.03,365.0,912850.0,93257.5,27977.25,6980.0,58300.25,13692.75,6914.39,27385.5,960842.64,6.067616857636543,16.48093515894014,7.484652708897407
meiapraia_2q,Meia Praia | 2 quartos,p25,p25,0.7,0.3,0.05,365.0,912850.0,93257.5,27977.25,6980.0,58300.25,13692.75,6914.39,45642.5,979099.64,5.954475685436877,16.79408990527485,7.484652708897407
meiapraia_2q,Meia Praia | 2 quartos,p25,p25,0.7,0.3,0.08,365.0,912850.0,93257.5,27977.25,6980.0,58300.25,13692.75,6914.39,73028.0,1006485.14,5.792460085401758,17.26382202477691,7.484652708897407
meiapraia_2q,Meia Praia | 2 quartos,p25,p25,0.7,0.4,0.03,365.0,912850.0,93257.5,37303.0,6980.0,48974.5,13692.75,6914.39,27385.5,960842.64,5.097036492885037,19.619243483853843,8.732094827046975
meiapraia_2q,Meia Praia | 2 quartos,p25,p25,0.7,0.4,0.05,365.0,912850.0,93257.5,37303.0,6980.0,48974.5,13692.75,6914.39,45642.5,979099.64,5.0019934641177075,19.992029321381537,8.732094827046975
meiapraia_2q,Meia Praia | 2 quartos,p25,p25,0.7,0.4,0.08,365.0,912850.0,93257.5,37303.0,6980.0,48974.5,13692.75,6914.39,73028.0,1006485.14,4.865893996209422,20.551208077673074,8.732094827046975
meiapraia_2q,Meia Praia | 2 quartos,p25,mediana,0.4,0.2,0.03,365.0,1080000.0,53290.0,10658.0,6980.0,35652.0,16200.0,7405.3099999999995,32400.0,1136005.31,3.1383656120410213,31.863719005946372,6.549071120285231
meiapraia_2q,Meia Praia | 2 quartos,p25,mediana,0.4,0.2,0.05,365.0,1080000.0,53290.0,10658.0,6980.0,35652.0,16200.0,7405.3099999999995,54000.0,1157605.31,3.0798061905918517,32.46957561988108,6.549071120285231
meiapraia_2q,Meia Praia | 2 quartos,p25,mediana,0.4,0.2,0.08,365.0,1080000.0,53290.0,10658.0,6980.0,35652.0,16200.0,7405.3099999999995,86400.0,1190005.31,2.9959530180583815,33.37836054078313,6.549071120285231
meiapraia_2q,Meia Praia | 2 quartos,p25,mediana,0.4,0.3,0.03,365.0,1080000.0,53290.0,15987.0,6980.0,30323.0,16200.0,7405.3099999999995,32400.0,1136005.31,2.6692656920767384,37.46348679220394,7.484652708897407
meiapraia_2q,Meia Praia | 2 quartos,p25,mediana,0.4,0.3,0.05,365.0,1080000.0,53290.0,15987.0,6980.0,30323.0,16200.0,7405.3099999999995,54000.0,1157605.31,2.619459304311588,38.175817366355574,7.484652708897407
meiapraia_2q,Meia Praia | 2 quartos,p25,mediana,0.4,0.3,0.08,365.0,1080000.0,53290.0,15987.0,6980.0,30323.0,16200.0,7405.3099999999995,86400.0,1190005.31,2.5481398902329264,39.24431322758303,7.484652708897407
meiapraia_2q,Meia Praia | 2 quartos,p25,mediana,0.4,0.4,0.03,365.0,1080000.0,53290.0,21316.0,6980.0,24994.0,16200.0,7405.3099999999995,32400.0,1136005.31,2.200165772112456,45.451120668960556,8.732094827046975
meiapraia_2q,Meia Praia | 2 quartos,p25,mediana,0.4,0.4,0.05,365.0,1080000.0,53290.0,21316.0,6980.0,24994.0,16200.0,7405.3099999999995,54000.0,1157605.31,2.1591124180313237,46.3153280787389,8.732094827046975
meiapraia_2q,Meia Praia | 2 quartos,p25,mediana,0.4,0.4,0.08,365.0,1080000.0,53290.0,21316.0,6980.0,24994.0,16200.0,7405.3099999999995,86400.0,1190005.31,2.1003267624074717,47.61163919340642,8.732094827046975
meiapraia_2q,Meia Praia | 2 quartos,p25,mediana,0.55,0.2,0.03,365.0,1080000.0,73273.75,14654.75,6980.0,51639.0,16200.0,7405.3099999999995,32400.0,1136005.31,4.545665371933868,21.998979647165903,6.549071120285231
meiapraia_2q,Meia Praia | 2 quartos,p25,mediana,0.55,0.2,0.05,365.0,1080000.0,73273.75,14654.75,6980.0,51639.0,16200.0,7405.3099999999995,54000.0,1157605.31,4.460846849432644,22.417268150041636,6.549071120285231
meiapraia_2q,Meia Praia | 2 quartos,p25,mediana,0.55,0.2,0.08,365.0,1080000.0,73273.75,14654.75,6980.0,51639.0,16200.0,7405.3099999999995,86400.0,1190005.31,4.339392401534746,23.044700904355235,6.549071120285231
meiapraia_2q,Meia Praia | 2 quartos,p25,mediana,0.55,0.3,0.03,365.0,1080000.0,73273.75,21982.125,6980.0,44311.625,16200.0,7405.3099999999995,32400.0,1136005.31,3.90065298198298,25.636733250021862,7.484652708897407
meiapraia_2q,Meia Praia | 2 quartos,p25,mediana,0.55,0.3,0.05,365.0,1080000.0,73273.75,21982.125,6980.0,44311.625,16200.0,7405.3099999999995,54000.0,1157605.31,3.8278698807972815,26.124189984005326,7.484652708897407
meiapraia_2q,Meia Praia | 2 quartos,p25,mediana,0.55,0.3,0.08,365.0,1080000.0,73273.75,21982.125,6980.0,44311.625,16200.0,7405.3099999999995,86400.0,1190005.31,3.7236493507747457,26.855375084980523,7.484652708897407
meiapraia_2q,Meia Praia | 2 quartos,p25,mediana,0.55,0.4,0.03,365.0,1080000.0,73273.75,29309.5,6980.0,36984.25,16200.0,7405.3099999999995,32400.0,1136005.31,3.2556405920320914,30.71592123674267,8.732094827046975
meiapraia_2q,Meia Praia | 2 quartos,p25,mediana,0.55,0.4,0.05,365.0,1080000.0,73273.75,29309.5,6980.0,36984.25,16200.0,7405.3099999999995,54000.0,1157605.31,3.1948929121619183,31.299953628909606,8.732094827046975
meiapraia_2q,Meia Praia | 2 quartos,p25,mediana,0.55,0.4,0.08,365.0,1080000.0,73273.75,29309.5,6980.0,36984.25,16200.0,7405.3099999999995,86400.0,1190005.31,3.1079063000147453,32.17600221716001,8.732094827046975
meiapraia_2q,Meia Praia | 2 quartos,p25,mediana,0.7,0.2,0.03,365.0,1080000.0,93257.5,18651.5,6980.0,67626.0,16200.0,7405.3099999999995,32400.0,1136005.31,5.9529651318267165,16.798351373731997,6.549071120285231
meiapraia_2q,Meia Praia | 2 quartos,p25,mediana,0.7,0.2,0.05,365.0,1080000.0,93257.5,18651.5,6980.0,67626.0,16200.0,7405.3099999999995,54000.0,1157605.31,5.841887508273437,17.11775515334339,6.549071120285231
meiapraia_2q,Meia Praia | 2 quartos,p25,mediana,0.7,0.2,0.08,365.0,1080000.0,93257.5,18651.5,6980.0,67626.0,16200.0,7405.3099999999995,86400.0,1190005.31,5.6828317850111105,17.596860822760476,6.549071120285231
meiapraia_2q,Meia Praia | 2 quartos,p25,mediana,0.7,0.3,0.03,365.0,1080000.0,93257.5,27977.25,6980.0,58300.25,16200.0,7405.3099999999995,32400.0,1136005.31,5.132040271889222,19.485427764031886,7.484652708897407
meiapraia_2q,Meia Praia | 2 quartos,p25,mediana,0.7,0.3,0.05,365.0,1080000.0,93257.5,27977.25,6980.0,58300.25,16200.0,7405.3099999999995,54000.0,1157605.31,5.036280457282975,19.855923602385925,7.484652708897407
meiapraia_2q,Meia Praia | 2 quartos,p25,mediana,0.7,0.3,0.08,365.0,1080000.0,93257.5,27977.25,6980.0,58300.25,16200.0,7405.3099999999995,86400.0,1190005.31,4.899158811316565,20.411667359916983,7.484652708897407
meiapraia_2q,Meia Praia | 2 quartos,p25,mediana,0.7,0.4,0.03,365.0,1080000.0,93257.5,37303.0,6980.0,48974.5,16200.0,7405.3099999999995,32400.0,1136005.31,4.311115411951728,23.195853148066853,8.732094827046975
meiapraia_2q,Meia Praia | 2 quartos,p25,mediana,0.7,0.4,0.05,365.0,1080000.0,93257.5,37303.0,6980.0,48974.5,16200.0,7405.3099999999995,54000.0,1157605.31,4.230673406292512,23.63689899845838,8.732094827046975
meiapraia_2q,Meia Praia | 2 quartos,p25,mediana,0.7,0.4,0.08,365.0,1080000.0,93257.5,37303.0,6980.0,48974.5,16200.0,7405.3099999999995,86400.0,1190005.31,4.1154858376220185,24.29846777404568,8.732094827046975
meiapraia_2q,Meia Praia | 2 quartos,p25,p75,0.4,0.2,0.03,365.0,1290000.0,53290.0,10658.0,6980.0,35652.0,19350.0,7896.23,38700.0,1355946.23,2.6293078007967914,38.03282368450578,6.549071120285231
meiapraia_2q,Meia Praia | 2 quartos,p25,p75,0.4,0.2,0.05,365.0,1290000.0,53290.0,10658.0,6980.0,35652.0,19350.0,7896.23,64500.0,1381746.23,2.580213300093462,38.75648575115,6.549071120285231
meiapraia_2q,Meia Praia | 2 quartos,p25,p75,0.4,0.2,0.08,365.0,1290000.0,53290.0,10658.0,6980.0,35652.0,19350.0,7896.23,103200.0,1420446.23,2.5099154932460905,39.841978851116345,6.549071120285231
meiapraia_2q,Meia Praia | 2 quartos,p25,p75,0.4,0.3,0.03,365.0,1290000.0,53290.0,15987.0,6980.0,30323.0,19350.0,7896.23,38700.0,1355946.23,2.2362981163345985,44.71675724697425,7.484652708897407
meiapraia_2q,Meia Praia | 2 quartos,p25,p75,0.4,0.3,0.05,365.0,1290000.0,53290.0,15987.0,6980.0,30323.0,19350.0,7896.23,64500.0,1381746.23,2.1945419022420634,45.567596543877585,7.484652708897407
meiapraia_2q,Meia Praia | 2 quartos,p25,p75,0.4,0.3,0.08,365.0,1290000.0,53290.0,15987.0,6980.0,30323.0,19350.0,7896.23,103200.0,1420446.23,2.1347516970072142,46.843855489232595,7.484652708897407
meiapraia_2q,Meia Praia | 2 quartos,p25,p75,0.4,0.4,0.03,365.0,1290000.0,53290.0,21316.0,6980.0,24994.0,19350.0,7896.23,38700.0,1355946.23,1.8432884318724054,54.250869408658076,8.732094827046975
meiapraia_2q,Meia Praia | 2 quartos,p25,p75,0.4,0.4,0.05,365.0,1290000.0,53290.0,21316.0,6980.0,24994.0,19350.0,7896.23,64500.0,1381746.23,1.8088705043906652,55.283117148115544,8.732094827046975
meiapraia_2q,Meia Praia | 2 quartos,p25,p75,0.4,0.4,0.08,365.0,1290000.0,53290.0,21316.0,6980.0,24994.0,19350.0,7896.23,103200.0,1420446.23,1.759587900768338,56.83148875730175,8.732094827046975
meiapraia_2q,Meia Praia | 2 quartos,p25,p75,0.55,0.2,0.03,365.0,1290000.0,73273.75,14654.75,6980.0,51639.0,19350.0,7896.23,38700.0,1355946.23,3.8083368541833695,26.258181413272915,6.549071120285231
meiapraia_2q,Meia Praia | 2 quartos,p25,p75,0.55,0.2,0.05,365.0,1290000.0,73273.75,14654.75,6980.0,51639.0,19350.0,7896.23,64500.0,1381746.23,3.737227493647658,26.75780379170782,6.549071120285231
meiapraia_2q,Meia Praia | 2 quartos,p25,p75,0.55,0.2,0.08,365.0,1290000.0,73273.75,14654.75,6980.0,51639.0,19350.0,7896.23,103200.0,1420446.23,3.6354068819627194,27.507237359360172,6.549071120285231
meiapraia_2q,Meia Praia | 2 quartos,p25,p75,0.55,0.3,0.03,365.0,1290000.0,73273.75,21982.125,6980.0,44311.625,19350.0,7896.23,38700.0,1355946.23,3.267948538047855,30.600237070971783,7.484652708897407
meiapraia_2q,Meia Praia | 2 quartos,p25,p75,0.55,0.3,0.05,365.0,1290000.0,73273.75,21982.125,6980.0,44311.625,19350.0,7896.23,64500.0,1381746.23,3.2069293216019847,31.182477058785363,7.484652708897407
meiapraia_2q,Meia Praia | 2 quartos,p25,p75,0.55,0.3,0.08,365.0,1290000.0,73273.75,21982.125,6980.0,44311.625,19350.0,7896.23,103200.0,1420446.23,3.119556662134265,32.055837040505736,7.484652708897407
meiapraia_2q,Meia Praia | 2 quartos,p25,p75,0.55,0.4,0.03,365.0,1290000.0,73273.75,29309.5,6980.0,36984.25,19350.0,7896.23,38700.0,1355946.23,2.7275602219123396,36.662801868362884,8.732094827046975
meiapraia_2q,Meia Praia | 2 quartos,p25,p75,0.55,0.4,0.05,365.0,1290000.0,73273.75,29309.5,6980.0,36984.25,19350.0,7896.23,64500.0,1381746.23,2.6766311495563118,37.36039611456228,8.732094827046975
meiapraia_2q,Meia Praia | 2 quartos,p25,p75,0.55,0.4,0.08,365.0,1290000.0,73273.75,29309.5,6980.0,36984.25,19350.0,7896.23,103200.0,1420446.23,2.6037064423058096,38.40678748386137,8.732094827046975
meiapraia_2q,Meia Praia | 2 quartos,p25,p75,0.7,0.2,0.03,365.0,1290000.0,93257.5,18651.5,6980.0,67626.0,19350.0,7896.23,38700.0,1355946.23,4.987365907569949,20.050664389436015,6.549071120285231
meiapraia_2q,Meia Praia | 2 quartos,p25,p75,0.7,0.2,0.05,365.0,1290000.0,93257.5,18651.5,6980.0,67626.0,19350.0,7896.23,64500.0,1381746.23,4.894241687201854,20.4321744595274,6.549071120285231
meiapraia_2q,Meia Praia | 2 quartos,p25,p75,0.7,0.2,0.08,365.0,1290000.0,93257.5,18651.5,6980.0,67626.0,19350.0,7896.23,103200.0,1420446.23,4.760898270679348,21.004439564664477,6.549071120285231
meiapraia_2q,Meia Praia | 2 quartos,p25,p75,0.7,0.3,0.03,365.0,1290000.0,93257.5,27977.25,6980.0,58300.25,19350.0,7896.23,38700.0,1355946.23,4.299598959761111,23.25798311327996,7.484652708897407
meiapraia_2q,Meia Praia | 2 quartos,p25,p75,0.7,0.3,0.05,365.0,1290000.0,93257.5,27977.25,6980.0,58300.25,19350.0,7896.23,64500.0,1381746.23,4.219316740961906,23.700519809091727,7.484652708897407
meiapraia_2q,Meia Praia | 2 quartos,p25,p75,0.7,0.3,0.08,365.0,1290000.0,93257.5,27977.25,6980.0,58300.25,19350.0,7896.23,103200.0,1420446.23,4.104361627261315,24.36432485280938,7.484652708897407
meiapraia_2q,Meia Praia | 2 quartos,p25,p75,0.7,0.4,0.03,365.0,1290000.0,93257.5,37303.0,6980.0,48974.5,19350.0,7896.23,38700.0,1355946.23,3.6118320119522735,27.68678046738609,8.732094827046975
meiapraia_2q,Meia Praia | 2 quartos,p25,p75,0.7,0.4,0.05,365.0,1290000.0,93257.5,37303.0,6980.0,48974.5,19350.0,7896.23,64500.0,1381746.23,3.5443917947219585,28.21358523313153,8.732094827046975
meiapraia_2q,Meia Praia | 2 quartos,p25,p75,0.7,0.4,0.08,365.0,1290000.0,93257.5,37303.0,6980.0,48974.5,19350.0,7896.23,103200.0,1420446.23,3.4478249838432813,29.003792381749687,8.732094827046975
meiapraia_2q,Meia Praia | 2 quartos,mediana,p25,0.4,0.2,0.03,450.0,912850.0,65700.0,13140.0,6980.0,45580.0,13692.75,6914.39,27385.5,960842.64,4.743752837613451,21.080356296621325,5.312024353120243
meiapraia_2q,Meia Praia | 2 quartos,mediana,p25,0.4,0.2,0.05,450.0,912850.0,65700.0,13140.0,6980.0,45580.0,13692.75,6914.39,45642.5,979099.64,4.655297391387051,21.480904782799474,5.312024353120243
meiapraia_2q,Meia Praia | 2 quartos,mediana,p25,0.4,0.2,0.08,450.0,912850.0,65700.0,13140.0,6980.0,45580.0,13692.75,6914.39,73028.0,1006485.14,4.5286311927069285,22.081727512066696,5.312024353120243
meiapraia_2q,Meia Praia | 2 quartos,mediana,p25,0.4,0.3,0.03,450.0,912850.0,65700.0,19710.0,6980.0,39010.0,13692.75,6914.39,27385.5,960842.64,4.05997802095877,24.630675211484235,6.070884974994565
meiapraia_2q,Meia Praia | 2 quartos,mediana,p25,0.4,0.3,0.05,450.0,912850.0,65700.0,19710.0,6980.0,39010.0,13692.75,6914.39,45642.5,979099.64,3.984272734489005,25.0986834145091,6.070884974994565
meiapraia_2q,Meia Praia | 2 quartos,mediana,p25,0.4,0.3,0.08,450.0,912850.0,65700.0,19710.0,6980.0,39010.0,13692.75,6914.39,73028.0,1006485.14,3.875864476250489,25.8006957190464,6.070884974994565
meiapraia_2q,Meia Praia | 2 quartos,mediana,p25,0.4,0.4,0.03,450.0,912850.0,65700.0,26280.0,6980.0,32440.0,13692.75,6914.39,27385.5,960842.64,3.3762032043040886,29.619070283600493,7.082699137493657
meiapraia_2q,Meia Praia | 2 quartos,mediana,p25,0.4,0.4,0.05,450.0,912850.0,65700.0,26280.0,6980.0,32440.0,13692.75,6914.39,45642.5,979099.64,3.313248077590959,30.18186313193588,7.082699137493657
meiapraia_2q,Meia Praia | 2 quartos,mediana,p25,0.4,0.4,0.08,450.0,912850.0,65700.0,26280.0,6980.0,32440.0,13692.75,6914.39,73028.0,1006485.14,3.223097759794049,31.026052404438964,7.082699137493657
meiapraia_2q,Meia Praia | 2 quartos,mediana,p25,0.55,0.2,0.03,450.0,912850.0,90337.50000000001,18067.500000000004,6980.0,65290.000000000015,13692.75,6914.39,27385.5,960842.64,6.795077287577497,14.71653606984224,5.312024353120243
meiapraia_2q,Meia Praia | 2 quartos,mediana,p25,0.55,0.2,0.05,450.0,912850.0,90337.50000000001,18067.500000000004,6980.0,65290.000000000015,13692.75,6914.39,45642.5,979099.64,6.668371362081188,14.996165415837032,5.312024353120243
meiapraia_2q,Meia Praia | 2 quartos,mediana,p25,0.55,0.2,0.08,450.0,912850.0,90337.50000000001,18067.500000000004,6980.0,65290.000000000015,13692.75,6914.39,73028.0,1006485.14,6.486931342076249,15.41560943482922,5.312024353120243
meiapraia_2q,Meia Praia | 2 quartos,mediana,p25,0.55,0.3,0.03,450.0,912850.0,90337.50000000001,27101.250000000004,6980.0,56256.250000000015,13692.75,6914.39,27385.5,960842.64,5.85488691467731,17.07974918342406,6.070884974994565
meiapraia_2q,Meia Praia | 2 quartos,mediana,p25,0.55,0.3,0.05,450.0,912850.0,90337.50000000001,27101.250000000004,6980.0,56256.250000000015,13692.75,6914.39,45642.5,979099.64,5.745712458846375,17.40428201310965,6.070884974994565
meiapraia_2q,Meia Praia | 2 quartos,mediana,p25,0.55,0.3,0.08,450.0,912850.0,90337.50000000001,27101.250000000004,6980.0,56256.250000000015,13692.75,6914.39,73028.0,1006485.14,5.589377106948644,17.891081257638035,6.070884974994565
meiapraia_2q,Meia Praia | 2 quartos,mediana,p25,0.55,0.4,0.03,450.0,912850.0,90337.50000000001,36135.00000000001,6980.0,47222.50000000001,13692.75,6914.39,27385.5,960842.64,4.914696541777123,20.34713621684578,7.082699137493657
meiapraia_2q,Meia Praia | 2 quartos,mediana,p25,0.55,0.4,0.05,450.0,912850.0,90337.50000000001,36135.00000000001,6980.0,47222.50000000001,13692.75,6914.39,45642.5,979099.64,4.823053555611563,20.733752766160197,7.082699137493657
meiapraia_2q,Meia Praia | 2 quartos,mediana,p25,0.55,0.4,0.08,450.0,912850.0,90337.50000000001,36135.00000000001,6980.0,47222.50000000001,13692.75,6914.39,73028.0,1006485.14,4.6918228718210395,21.31367759013182,7.082699137493657
meiapraia_2q,Meia Praia | 2 quartos,mediana,p25,0.7,0.2,0.03,450.0,912850.0,114974.99999999999,22995.0,6980.0,84999.99999999999,13692.75,6914.39,27385.5,960842.64,8.84640173754154,11.304031058823531,5.312024353120243
meiapraia_2q,Meia Praia | 2 quartos,mediana,p25,0.7,0.2,0.05,450.0,912850.0,114974.99999999999,22995.0,6980.0,84999.99999999999,13692.75,6914.39,45642.5,979099.64,8.681445332775322,11.51881929411765,5.312024353120243
meiapraia_2q,Meia Praia | 2 quartos,mediana,p25,0.7,0.2,0.08,450.0,912850.0,114974.99999999999,22995.0,6980.0,84999.99999999999,13692.75,6914.39,73028.0,1006485.14,8.445231491445565,11.841001647058826,5.312024353120243
meiapraia_2q,Meia Praia | 2 quartos,mediana,p25,0.7,0.3,0.03,450.0,912850.0,114974.99999999999,34492.49999999999,6980.0,73502.5,13692.75,6914.39,27385.5,960842.64,7.649795808395847,13.072244345430427,6.070884974994565
meiapraia_2q,Meia Praia | 2 quartos,mediana,p25,0.7,0.3,0.05,450.0,912850.0,114974.99999999999,34492.49999999999,6980.0,73502.5,13692.75,6914.39,45642.5,979099.64,7.507152183203744,13.320630454746437,6.070884974994565
meiapraia_2q,Meia Praia | 2 quartos,mediana,p25,0.7,0.3,0.08,450.0,912850.0,114974.99999999999,34492.49999999999,6980.0,73502.5,13692.75,6914.39,73028.0,1006485.14,7.302889737646797,13.693209618720452,6.070884974994565
meiapraia_2q,Meia Praia | 2 quartos,mediana,p25,0.7,0.4,0.03,450.0,912850.0,114974.99999999999,45990.0,6980.0,62004.999999999985,13692.75,6914.39,27385.5,960842.64,6.453189879250153,15.496212240948314,7.082699137493657
meiapraia_2q,Meia Praia | 2 quartos,mediana,p25,0.7,0.4,0.05,450.0,912850.0,114974.99999999999,45990.0,6980.0,62004.999999999985,13692.75,6914.39,45642.5,979099.64,6.332859033632163,15.790656237400214,7.082699137493657
meiapraia_2q,Meia Praia | 2 quartos,mediana,p25,0.7,0.4,0.08,450.0,912850.0,114974.99999999999,45990.0,6980.0,62004.999999999985,13692.75,6914.39,73028.0,1006485.14,6.160547983848026,16.23232223207806,7.082699137493657
meiapraia_2q,Meia Praia | 2 quartos,mediana,mediana,0.4,0.2,0.03,450.0,1080000.0,65700.0,13140.0,6980.0,45580.0,16200.0,7405.3099999999995,32400.0,1136005.31,4.012305188960781,24.923328433523476,5.312024353120243
meiapraia_2q,Meia Praia | 2 quartos,mediana,mediana,0.4,0.2,0.05,450.0,1080000.0,65700.0,13140.0,6980.0,45580.0,16200.0,7405.3099999999995,54000.0,1157605.31,3.937438745853714,25.397220491443615,5.312024353120243
meiapraia_2q,Meia Praia | 2 quartos,mediana,mediana,0.4,0.2,0.08,450.0,1080000.0,65700.0,13140.0,6980.0,45580.0,16200.0,7405.3099999999995,86400.0,1190005.31,3.830235009623612,26.108058578323828,5.312024353120243
meiapraia_2q,Meia Praia | 2 quartos,mediana,mediana,0.4,0.3,0.03,450.0,1080000.0,65700.0,19710.0,6980.0,39010.0,16200.0,7405.3099999999995,32400.0,1136005.31,3.4339628218815275,29.12087439118175,6.070884974994565
meiapraia_2q,Meia Praia | 2 quartos,mediana,mediana,0.4,0.3,0.05,450.0,1080000.0,65700.0,19710.0,6980.0,39010.0,16200.0,7405.3099999999995,54000.0,1157605.31,3.3698877901657167,29.67457856959754,6.070884974994565
meiapraia_2q,Meia Praia | 2 quartos,mediana,mediana,0.4,0.3,0.08,450.0,1080000.0,65700.0,19710.0,6980.0,39010.0,16200.0,7405.3099999999995,86400.0,1190005.31,3.278136632852504,30.505134837221227,6.070884974994565
meiapraia_2q,Meia Praia | 2 quartos,mediana,mediana,0.4,0.4,0.03,450.0,1080000.0,65700.0,26280.0,6980.0,32440.0,16200.0,7405.3099999999995,32400.0,1136005.31,2.8556204548022754,35.01865937114673,7.082699137493657
meiapraia_2q,Meia Praia | 2 quartos,mediana,mediana,0.4,0.4,0.05,450.0,1080000.0,65700.0,26280.0,6980.0,32440.0,16200.0,7405.3099999999995,54000.0,1157605.31,2.80233683447772,35.684504007398274,7.082699137493657
meiapraia_2q,Meia Praia | 2 quartos,mediana,mediana,0.4,0.4,0.08,450.0,1080000.0,65700.0,26280.0,6980.0,32440.0,16200.0,7405.3099999999995,86400.0,1190005.31,2.726038256081395,36.683270961775584,7.082699137493657
meiapraia_2q,Meia Praia | 2 quartos,mediana,mediana,0.55,0.2,0.03,450.0,1080000.0,90337.50000000001,18067.500000000004,6980.0,65290.000000000015,16200.0,7405.3099999999995,32400.0,1136005.31,5.747332290198539,17.399376780517688,5.312024353120243
meiapraia_2q,Meia Praia | 2 quartos,mediana,mediana,0.55,0.2,0.05,450.0,1080000.0,90337.50000000001,18067.500000000004,6980.0,65290.000000000015,16200.0,7405.3099999999995,54000.0,1157605.31,5.640091612917706,17.730208454587224,5.312024353120243
meiapraia_2q,Meia Praia | 2 quartos,mediana,mediana,0.55,0.2,0.08,450.0,1080000.0,90337.50000000001,18067.500000000004,6980.0,65290.000000000015,16200.0,7405.3099999999995,86400.0,1190005.31,5.4865301399369395,18.226455965691528,5.312024353120243
meiapraia_2q,Meia Praia | 2 quartos,mediana,mediana,0.55,0.3,0.03,450.0,1080000.0,90337.50000000001,27101.250000000004,6980.0,56256.250000000015,16200.0,7405.3099999999995,32400.0,1136005.31,4.952111535464566,20.19340624375069,6.070884974994565
meiapraia_2q,Meia Praia | 2 quartos,mediana,mediana,0.55,0.3,0.05,450.0,1080000.0,90337.50000000001,27101.250000000004,6980.0,56256.250000000015,16200.0,7405.3099999999995,54000.0,1157605.31,4.85970904884671,20.577363581824237,6.070884974994565
meiapraia_2q,Meia Praia | 2 quartos,mediana,mediana,0.55,0.3,0.08,450.0,1080000.0,90337.50000000001,27101.250000000004,6980.0,56256.250000000015,16200.0,7405.3099999999995,86400.0,1190005.31,4.727394871876665,21.15329958893456,6.070884974994565
meiapraia_2q,Meia Praia | 2 quartos,mediana,mediana,0.55,0.4,0.03,450.0,1080000.0,90337.50000000001,36135.00000000001,6980.0,47222.50000000001,16200.0,7405.3099999999995,32400.0,1136005.31,4.156890780730594,24.056441526814545,7.082699137493657
meiapraia_2q,Meia Praia | 2 quartos,mediana,mediana,0.55,0.4,0.05,450.0,1080000.0,90337.50000000001,36135.00000000001,6980.0,47222.50000000001,16200.0,7405.3099999999995,54000.0,1157605.31,4.079326484775714,24.513850600878815,7.082699137493657
meiapraia_2q,Meia Praia | 2 quartos,mediana,mediana,0.55,0.4,0.08,450.0,1080000.0,90337.50000000001,36135.00000000001,6980.0,47222.50000000001,16200.0,7405.3099999999995,86400.0,1190005.31,3.9682596038163904,25.19996421197522,7.082699137493657
meiapraia_2q,Meia Praia | 2 quartos,mediana,mediana,0.7,0.2,0.03,450.0,1080000.0,114974.99999999999,22995.0,6980.0,84999.99999999999,16200.0,7405.3099999999995,32400.0,1136005.31,7.482359391436294,13.36476835294118,5.312024353120243
meiapraia_2q,Meia Praia | 2 quartos,mediana,mediana,0.7,0.2,0.05,450.0,1080000.0,114974.99999999999,22995.0,6980.0,84999.99999999999,16200.0,7405.3099999999995,54000.0,1157605.31,7.342744479981694,13.618886000000003,5.312024353120243
meiapraia_2q,Meia Praia | 2 quartos,mediana,mediana,0.7,0.2,0.08,450.0,1080000.0,114974.99999999999,22995.0,6980.0,84999.99999999999,16200.0,7405.3099999999995,86400.0,1190005.31,7.142825270250263,14.000062470588238,5.312024353120243
meiapraia_2q,Meia Praia | 2 quartos,mediana,mediana,0.7,0.3,0.03,450.0,1080000.0,114974.99999999999,34492.49999999999,6980.0,73502.5,16200.0,7405.3099999999995,32400.0,1136005.31,6.4702602490476036,15.45532886636509,6.070884974994565
meiapraia_2q,Meia Praia | 2 quartos,mediana,mediana,0.7,0.3,0.05,450.0,1080000.0,114974.99999999999,34492.49999999999,6980.0,73502.5,16200.0,7405.3099999999995,54000.0,1157605.31,6.349530307527701,15.749196421890412,6.070884974994565
meiapraia_2q,Meia Praia | 2 quartos,mediana,mediana,0.7,0.3,0.08,450.0,1080000.0,114974.99999999999,34492.49999999999,6980.0,73502.5,16200.0,7405.3099999999995,86400.0,1190005.31,6.176653110900824,16.189997755178396,6.070884974994565
meiapraia_2q,Meia Praia | 2 quartos,mediana,mediana,0.7,0.4,0.03,450.0,1080000.0,114974.99999999999,45990.0,6980.0,62004.999999999985,16200.0,7405.3099999999995,32400.0,1136005.31,5.458161106658911,18.321188775098786,7.082699137493657
meiapraia_2q,Meia Praia | 2 quartos,mediana,mediana,0.7,0.4,0.05,450.0,1080000.0,114974.99999999999,45990.0,6980.0,62004.999999999985,16200.0,7405.3099999999995,54000.0,1157605.31,5.356316135073705,18.669547778404972,7.082699137493657
meiapraia_2q,Meia Praia | 2 quartos,mediana,mediana,0.7,0.4,0.08,450.0,1080000.0,114974.99999999999,45990.0,6980.0,62004.999999999985,16200.0,7405.3099999999995,86400.0,1190005.31,5.210480951551383,19.19208628336425,7.082699137493657
meiapraia_2q,Meia Praia | 2 quartos,mediana,p75,0.4,0.2,0.03,450.0,1290000.0,65700.0,13140.0,6980.0,45580.0,19350.0,7896.23,38700.0,1355946.23,3.361490226644164,29.74871061869241,5.312024353120243
meiapraia_2q,Meia Praia | 2 quartos,mediana,p75,0.4,0.2,0.05,450.0,1290000.0,65700.0,13140.0,6980.0,45580.0,19350.0,7896.23,64500.0,1381746.23,3.2987243974604517,30.314748354541464,5.312024353120243
meiapraia_2q,Meia Praia | 2 quartos,mediana,p75,0.4,0.2,0.08,450.0,1290000.0,65700.0,13140.0,6980.0,45580.0,19350.0,7896.23,103200.0,1420446.23,3.208850784869203,31.16380495831505,5.312024353120243
meiapraia_2q,Meia Praia | 2 quartos,mediana,p75,0.4,0.3,0.03,450.0,1290000.0,65700.0,19710.0,6980.0,39010.0,19350.0,7896.23,38700.0,1355946.23,2.8769577389510497,34.75893950269162,6.070884974994565
meiapraia_2q,Meia Praia | 2 quartos,mediana,p75,0.4,0.3,0.05,450.0,1290000.0,65700.0,19710.0,6980.0,39010.0,19350.0,7896.23,64500.0,1381746.23,2.8232391124381793,35.42030838246603,6.070884974994565
meiapraia_2q,Meia Praia | 2 quartos,mediana,p75,0.4,0.3,0.08,450.0,1290000.0,65700.0,19710.0,6980.0,39010.0,19350.0,7896.23,103200.0,1420446.23,2.746320077177437,36.41236170212766,6.070884974994565
meiapraia_2q,Meia Praia | 2 quartos,mediana,p75,0.4,0.4,0.03,450.0,1290000.0,65700.0,26280.0,6980.0,32440.0,19350.0,7896.23,38700.0,1355946.23,2.3924252512579356,41.79858908754624,7.082699137493657
meiapraia_2q,Meia Praia | 2 quartos,mediana,p75,0.4,0.4,0.05,450.0,1290000.0,65700.0,26280.0,6980.0,32440.0,19350.0,7896.23,64500.0,1381746.23,2.347753827415907,42.59390351418003,7.082699137493657
meiapraia_2q,Meia Praia | 2 quartos,mediana,p75,0.4,0.4,0.08,450.0,1290000.0,65700.0,26280.0,6980.0,32440.0,19350.0,7896.23,103200.0,1420446.23,2.2837893694856723,43.786875154130705,7.082699137493657
meiapraia_2q,Meia Praia | 2 quartos,mediana,p75,0.55,0.2,0.03,450.0,1290000.0,90337.50000000001,18067.500000000004,6980.0,65290.000000000015,19350.0,7896.23,38700.0,1355946.23,4.815087689723509,20.76805376014703,5.312024353120243
meiapraia_2q,Meia Praia | 2 quartos,mediana,p75,0.55,0.2,0.05,450.0,1290000.0,90337.50000000001,18067.500000000004,6980.0,65290.000000000015,19350.0,7896.23,64500.0,1381746.23,4.725180252527269,21.163213815285644,5.312024353120243
meiapraia_2q,Meia Praia | 2 quartos,mediana,p75,0.55,0.2,0.08,450.0,1290000.0,90337.50000000001,18067.500000000004,6980.0,65290.000000000015,19350.0,7896.23,103200.0,1420446.23,4.5964429079445,21.75595389799356,5.312024353120243
meiapraia_2q,Meia Praia | 2 quartos,mediana,p75,0.55,0.3,0.03,450.0,1290000.0,90337.50000000001,27101.250000000004,6980.0,56256.250000000015,19350.0,7896.23,38700.0,1355946.23,4.148855519145476,24.10303264081768,6.070884974994565
meiapraia_2q,Meia Praia | 2 quartos,mediana,p75,0.55,0.3,0.05,450.0,1290000.0,90337.50000000001,27101.250000000004,6980.0,56256.250000000015,19350.0,7896.23,64500.0,1381746.23,4.071387985621644,24.561648350183308,6.070884974994565
meiapraia_2q,Meia Praia | 2 quartos,mediana,p75,0.55,0.3,0.08,450.0,1290000.0,90337.50000000001,27101.250000000004,6980.0,56256.250000000015,19350.0,7896.23,103200.0,1420446.23,3.9604631848683223,25.249571914231744,6.070884974994565
meiapraia_2q,Meia Praia | 2 quartos,mediana,p75,0.55,0.4,0.03,450.0,1290000.0,90337.50000000001,36135.00000000001,6980.0,47222.50000000001,19350.0,7896.23,38700.0,1355946.23,3.4826233485674436,28.71398655302027,7.082699137493657
meiapraia_2q,Meia Praia | 2 quartos,mediana,p75,0.55,0.4,0.05,450.0,1290000.0,90337.50000000001,36135.00000000001,6980.0,47222.50000000001,19350.0,7896.23,64500.0,1381746.23,3.4175957187160195,29.260336280374815,7.082699137493657
meiapraia_2q,Meia Praia | 2 quartos,mediana,p75,0.55,0.4,0.08,450.0,1290000.0,90337.50000000001,36135.00000000001,6980.0,47222.50000000001,19350.0,7896.23,103200.0,1420446.23,3.3244834617921444,30.079860871406634,7.082699137493657
meiapraia_2q,Meia Praia | 2 quartos,mediana,p75,0.7,0.2,0.03,450.0,1290000.0,114974.99999999999,22995.0,6980.0,84999.99999999999,19350.0,7896.23,38700.0,1355946.23,6.26868515280285,15.952308588235297,5.312024353120243
meiapraia_2q,Meia Praia | 2 quartos,mediana,p75,0.7,0.2,0.05,450.0,1290000.0,114974.99999999999,22995.0,6980.0,84999.99999999999,19350.0,7896.23,64500.0,1381746.23,6.151636107594083,16.255838000000004,5.312024353120243
meiapraia_2q,Meia Praia | 2 quartos,mediana,p75,0.7,0.2,0.08,450.0,1290000.0,114974.99999999999,22995.0,6980.0,84999.99999999999,19350.0,7896.23,103200.0,1420446.23,5.984035031019793,16.71113211764706,5.312024353120243
meiapraia_2q,Meia Praia | 2 quartos,mediana,p75,0.7,0.3,0.03,450.0,1290000.0,114974.99999999999,34492.49999999999,6980.0,73502.5,19350.0,7896.23,38700.0,1355946.23,5.420753299339901,18.44762055712391,6.070884974994565
meiapraia_2q,Meia Praia | 2 quartos,mediana,p75,0.7,0.3,0.05,450.0,1290000.0,114974.99999999999,34492.49999999999,6980.0,73502.5,19350.0,7896.23,64500.0,1381746.23,5.319536858805108,18.798629026223598,6.070884974994565
meiapraia_2q,Meia Praia | 2 quartos,mediana,p75,0.7,0.3,0.08,450.0,1290000.0,114974.99999999999,34492.49999999999,6980.0,73502.5,19350.0,7896.23,103200.0,1420446.23,5.174606292559205,19.325141729873135,6.070884974994565
meiapraia_2q,Meia Praia | 2 quartos,mediana,p75,0.7,0.4,0.03,450.0,1290000.0,114974.99999999999,45990.0,6980.0,62004.999999999985,19350.0,7896.23,38700.0,1355946.23,4.57282144587695,21.86833690831385,7.082699137493657
meiapraia_2q,Meia Praia | 2 quartos,mediana,p75,0.7,0.4,0.05,450.0,1290000.0,114974.99999999999,45990.0,6980.0,62004.999999999985,19350.0,7896.23,64500.0,1381746.23,4.48743761001613,22.28443238448513,7.082699137493657
meiapraia_2q,Meia Praia | 2 quartos,mediana,p75,0.7,0.4,0.08,450.0,1290000.0,114974.99999999999,45990.0,6980.0,62004.999999999985,19350.0,7896.23,103200.0,1420446.23,4.365177554098615,22.908575598742043,7.082699137493657
meiapraia_2q,Meia Praia | 2 quartos,p75,p25,0.4,0.2,0.03,585.0,912850.0,85410.0,17082.0,6980.0,61348.0,13692.75,6914.39,27385.5,960842.64,6.384812397584687,15.662167307817697,4.086172579323264
meiapraia_2q,Meia Praia | 2 quartos,p75,p25,0.4,0.2,0.05,585.0,912850.0,85410.0,17082.0,6980.0,61348.0,13692.75,6914.39,45642.5,979099.64,6.2657565679423595,15.959764621503554,4.086172579323264
meiapraia_2q,Meia Praia | 2 quartos,p75,p25,0.4,0.2,0.08,585.0,912850.0,85410.0,17082.0,6980.0,61348.0,13692.75,6914.39,73028.0,1006485.14,6.095271312202383,16.40616059203234,4.086172579323264
meiapraia_2q,Meia Praia | 2 quartos,p75,p25,0.4,0.3,0.03,585.0,912850.0,85410.0,25623.0,6980.0,52807.0,13692.75,6914.39,27385.5,960842.64,5.495905135933601,18.195365008426915,4.669911519226588
meiapraia_2q,Meia Praia | 2 quartos,p75,p25,0.4,0.3,0.05,585.0,912850.0,85410.0,25623.0,6980.0,52807.0,13692.75,6914.39,45642.5,979099.64,5.3934245139749,18.541095688071657,4.669911519226588
meiapraia_2q,Meia Praia | 2 quartos,p75,p25,0.4,0.3,0.08,585.0,912850.0,85410.0,25623.0,6980.0,52807.0,13692.75,6914.39,73028.0,1006485.14,5.246674580809012,19.059691707538775,4.669911519226588
meiapraia_2q,Meia Praia | 2 quartos,p75,p25,0.4,0.4,0.03,585.0,912850.0,85410.0,34164.0,6980.0,44266.0,13692.75,6914.39,27385.5,960842.64,4.6069978742825155,21.706109429358875,5.4482301057643525
meiapraia_2q,Meia Praia | 2 quartos,p75,p25,0.4,0.4,0.05,585.0,912850.0,85410.0,34164.0,6980.0,44266.0,13692.75,6914.39,45642.5,979099.64,4.521092460007441,22.118547869696833,5.4482301057643525
meiapraia_2q,Meia Praia | 2 quartos,p75,p25,0.4,0.4,0.08,585.0,912850.0,85410.0,34164.0,6980.0,44266.0,13692.75,6914.39,73028.0,1006485.14,4.398077849415641,22.73720553020377,5.4482301057643525
meiapraia_2q,Meia Praia | 2 quartos,p75,p25,0.55,0.2,0.03,585.0,912850.0,117438.75000000001,23487.750000000004,6980.0,86971.00000000001,13692.75,6914.39,27385.5,960842.64,9.051534182537946,11.047850892826343,4.086172579323264
meiapraia_2q,Meia Praia | 2 quartos,p75,p25,0.55,0.2,0.05,585.0,912850.0,117438.75000000001,23487.750000000004,6980.0,86971.00000000001,13692.75,6914.39,45642.5,979099.64,8.88275272984474,11.257771441055063,4.086172579323264
meiapraia_2q,Meia Praia | 2 quartos,p75,p25,0.55,0.2,0.08,585.0,912850.0,117438.75000000001,23487.750000000004,6980.0,86971.00000000001,13692.75,6914.39,73028.0,1006485.14,8.6410615063825,11.572652263398142,4.086172579323264
meiapraia_2q,Meia Praia | 2 quartos,p75,p25,0.55,0.3,0.03,585.0,912850.0,117438.75000000001,35231.625,6980.0,75227.12500000001,13692.75,6914.39,27385.5,960842.64,7.829286697767703,12.772555643991444,4.669911519226588
meiapraia_2q,Meia Praia | 2 quartos,p75,p25,0.55,0.3,0.05,585.0,912850.0,117438.75000000001,35231.625,6980.0,75227.12500000001,13692.75,6914.39,45642.5,979099.64,7.683296155639482,13.015247359247077,4.669911519226588
meiapraia_2q,Meia Praia | 2 quartos,p75,p25,0.55,0.3,0.08,585.0,912850.0,117438.75000000001,35231.625,6980.0,75227.12500000001,13692.75,6914.39,73028.0,1006485.14,7.474241000716614,13.37928493213053,4.669911519226588
meiapraia_2q,Meia Praia | 2 quartos,p75,p25,0.55,0.4,0.03,585.0,912850.0,117438.75000000001,46975.50000000001,6980.0,63483.25,13692.75,6914.39,27385.5,960842.64,6.607039212997458,15.135372558903333,5.4482301057643525
meiapraia_2q,Meia Praia | 2 quartos,p75,p25,0.55,0.4,0.05,585.0,912850.0,117438.75000000001,46975.50000000001,6980.0,63483.25,13692.75,6914.39,45642.5,979099.64,6.483839581434224,15.42296022966688,5.4482301057643525
meiapraia_2q,Meia Praia | 2 quartos,p75,p25,0.55,0.4,0.08,585.0,912850.0,117438.75000000001,46975.50000000001,6980.0,63483.25,13692.75,6914.39,73028.0,1006485.14,6.307420495050726,15.854341735812202,5.4482301057643525
meiapraia_2q,Meia Praia | 2 quartos,p75,p25,0.7,0.2,0.03,585.0,912850.0,149467.5,29893.5,6980.0,112594.0,13692.75,6914.39,27385.5,960842.64,11.718255967491201,8.533693091994245,4.086172579323264
meiapraia_2q,Meia Praia | 2 quartos,p75,p25,0.7,0.2,0.05,585.0,912850.0,149467.5,29893.5,6980.0,112594.0,13692.75,6914.39,45642.5,979099.64,11.499748891747116,8.695842051974351,4.086172579323264
meiapraia_2q,Meia Praia | 2 quartos,p75,p25,0.7,0.2,0.08,585.0,912850.0,149467.5,29893.5,6980.0,112594.0,13692.75,6914.39,73028.0,1006485.14,11.186851700562613,8.93906549194451,4.086172579323264
meiapraia_2q,Meia Praia | 2 quartos,p75,p25,0.7,0.3,0.03,585.0,912850.0,149467.5,44840.25,6980.0,97647.25,13692.75,6914.39,27385.5,960842.64,10.162668259601801,9.839935482054026,4.669911519226588
meiapraia_2q,Meia Praia | 2 quartos,p75,p25,0.7,0.3,0.05,585.0,912850.0,149467.5,44840.25,6980.0,97647.25,13692.75,6914.39,45642.5,979099.64,9.973167797304061,10.02690439310887,4.669911519226588
meiapraia_2q,Meia Praia | 2 quartos,p75,p25,0.7,0.3,0.08,585.0,912850.0,149467.5,44840.25,6980.0,97647.25,13692.75,6914.39,73028.0,1006485.14,9.701807420624213,10.307357759691133,4.669911519226588
meiapraia_2q,Meia Praia | 2 quartos,p75,p25,0.7,0.4,0.03,585.0,912850.0,149467.5,59787.0,6980.0,82700.5,13692.75,6914.39,27385.5,960842.64,8.607080551712402,11.618341364320651,5.4482301057643525
meiapraia_2q,Meia Praia | 2 quartos,p75,p25,0.7,0.4,0.05,585.0,912850.0,149467.5,59787.0,6980.0,82700.5,13692.75,6914.39,45642.5,979099.64,8.446586702861008,11.83910181921512,5.4482301057643525
meiapraia_2q,Meia Praia | 2 quartos,p75,p25,0.7,0.4,0.08,585.0,912850.0,149467.5,59787.0,6980.0,82700.5,13692.75,6914.39,73028.0,1006485.14,8.216763140685812,12.170242501556823,5.4482301057643525
meiapraia_2q,Meia Praia | 2 quartos,p75,mediana,0.4,0.2,0.03,585.0,1080000.0,85410.0,17082.0,6980.0,61348.0,16200.0,7405.3099999999995,32400.0,1136005.31,5.400326869950986,18.517397633174678,4.086172579323264
meiapraia_2q,Meia Praia | 2 quartos,p75,mediana,0.4,0.2,0.05,585.0,1080000.0,85410.0,17082.0,6980.0,61348.0,16200.0,7405.3099999999995,54000.0,1157605.31,5.299561039504907,18.869487350850886,4.086172579323264
meiapraia_2q,Meia Praia | 2 quartos,p75,mediana,0.4,0.2,0.08,585.0,1080000.0,85410.0,17082.0,6980.0,61348.0,16200.0,7405.3099999999995,86400.0,1190005.31,5.1552711138742735,19.397621927365197,4.086172579323264
meiapraia_2q,Meia Praia | 2 quartos,p75,mediana,0.4,0.3,0.03,585.0,1080000.0,85410.0,25623.0,6980.0,52807.0,16200.0,7405.3099999999995,32400.0,1136005.31,4.648481792747957,21.51240006059803,4.669911519226588
meiapraia_2q,Meia Praia | 2 quartos,p75,mediana,0.4,0.3,0.05,585.0,1080000.0,85410.0,25623.0,6980.0,52807.0,16200.0,7405.3099999999995,54000.0,1157605.31,4.56174479711051,21.92143674134111,4.669911519226588
meiapraia_2q,Meia Praia | 2 quartos,p75,mediana,0.4,0.3,0.08,585.0,1080000.0,85410.0,25623.0,6980.0,52807.0,16200.0,7405.3099999999995,86400.0,1190005.31,4.437543224071832,22.534991762455736,4.669911519226588
meiapraia_2q,Meia Praia | 2 quartos,p75,mediana,0.4,0.4,0.03,585.0,1080000.0,85410.0,34164.0,6980.0,44266.0,16200.0,7405.3099999999995,32400.0,1136005.31,3.89663671554493,25.66315705055799,5.4482301057643525
meiapraia_2q,Meia Praia | 2 quartos,p75,mediana,0.4,0.4,0.05,585.0,1080000.0,85410.0,34164.0,6980.0,44266.0,16200.0,7405.3099999999995,54000.0,1157605.31,3.823928554716115,26.151116206569377,5.4482301057643525
meiapraia_2q,Meia Praia | 2 quartos,p75,mediana,0.4,0.4,0.08,585.0,1080000.0,85410.0,34164.0,6980.0,44266.0,16200.0,7405.3099999999995,86400.0,1190005.31,3.7198153342693905,26.883054940586455,5.4482301057643525
meiapraia_2q,Meia Praia | 2 quartos,p75,mediana,0.55,0.2,0.03,585.0,1080000.0,117438.75000000001,23487.750000000004,6980.0,86971.00000000001,16200.0,7405.3099999999995,32400.0,1136005.31,7.655862101560072,13.061886260937552,4.086172579323264
meiapraia_2q,Meia Praia | 2 quartos,p75,mediana,0.55,0.2,0.05,585.0,1080000.0,117438.75000000001,23487.750000000004,6980.0,86971.00000000001,16200.0,7405.3099999999995,54000.0,1157605.31,7.513009766688096,13.310244909222613,4.086172579323264
meiapraia_2q,Meia Praia | 2 quartos,p75,mediana,0.55,0.2,0.08,585.0,1080000.0,117438.75000000001,23487.750000000004,6980.0,86971.00000000001,16200.0,7405.3099999999995,86400.0,1190005.31,7.308454783281598,13.682782881650203,4.086172579323264
meiapraia_2q,Meia Praia | 2 quartos,p75,mediana,0.55,0.3,0.03,585.0,1080000.0,117438.75000000001,35231.625,6980.0,75227.12500000001,16200.0,7405.3099999999995,32400.0,1136005.31,6.622075120405908,15.101006585058247,4.669911519226588
meiapraia_2q,Meia Praia | 2 quartos,p75,mediana,0.55,0.3,0.05,585.0,1080000.0,117438.75000000001,35231.625,6980.0,75227.12500000001,16200.0,7405.3099999999995,54000.0,1157605.31,6.498512433395802,15.388137058275188,4.669911519226588
meiapraia_2q,Meia Praia | 2 quartos,p75,mediana,0.55,0.3,0.08,585.0,1080000.0,117438.75000000001,35231.625,6980.0,75227.12500000001,16200.0,7405.3099999999995,86400.0,1190005.31,6.321578934803242,15.8188327681006,4.669911519226588
meiapraia_2q,Meia Praia | 2 quartos,p75,mediana,0.55,0.4,0.03,585.0,1080000.0,117438.75000000001,46975.50000000001,6980.0,63483.25,16200.0,7405.3099999999995,32400.0,1136005.31,5.588288139251743,17.894567622168054,5.4482301057643525
meiapraia_2q,Meia Praia | 2 quartos,p75,mediana,0.55,0.4,0.05,585.0,1080000.0,117438.75000000001,46975.50000000001,6980.0,63483.25,16200.0,7405.3099999999995,54000.0,1157605.31,5.484015100103505,18.234814852736747,5.4482301057643525
meiapraia_2q,Meia Praia | 2 quartos,p75,mediana,0.55,0.4,0.08,585.0,1080000.0,117438.75000000001,46975.50000000001,6980.0,63483.25,16200.0,7405.3099999999995,86400.0,1190005.31,5.334703086324883,18.745185698589786,5.4482301057643525
meiapraia_2q,Meia Praia | 2 quartos,p75,mediana,0.7,0.2,0.03,585.0,1080000.0,149467.5,29893.5,6980.0,112594.0,16200.0,7405.3099999999995,32400.0,1136005.31,9.911397333169155,10.089394727960638,4.086172579323264
meiapraia_2q,Meia Praia | 2 quartos,p75,mediana,0.7,0.2,0.05,585.0,1080000.0,149467.5,29893.5,6980.0,112594.0,16200.0,7405.3099999999995,54000.0,1157605.31,9.726458493871283,10.281234435227455,4.086172579323264
meiapraia_2q,Meia Praia | 2 quartos,p75,mediana,0.7,0.2,0.08,585.0,1080000.0,149467.5,29893.5,6980.0,112594.0,16200.0,7405.3099999999995,86400.0,1190005.31,9.461638452688922,10.56899399612768,4.086172579323264
meiapraia_2q,Meia Praia | 2 quartos,p75,mediana,0.7,0.3,0.03,585.0,1080000.0,149467.5,44840.25,6980.0,97647.25,16200.0,7405.3099999999995,32400.0,1136005.31,8.595668448063856,11.63376654232454,4.669911519226588
meiapraia_2q,Meia Praia | 2 quartos,p75,mediana,0.7,0.3,0.05,585.0,1080000.0,149467.5,44840.25,6980.0,97647.25,16200.0,7405.3099999999995,54000.0,1157605.31,8.43528006968109,11.854970928520773,4.669911519226588
meiapraia_2q,Meia Praia | 2 quartos,p75,mediana,0.7,0.3,0.08,585.0,1080000.0,149467.5,44840.25,6980.0,97647.25,16200.0,7405.3099999999995,86400.0,1190005.31,8.205614645534649,12.18677750781512,4.669911519226588
meiapraia_2q,Meia Praia | 2 quartos,p75,mediana,0.7,0.4,0.03,585.0,1080000.0,149467.5,59787.0,6980.0,82700.5,16200.0,7405.3099999999995,32400.0,1136005.31,7.279939562958557,13.736377772806694,5.4482301057643525
meiapraia_2q,Meia Praia | 2 quartos,p75,mediana,0.7,0.4,0.05,585.0,1080000.0,149467.5,59787.0,6980.0,82700.5,16200.0,7405.3099999999995,54000.0,1157605.31,7.144101645490897,13.997561199750908,5.4482301057643525
meiapraia_2q,Meia Praia | 2 quartos,p75,mediana,0.7,0.4,0.08,585.0,1080000.0,149467.5,59787.0,6980.0,82700.5,16200.0,7405.3099999999995,86400.0,1190005.31,6.949590838380376,14.389336340167231,5.4482301057643525
meiapraia_2q,Meia Praia | 2 quartos,p75,p75,0.4,0.2,0.03,585.0,1290000.0,85410.0,17082.0,6980.0,61348.0,19350.0,7896.23,38700.0,1355946.23,4.5243681971076395,22.102533578926778,4.086172579323264
meiapraia_2q,Meia Praia | 2 quartos,p75,p75,0.4,0.2,0.05,585.0,1290000.0,85410.0,17082.0,6980.0,61348.0,19350.0,7896.23,64500.0,1381746.23,4.439889081513904,22.52308518615114,4.086172579323264
meiapraia_2q,Meia Praia | 2 quartos,p75,p75,0.4,0.2,0.08,585.0,1290000.0,85410.0,17082.0,6980.0,61348.0,19350.0,7896.23,103200.0,1420446.23,4.31892448332944,23.153912596987677,4.086172579323264
meiapraia_2q,Meia Praia | 2 quartos,p75,p75,0.4,0.3,0.03,585.0,1290000.0,85410.0,25623.0,6980.0,52807.0,19350.0,7896.23,38700.0,1355946.23,3.8944759631065904,25.677395610430434,4.669911519226588
meiapraia_2q,Meia Praia | 2 quartos,p75,p75,0.4,0.3,0.05,585.0,1290000.0,85410.0,25623.0,6980.0,52807.0,19350.0,7896.23,64500.0,1381746.23,3.8217582109849504,26.165967201318008,4.669911519226588
meiapraia_2q,Meia Praia | 2 quartos,p75,p75,0.4,0.3,0.08,585.0,1290000.0,85410.0,25623.0,6980.0,52807.0,19350.0,7896.23,103200.0,1420446.23,3.7176345633301446,26.898824587649365,4.669911519226588
meiapraia_2q,Meia Praia | 2 quartos,p75,p75,0.4,0.4,0.03,585.0,1290000.0,85410.0,34164.0,6980.0,44266.0,19350.0,7896.23,38700.0,1355946.23,3.2645837291055413,30.631776758686126,5.4482301057643525
meiapraia_2q,Meia Praia | 2 quartos,p75,p75,0.4,0.4,0.05,585.0,1290000.0,85410.0,34164.0,6980.0,44266.0,19350.0,7896.23,64500.0,1381746.23,3.2036273404559967,31.214616861699724,5.4482301057643525
meiapraia_2q,Meia Praia | 2 quartos,p75,p75,0.4,0.4,0.08,585.0,1290000.0,85410.0,34164.0,6980.0,44266.0,19350.0,7896.23,103200.0,1420446.23,3.1163446433308497,32.088877016220124,5.4482301057643525
meiapraia_2q,Meia Praia | 2 quartos,p75,p75,0.55,0.2,0.03,585.0,1290000.0,117438.75000000001,23487.750000000004,6980.0,86971.00000000001,19350.0,7896.23,38700.0,1355946.23,6.414044899110786,15.590785779167765,4.086172579323264
meiapraia_2q,Meia Praia | 2 quartos,p75,p75,0.55,0.2,0.05,585.0,1290000.0,117438.75000000001,23487.750000000004,6980.0,86971.00000000001,19350.0,7896.23,64500.0,1381746.23,6.294281693100768,15.887436386841587,4.086172579323264
meiapraia_2q,Meia Praia | 2 quartos,p75,p75,0.55,0.2,0.08,585.0,1290000.0,117438.75000000001,23487.750000000004,6980.0,86971.00000000001,19350.0,7896.23,103200.0,1420446.23,6.122794243327325,16.33241229835232,4.086172579323264
meiapraia_2q,Meia Praia | 2 quartos,p75,p75,0.55,0.3,0.03,585.0,1290000.0,117438.75000000001,35231.625,6980.0,75227.12500000001,19350.0,7896.23,38700.0,1355946.23,5.547943077359344,18.02469827206609,4.669911519226588
meiapraia_2q,Meia Praia | 2 quartos,p75,p75,0.55,0.3,0.05,585.0,1290000.0,117438.75000000001,35231.625,6980.0,75227.12500000001,19350.0,7896.23,64500.0,1381746.23,5.444351746123456,18.36765967063077,4.669911519226588
meiapraia_2q,Meia Praia | 2 quartos,p75,p75,0.55,0.3,0.08,585.0,1290000.0,117438.75000000001,35231.625,6980.0,75227.12500000001,19350.0,7896.23,103200.0,1420446.23,5.296020603328295,18.88210176847779,4.669911519226588
meiapraia_2q,Meia Praia | 2 quartos,p75,p75,0.55,0.4,0.03,585.0,1290000.0,117438.75000000001,46975.50000000001,6980.0,63483.25,19350.0,7896.23,38700.0,1355946.23,4.681841255607901,21.359118035072242,5.4482301057643525
meiapraia_2q,Meia Praia | 2 quartos,p75,p75,0.55,0.4,0.05,585.0,1290000.0,117438.75000000001,46975.50000000001,6980.0,63483.25,19350.0,7896.23,64500.0,1381746.23,4.594421799146143,21.765524449362626,5.4482301057643525
meiapraia_2q,Meia Praia | 2 quartos,p75,p75,0.55,0.4,0.08,585.0,1290000.0,117438.75000000001,46975.50000000001,6980.0,63483.25,19350.0,7896.23,103200.0,1420446.23,4.4692469633292635,22.375134070798204,5.4482301057643525
meiapraia_2q,Meia Praia | 2 quartos,p75,p75,0.7,0.2,0.03,585.0,1290000.0,149467.5,29893.5,6980.0,112594.0,19350.0,7896.23,38700.0,1355946.23,8.303721601113931,12.042792955219639,4.086172579323264
meiapraia_2q,Meia Praia | 2 quartos,p75,p75,0.7,0.2,0.05,585.0,1290000.0,149467.5,29893.5,6980.0,112594.0,19350.0,7896.23,64500.0,1381746.23,8.148674304687626,12.271934827788337,4.086172579323264
meiapraia_2q,Meia Praia | 2 quartos,p75,p75,0.7,0.2,0.08,585.0,1290000.0,149467.5,29893.5,6980.0,112594.0,19350.0,7896.23,103200.0,1420446.23,7.926664003325208,12.615647636641384,4.086172579323264
meiapraia_2q,Meia Praia | 2 quartos,p75,p75,0.7,0.3,0.03,585.0,1290000.0,149467.5,44840.25,6980.0,97647.25,19350.0,7896.23,38700.0,1355946.23,7.201410191612097,13.886169144548361,4.669911519226588
meiapraia_2q,Meia Praia | 2 quartos,p75,p75,0.7,0.3,0.05,585.0,1290000.0,149467.5,44840.25,6980.0,97647.25,19350.0,7896.23,64500.0,1381746.23,7.066945281261957,14.150385494727194,4.669911519226588
meiapraia_2q,Meia Praia | 2 quartos,p75,p75,0.7,0.3,0.08,585.0,1290000.0,149467.5,44840.25,6980.0,97647.25,19350.0,7896.23,103200.0,1420446.23,6.874406643326443,14.546710019995443,4.669911519226588
meiapraia_2q,Meia Praia | 2 quartos,p75,p75,0.7,0.4,0.03,585.0,1290000.0,149467.5,59787.0,6980.0,82700.5,19350.0,7896.23,38700.0,1355946.23,6.099098782110262,16.39586495849481,5.4482301057643525
meiapraia_2q,Meia Praia | 2 quartos,p75,p75,0.7,0.4,0.05,585.0,1290000.0,149467.5,59787.0,6980.0,82700.5,19350.0,7896.23,64500.0,1381746.23,5.985216257836289,16.707834051789288,5.4482301057643525
meiapraia_2q,Meia Praia | 2 quartos,p75,p75,0.7,0.4,0.08,585.0,1290000.0,149467.5,59787.0,6980.0,82700.5,19350.0,7896.23,103200.0,1420446.23,5.8221492833276765,17.175787691731006,5.4482301057643525
meiapraia_3q,Meia Praia | 3 quartos,p25,p25,0.4,0.2,0.03,500.0,1579800.0,73000.0,14600.0,8700.0,49700.0,23697.0,8632.61,47394.0,1659523.61,2.994835367241325,33.3908171026157,5.9589041095890405
meiapraia_3q,Meia Praia | 3 quartos,p25,p25,0.4,0.2,0.05,500.0,1579800.0,73000.0,14600.0,8700.0,49700.0,23697.0,8632.61,78990.0,1691119.61,2.938881419511184,34.02655150905433,5.9589041095890405
meiapraia_3q,Meia Praia | 3 quartos,p25,p25,0.4,0.2,0.08,500.0,1579800.0,73000.0,14600.0,8700.0,49700.0,23697.0,8632.61,126384.0,1738513.61,2.858763929952783,34.98015311871227,5.9589041095890405
meiapraia_3q,Meia Praia | 3 quartos,p25,p25,0.4,0.3,0.03,500.0,1579800.0,73000.0,21900.0,8700.0,42400.0,23697.0,8632.61,47394.0,1659523.61,2.5549500919724784,39.13970778301887,6.8101761252446185
meiapraia_3q,Meia Praia | 3 quartos,p25,p25,0.4,0.3,0.05,500.0,1579800.0,73000.0,21900.0,8700.0,42400.0,23697.0,8632.61,78990.0,1691119.61,2.507214732138314,39.88489646226415,6.8101761252446185
meiapraia_3q,Meia Praia | 3 quartos,p25,p25,0.4,0.3,0.08,500.0,1579800.0,73000.0,21900.0,8700.0,42400.0,23697.0,8632.61,126384.0,1738513.61,2.4388650026156538,41.00267948113208,6.8101761252446185
meiapraia_3q,Meia Praia | 3 quartos,p25,p25,0.4,0.4,0.03,500.0,1579800.0,73000.0,29200.0,8700.0,35100.0,23697.0,8632.61,47394.0,1659523.61,2.115064816703632,47.27987492877493,7.9452054794520555
meiapraia_3q,Meia Praia | 3 quartos,p25,p25,0.4,0.4,0.05,500.0,1579800.0,73000.0,29200.0,8700.0,35100.0,23697.0,8632.61,78990.0,1691119.61,2.0755480447654437,48.180045868945875,7.9452054794520555
meiapraia_3q,Meia Praia | 3 quartos,p25,p25,0.4,0.4,0.08,500.0,1579800.0,73000.0,29200.0,8700.0,35100.0,23697.0,8632.61,126384.0,1738513.61,2.018966075278525,49.53030227920228,7.9452054794520555
meiapraia_3q,Meia Praia | 3 quartos,p25,p25,0.55,0.2,0.03,500.0,1579800.0,100375.00000000001,20075.000000000004,8700.0,71600.00000000001,23697.0,8632.61,47394.0,1659523.61,4.314491193047866,23.177704050279328,5.9589041095890405
meiapraia_3q,Meia Praia | 3 quartos,p25,p25,0.55,0.2,0.05,500.0,1579800.0,100375.00000000001,20075.000000000004,8700.0,71600.00000000001,23697.0,8632.61,78990.0,1691119.61,4.233881481629795,23.618988966480444,5.9589041095890405
meiapraia_3q,Meia Praia | 3 quartos,p25,p25,0.55,0.2,0.08,500.0,1579800.0,100375.00000000001,20075.000000000004,8700.0,71600.00000000001,23697.0,8632.61,126384.0,1738513.61,4.118460711964171,24.28091634078212,5.9589041095890405
meiapraia_3q,Meia Praia | 3 quartos,p25,p25,0.55,0.3,0.03,500.0,1579800.0,100375.00000000001,30112.500000000004,8700.0,61562.500000000015,23697.0,8632.61,47394.0,1659523.61,3.709648939553202,26.956728690355327,6.8101761252446185
meiapraia_3q,Meia Praia | 3 quartos,p25,p25,0.55,0.3,0.05,500.0,1579800.0,100375.00000000001,30112.500000000004,8700.0,61562.500000000015,23697.0,8632.61,78990.0,1691119.61,3.6403397864920986,27.469963208121822,6.8101761252446185
meiapraia_3q,Meia Praia | 3 quartos,p25,p25,0.55,0.3,0.08,500.0,1579800.0,100375.00000000001,30112.500000000004,8700.0,61562.500000000015,23697.0,8632.61,126384.0,1738513.61,3.5410996868756186,28.23981498477157,6.8101761252446185
meiapraia_3q,Meia Praia | 3 quartos,p25,p25,0.55,0.4,0.03,500.0,1579800.0,100375.00000000001,40150.00000000001,8700.0,51525.00000000001,23697.0,8632.61,47394.0,1659523.61,3.1048066860585375,32.20812440562833,7.9452054794520555
meiapraia_3q,Meia Praia | 3 quartos,p25,p25,0.55,0.4,0.05,500.0,1579800.0,100375.00000000001,40150.00000000001,8700.0,51525.00000000001,23697.0,8632.61,78990.0,1691119.61,3.0467980913544017,32.82134129063561,7.9452054794520555
meiapraia_3q,Meia Praia | 3 quartos,p25,p25,0.55,0.4,0.08,500.0,1579800.0,100375.00000000001,40150.00000000001,8700.0,51525.00000000001,23697.0,8632.61,126384.0,1738513.61,2.9637386617870654,33.74116661814653,7.9452054794520555
meiapraia_3q,Meia Praia | 3 quartos,p25,p25,0.7,0.2,0.03,500.0,1579800.0,127749.99999999999,25550.0,8700.0,93499.99999999999,23697.0,8632.61,47394.0,1659523.61,5.634147018854404,17.748915614973267,5.9589041095890405
meiapraia_3q,Meia Praia | 3 quartos,p25,p25,0.7,0.2,0.05,500.0,1579800.0,127749.99999999999,25550.0,8700.0,93499.99999999999,23697.0,8632.61,78990.0,1691119.61,5.528881543748403,18.086840748663107,5.9589041095890405
meiapraia_3q,Meia Praia | 3 quartos,p25,p25,0.7,0.2,0.08,500.0,1579800.0,127749.99999999999,25550.0,8700.0,93499.99999999999,23697.0,8632.61,126384.0,1738513.61,5.378157493975556,18.593728449197865,5.9589041095890405
meiapraia_3q,Meia Praia | 3 quartos,p25,p25,0.7,0.3,0.03,500.0,1579800.0,127749.99999999999,38324.99999999999,8700.0,80725.0,23697.0,8632.61,47394.0,1659523.61,4.864347787133923,20.557740600805204,6.8101761252446185
meiapraia_3q,Meia Praia | 3 quartos,p25,p25,0.7,0.3,0.05,500.0,1579800.0,127749.99999999999,38324.99999999999,8700.0,80725.0,23697.0,8632.61,78990.0,1691119.61,4.773464840845882,20.949143511923197,6.8101761252446185
meiapraia_3q,Meia Praia | 3 quartos,p25,p25,0.7,0.3,0.08,500.0,1579800.0,127749.99999999999,38324.99999999999,8700.0,80725.0,23697.0,8632.61,126384.0,1738513.61,4.643334371135581,21.536247878600186,6.8101761252446185
meiapraia_3q,Meia Praia | 3 quartos,p25,p25,0.7,0.4,0.03,500.0,1579800.0,127749.99999999999,51100.0,8700.0,67949.99999999999,23697.0,8632.61,47394.0,1659523.61,4.094548555413441,24.422716850625466,7.9452054794520555
meiapraia_3q,Meia Praia | 3 quartos,p25,p25,0.7,0.4,0.05,500.0,1579800.0,127749.99999999999,51100.0,8700.0,67949.99999999999,23697.0,8632.61,78990.0,1691119.61,4.0180481379433575,24.887705813097874,7.9452054794520555
meiapraia_3q,Meia Praia | 3 quartos,p25,p25,0.7,0.4,0.08,500.0,1579800.0,127749.99999999999,51100.0,8700.0,67949.99999999999,23697.0,8632.61,126384.0,1738513.61,3.908511248295605,25.585189256806483,7.9452054794520555
meiapraia_3q,Meia Praia | 3 quartos,p25,mediana,0.4,0.2,0.03,500.0,1885000.0,73000.0,14600.0,8700.0,49700.0,28275.0,9368.99,56550.0,1979193.99,2.511123227491207,39.82281670020121,5.9589041095890405
meiapraia_3q,Meia Praia | 3 quartos,p25,mediana,0.4,0.2,0.05,500.0,1885000.0,73000.0,14600.0,8700.0,49700.0,28275.0,9368.99,94250.0,2016893.99,2.4641850412772563,40.58136800804829,5.9589041095890405
meiapraia_3q,Meia Praia | 3 quartos,p25,mediana,0.4,0.2,0.08,500.0,1885000.0,73000.0,14600.0,8700.0,49700.0,28275.0,9368.99,150800.0,2073443.99,2.3969781792851803,41.719194969818915,5.9589041095890405
meiapraia_3q,Meia Praia | 3 quartos,p25,mediana,0.4,0.3,0.03,500.0,1885000.0,73000.0,21900.0,8700.0,42400.0,28275.0,9368.99,56550.0,1979193.99,2.14228621419773,46.67910353773585,6.8101761252446185
meiapraia_3q,Meia Praia | 3 quartos,p25,mediana,0.4,0.3,0.05,500.0,1885000.0,73000.0,21900.0,8700.0,42400.0,28275.0,9368.99,94250.0,2016893.99,2.102242369218424,47.56825448113207,6.8101761252446185
meiapraia_3q,Meia Praia | 3 quartos,p25,mediana,0.4,0.3,0.08,500.0,1885000.0,73000.0,21900.0,8700.0,42400.0,28275.0,9368.99,150800.0,2073443.99,2.044906937659792,48.90198089622641,6.8101761252446185
meiapraia_3q,Meia Praia | 3 quartos,p25,mediana,0.4,0.4,0.03,500.0,1885000.0,73000.0,29200.0,8700.0,35100.0,28275.0,9368.99,56550.0,1979193.99,1.7734492009042528,56.38729316239316,7.9452054794520555
meiapraia_3q,Meia Praia | 3 quartos,p25,mediana,0.4,0.4,0.05,500.0,1885000.0,73000.0,29200.0,8700.0,35100.0,28275.0,9368.99,94250.0,2016893.99,1.7402996971595914,57.46136723646724,7.9452054794520555
meiapraia_3q,Meia Praia | 3 quartos,p25,mediana,0.4,0.4,0.08,500.0,1885000.0,73000.0,29200.0,8700.0,35100.0,28275.0,9368.99,150800.0,2073443.99,1.692835696034403,59.07247834757835,7.9452054794520555
meiapraia_3q,Meia Praia | 3 quartos,p25,mediana,0.55,0.2,0.03,500.0,1885000.0,100375.00000000001,20075.000000000004,8700.0,71600.00000000001,28275.0,9368.99,56550.0,1979193.99,3.6176342673716397,27.64237416201117,5.9589041095890405
meiapraia_3q,Meia Praia | 3 quartos,p25,mediana,0.55,0.2,0.05,500.0,1885000.0,100375.00000000001,20075.000000000004,8700.0,71600.00000000001,28275.0,9368.99,94250.0,2016893.99,3.550013057453754,28.16891047486033,5.9589041095890405
meiapraia_3q,Meia Praia | 3 quartos,p25,mediana,0.55,0.2,0.08,500.0,1885000.0,100375.00000000001,20075.000000000004,8700.0,71600.00000000001,28275.0,9368.99,150800.0,2073443.99,3.453191904161347,28.958714944134073,5.9589041095890405
meiapraia_3q,Meia Praia | 3 quartos,p25,mediana,0.55,0.3,0.03,500.0,1885000.0,100375.00000000001,30112.500000000004,8700.0,61562.500000000015,28275.0,9368.99,56550.0,1979193.99,3.1104833740931084,32.14934399999999,6.8101761252446185
meiapraia_3q,Meia Praia | 3 quartos,p25,mediana,0.55,0.3,0.05,500.0,1885000.0,100375.00000000001,30112.500000000004,8700.0,61562.500000000015,28275.0,9368.99,94250.0,2016893.99,3.0523418833728595,32.76172978680202,6.8101761252446185
meiapraia_3q,Meia Praia | 3 quartos,p25,mediana,0.55,0.3,0.08,500.0,1885000.0,100375.00000000001,30112.500000000004,8700.0,61562.500000000015,28275.0,9368.99,150800.0,2073443.99,2.9690939469264377,33.68030846700507,6.8101761252446185
meiapraia_3q,Meia Praia | 3 quartos,p25,mediana,0.55,0.4,0.03,500.0,1885000.0,100375.00000000001,40150.00000000001,8700.0,51525.00000000001,28275.0,9368.99,56550.0,1979193.99,2.603332480814577,38.41230451237263,7.9452054794520555
meiapraia_3q,Meia Praia | 3 quartos,p25,mediana,0.55,0.4,0.05,500.0,1885000.0,100375.00000000001,40150.00000000001,8700.0,51525.00000000001,28275.0,9368.99,94250.0,2016893.99,2.5546707092919645,39.143988161086845,7.9452054794520555
meiapraia_3q,Meia Praia | 3 quartos,p25,mediana,0.55,0.4,0.08,500.0,1885000.0,100375.00000000001,40150.00000000001,8700.0,51525.00000000001,28275.0,9368.99,150800.0,2073443.99,2.484995989691528,40.24151363415817,7.9452054794520555
meiapraia_3q,Meia Praia | 3 quartos,p25,mediana,0.7,0.2,0.03,500.0,1885000.0,127749.99999999999,25550.0,8700.0,93499.99999999999,28275.0,9368.99,56550.0,1979193.99,4.724145307252069,21.16785016042781,5.9589041095890405
meiapraia_3q,Meia Praia | 3 quartos,p25,mediana,0.7,0.2,0.05,500.0,1885000.0,127749.99999999999,25550.0,8700.0,93499.99999999999,28275.0,9368.99,94250.0,2016893.99,4.63584107363025,21.571058716577543,5.9589041095890405
meiapraia_3q,Meia Praia | 3 quartos,p25,mediana,0.7,0.2,0.08,500.0,1885000.0,127749.99999999999,25550.0,8700.0,93499.99999999999,28275.0,9368.99,150800.0,2073443.99,4.509405629037512,22.175871550802142,5.9589041095890405
meiapraia_3q,Meia Praia | 3 quartos,p25,mediana,0.7,0.3,0.03,500.0,1885000.0,127749.99999999999,38324.99999999999,8700.0,80725.0,28275.0,9368.99,56550.0,1979193.99,4.078680533988485,24.517732920408797,6.8101761252446185
meiapraia_3q,Meia Praia | 3 quartos,p25,mediana,0.7,0.3,0.05,500.0,1885000.0,127749.99999999999,38324.99999999999,8700.0,80725.0,28275.0,9368.99,94250.0,2016893.99,4.002441397527294,24.984750572932796,6.8101761252446185
meiapraia_3q,Meia Praia | 3 quartos,p25,mediana,0.7,0.3,0.08,500.0,1885000.0,127749.99999999999,38324.99999999999,8700.0,80725.0,28275.0,9368.99,150800.0,2073443.99,3.893280956193083,25.6852770517188,6.8101761252446185
meiapraia_3q,Meia Praia | 3 quartos,p25,mediana,0.7,0.4,0.03,500.0,1885000.0,127749.99999999999,51100.0,8700.0,67949.99999999999,28275.0,9368.99,56550.0,1979193.99,3.4332157607248988,29.1272110375276,7.9452054794520555
meiapraia_3q,Meia Praia | 3 quartos,p25,mediana,0.7,0.4,0.05,500.0,1885000.0,127749.99999999999,51100.0,8700.0,67949.99999999999,28275.0,9368.99,94250.0,2016893.99,3.3690417214243364,29.682030757910233,7.9452054794520555
meiapraia_3q,Meia Praia | 3 quartos,p25,mediana,0.7,0.4,0.08,500.0,1885000.0,127749.99999999999,51100.0,8700.0,67949.99999999999,28275.0,9368.99,150800.0,2073443.99,3.2771562833486514,30.514260338484185,7.9452054794520555
meiapraia_3q,Meia Praia | 3 quartos,p25,p75,0.4,0.2,0.03,500.0,2399240.0,73000.0,14600.0,8700.0,49700.0,35988.6,10596.29,71977.2,2517802.0900000003,1.973943869432565,50.6600018108652,5.9589041095890405
meiapraia_3q,Meia Praia | 3 quartos,p25,p75,0.4,0.2,0.05,500.0,2399240.0,73000.0,14600.0,8700.0,49700.0,35988.6,10596.29,119962.0,2565786.89,1.9370275915627584,51.6254907444668,5.9589041095890405
meiapraia_3q,Meia Praia | 3 quartos,p25,p75,0.4,0.2,0.08,500.0,2399240.0,73000.0,14600.0,8700.0,49700.0,35988.6,10596.29,191939.2,2637764.0900000003,1.8841715295320436,53.073724144869225,5.9589041095890405
meiapraia_3q,Meia Praia | 3 quartos,p25,p75,0.4,0.3,0.03,500.0,2399240.0,73000.0,21900.0,8700.0,42400.0,35988.6,10596.29,71977.2,2517802.0900000003,1.6840084519907599,59.38212476415095,6.8101761252446185
meiapraia_3q,Meia Praia | 3 quartos,p25,p75,0.4,0.3,0.05,500.0,2399240.0,73000.0,21900.0,8700.0,42400.0,35988.6,10596.29,119962.0,2565786.89,1.6525144845525344,60.513841745283024,6.8101761252446185
meiapraia_3q,Meia Praia | 3 quartos,p25,p75,0.4,0.3,0.08,500.0,2399240.0,73000.0,21900.0,8700.0,42400.0,35988.6,10596.29,191939.2,2637764.0900000003,1.6074219889770351,62.21141721698114,6.8101761252446185
meiapraia_3q,Meia Praia | 3 quartos,p25,p75,0.4,0.4,0.03,500.0,2399240.0,73000.0,29200.0,8700.0,35100.0,35988.6,10596.29,71977.2,2517802.0900000003,1.3940730345489543,71.73225327635329,7.9452054794520555
meiapraia_3q,Meia Praia | 3 quartos,p25,p75,0.4,0.4,0.05,500.0,2399240.0,73000.0,29200.0,8700.0,35100.0,35988.6,10596.29,119962.0,2565786.89,1.36800137754231,73.0993415954416,7.9452054794520555
meiapraia_3q,Meia Praia | 3 quartos,p25,p75,0.4,0.4,0.08,500.0,2399240.0,73000.0,29200.0,8700.0,35100.0,35988.6,10596.29,191939.2,2637764.0900000003,1.330672448422027,75.14997407407408,7.9452054794520555
meiapraia_3q,Meia Praia | 3 quartos,p25,p75,0.55,0.2,0.03,500.0,2399240.0,100375.00000000001,20075.000000000004,8700.0,71600.00000000001,35988.6,10596.29,71977.2,2517802.0900000003,2.8437501217579815,35.16483365921788,5.9589041095890405
meiapraia_3q,Meia Praia | 3 quartos,p25,p75,0.55,0.2,0.05,500.0,2399240.0,100375.00000000001,20075.000000000004,8700.0,71600.00000000001,35988.6,10596.29,119962.0,2565786.89,2.7905669125934307,35.835012430167595,5.9589041095890405
meiapraia_3q,Meia Praia | 3 quartos,p25,p75,0.55,0.2,0.08,500.0,2399240.0,100375.00000000001,20075.000000000004,8700.0,71600.00000000001,35988.6,10596.29,191939.2,2637764.0900000003,2.7144201511970696,36.84028058659218,5.9589041095890405
meiapraia_3q,Meia Praia | 3 quartos,p25,p75,0.55,0.3,0.03,500.0,2399240.0,100375.00000000001,30112.500000000004,8700.0,61562.500000000015,35988.6,10596.29,71977.2,2517802.0900000003,2.4450889227754993,40.8983080609137,6.8101761252446185
meiapraia_3q,Meia Praia | 3 quartos,p25,p75,0.55,0.3,0.05,500.0,2399240.0,100375.00000000001,30112.500000000004,8700.0,61562.500000000015,35988.6,10596.29,119962.0,2565786.89,2.3993613904543727,41.67775658883248,6.8101761252446185
meiapraia_3q,Meia Praia | 3 quartos,p25,p75,0.55,0.3,0.08,500.0,2399240.0,100375.00000000001,30112.500000000004,8700.0,61562.500000000015,35988.6,10596.29,191939.2,2637764.0900000003,2.3338895329339326,42.846929380710655,6.8101761252446185
meiapraia_3q,Meia Praia | 3 quartos,p25,p75,0.55,0.4,0.03,500.0,2399240.0,100375.00000000001,40150.00000000001,8700.0,51525.00000000001,35988.6,10596.29,71977.2,2517802.0900000003,2.0464277237930166,48.8656397865114,7.9452054794520555
meiapraia_3q,Meia Praia | 3 quartos,p25,p75,0.55,0.4,0.05,500.0,2399240.0,100375.00000000001,40150.00000000001,8700.0,51525.00000000001,35988.6,10596.29,119962.0,2565786.89,2.0081558683153142,49.796931392527895,7.9452054794520555
meiapraia_3q,Meia Praia | 3 quartos,p25,p75,0.55,0.4,0.08,500.0,2399240.0,100375.00000000001,40150.00000000001,8700.0,51525.00000000001,35988.6,10596.29,191939.2,2637764.0900000003,1.9533589146707961,51.19386880155265,7.9452054794520555
meiapraia_3q,Meia Praia | 3 quartos,p25,p75,0.7,0.2,0.03,500.0,2399240.0,127749.99999999999,25550.0,8700.0,93499.99999999999,35988.6,10596.29,71977.2,2517802.0900000003,3.713556374083397,26.92836459893049,5.9589041095890405
meiapraia_3q,Meia Praia | 3 quartos,p25,p75,0.7,0.2,0.05,500.0,2399240.0,127749.99999999999,25550.0,8700.0,93499.99999999999,35988.6,10596.29,119962.0,2565786.89,3.6441062336241017,27.441571016042786,5.9589041095890405
meiapraia_3q,Meia Praia | 3 quartos,p25,p75,0.7,0.2,0.08,500.0,2399240.0,127749.99999999999,25550.0,8700.0,93499.99999999999,35988.6,10596.29,191939.2,2637764.0900000003,3.544668772862094,28.211380641711237,5.9589041095890405
meiapraia_3q,Meia Praia | 3 quartos,p25,p75,0.7,0.3,0.03,500.0,2399240.0,127749.99999999999,38324.99999999999,8700.0,80725.0,35988.6,10596.29,71977.2,2517802.0900000003,3.206169393560238,31.18986794673274,6.8101761252446185
meiapraia_3q,Meia Praia | 3 quartos,p25,p75,0.7,0.3,0.05,500.0,2399240.0,127749.99999999999,38324.99999999999,8700.0,80725.0,35988.6,10596.29,119962.0,2565786.89,3.146208296356211,31.78429098792196,6.8101761252446185
meiapraia_3q,Meia Praia | 3 quartos,p25,p75,0.7,0.3,0.08,500.0,2399240.0,127749.99999999999,38324.99999999999,8700.0,80725.0,35988.6,10596.29,191939.2,2637764.0900000003,3.0603570768908295,32.675925549705795,6.8101761252446185
meiapraia_3q,Meia Praia | 3 quartos,p25,p75,0.7,0.4,0.03,500.0,2399240.0,127749.99999999999,51100.0,8700.0,67949.99999999999,35988.6,10596.29,71977.2,2517802.0900000003,2.698782413037078,37.05374672553349,7.9452054794520555
meiapraia_3q,Meia Praia | 3 quartos,p25,p75,0.7,0.4,0.05,500.0,2399240.0,127749.99999999999,51100.0,8700.0,67949.99999999999,35988.6,10596.29,119962.0,2565786.89,2.6483103590883177,37.75992479764534,7.9452054794520555
meiapraia_3q,Meia Praia | 3 quartos,p25,p75,0.7,0.4,0.08,500.0,2399240.0,127749.99999999999,51100.0,8700.0,67949.99999999999,35988.6,10596.29,191939.2,2637764.0900000003,2.5760453809195645,38.81919190581311,7.9452054794520555
meiapraia_3q,Meia Praia | 3 quartos,mediana,p25,0.4,0.2,0.03,650.0,1579800.0,94900.0,18980.0,8700.0,67220.0,23697.0,8632.61,47394.0,1659523.61,4.050560027886557,24.687944213031837,4.5837723919915705
meiapraia_3q,Meia Praia | 3 quartos,mediana,p25,0.4,0.2,0.05,650.0,1579800.0,94900.0,18980.0,8700.0,67220.0,23697.0,8632.61,78990.0,1691119.61,3.974881469206072,25.157982891996433,4.5837723919915705
meiapraia_3q,Meia Praia | 3 quartos,mediana,p25,0.4,0.2,0.08,650.0,1579800.0,94900.0,18980.0,8700.0,67220.0,23697.0,8632.61,126384.0,1738513.61,3.866521355561893,25.86304091044332,4.5837723919915705
meiapraia_3q,Meia Praia | 3 quartos,mediana,p25,0.4,0.3,0.03,650.0,1579800.0,94900.0,28470.0,8700.0,57730.0,23697.0,8632.61,47394.0,1659523.61,3.4787091700370567,28.746294993937298,5.238597019418937
meiapraia_3q,Meia Praia | 3 quartos,mediana,p25,0.4,0.3,0.05,650.0,1579800.0,94900.0,28470.0,8700.0,57730.0,23697.0,8632.61,78990.0,1691119.61,3.413714775621341,29.293601420405338,5.238597019418937
meiapraia_3q,Meia Praia | 3 quartos,mediana,p25,0.4,0.3,0.08,650.0,1579800.0,94900.0,28470.0,8700.0,57730.0,23697.0,8632.61,126384.0,1738513.61,3.320652750023625,30.1145610601074,5.238597019418937
meiapraia_3q,Meia Praia | 3 quartos,mediana,p25,0.4,0.4,0.03,650.0,1579800.0,94900.0,37960.0,8700.0,48240.0,23697.0,8632.61,47394.0,1659523.61,2.906858312187556,34.40140153399668,6.111696522655427
meiapraia_3q,Meia Praia | 3 quartos,mediana,p25,0.4,0.4,0.05,650.0,1579800.0,94900.0,37960.0,8700.0,48240.0,23697.0,8632.61,78990.0,1691119.61,2.85254808203661,35.056376658374795,6.111696522655427
meiapraia_3q,Meia Praia | 3 quartos,mediana,p25,0.4,0.4,0.08,650.0,1579800.0,94900.0,37960.0,8700.0,48240.0,23697.0,8632.61,126384.0,1738513.61,2.774784144485357,36.03883934494196,6.111696522655427
meiapraia_3q,Meia Praia | 3 quartos,mediana,p25,0.55,0.2,0.03,650.0,1579800.0,130487.50000000001,26097.500000000004,8700.0,95690.00000000001,23697.0,8632.61,47394.0,1659523.61,5.766112601435059,17.342706761417073,4.5837723919915705
meiapraia_3q,Meia Praia | 3 quartos,mediana,p25,0.55,0.2,0.05,650.0,1579800.0,130487.50000000001,26097.500000000004,8700.0,95690.00000000001,23697.0,8632.61,78990.0,1691119.61,5.658381549960266,17.672898003971156,4.5837723919915705
meiapraia_3q,Meia Praia | 3 quartos,mediana,p25,0.55,0.2,0.08,650.0,1579800.0,130487.50000000001,26097.500000000004,8700.0,95690.00000000001,23697.0,8632.61,126384.0,1738513.61,5.5041271721766964,18.168184867802278,4.5837723919915705
meiapraia_3q,Meia Praia | 3 quartos,mediana,p25,0.55,0.3,0.03,650.0,1579800.0,130487.50000000001,39146.25,8700.0,82641.25000000001,23697.0,8632.61,47394.0,1659523.61,4.979817671891996,20.081056494184196,5.238597019418937
meiapraia_3q,Meia Praia | 3 quartos,mediana,p25,0.55,0.3,0.05,650.0,1579800.0,130487.50000000001,39146.25,8700.0,82641.25000000001,23697.0,8632.61,78990.0,1691119.61,4.886777346281261,20.463383721809628,5.238597019418937
meiapraia_3q,Meia Praia | 3 quartos,mediana,p25,0.55,0.3,0.08,650.0,1579800.0,130487.50000000001,39146.25,8700.0,82641.25000000001,23697.0,8632.61,126384.0,1738513.61,4.753557839561578,21.03687456324777,5.238597019418937
meiapraia_3q,Meia Praia | 3 quartos,mediana,p25,0.55,0.4,0.03,650.0,1579800.0,130487.50000000001,52195.00000000001,8700.0,69592.5,23697.0,8632.61,47394.0,1659523.61,4.193522742348932,23.846299673096958,6.111696522655427
meiapraia_3q,Meia Praia | 3 quartos,mediana,p25,0.55,0.4,0.05,650.0,1579800.0,130487.50000000001,52195.00000000001,8700.0,69592.5,23697.0,8632.61,78990.0,1691119.61,4.115173142602255,24.300314114308296,6.111696522655427
meiapraia_3q,Meia Praia | 3 quartos,mediana,p25,0.55,0.4,0.08,650.0,1579800.0,130487.50000000001,52195.00000000001,8700.0,69592.5,23697.0,8632.61,126384.0,1738513.61,4.002988506946459,24.981335776125302,6.111696522655427
meiapraia_3q,Meia Praia | 3 quartos,mediana,p25,0.7,0.2,0.03,650.0,1579800.0,166075.0,33215.0,8700.0,124160.0,23697.0,8632.61,47394.0,1659523.61,7.48166517498356,13.366008456829897,4.5837723919915705
meiapraia_3q,Meia Praia | 3 quartos,mediana,p25,0.7,0.2,0.05,650.0,1579800.0,166075.0,33215.0,8700.0,124160.0,23697.0,8632.61,78990.0,1691119.61,7.341881630714458,13.620486549613403,4.5837723919915705
meiapraia_3q,Meia Praia | 3 quartos,mediana,p25,0.7,0.2,0.08,650.0,1579800.0,166075.0,33215.0,8700.0,124160.0,23697.0,8632.61,126384.0,1738513.61,7.1417329887914995,14.002203688788661,4.5837723919915705
meiapraia_3q,Meia Praia | 3 quartos,mediana,p25,0.7,0.3,0.03,650.0,1579800.0,166075.0,49822.5,8700.0,107552.5,23697.0,8632.61,47394.0,1659523.61,6.480926173746934,15.429893400897237,5.238597019418937
meiapraia_3q,Meia Praia | 3 quartos,mediana,p25,0.7,0.3,0.05,650.0,1579800.0,166075.0,49822.5,8700.0,107552.5,23697.0,8632.61,78990.0,1691119.61,6.359839916941179,15.723666209525582,5.238597019418937
meiapraia_3q,Meia Praia | 3 quartos,mediana,p25,0.7,0.3,0.08,650.0,1579800.0,166075.0,49822.5,8700.0,107552.5,23697.0,8632.61,126384.0,1738513.61,6.186462929099531,16.1643254224681,5.238597019418937
meiapraia_3q,Meia Praia | 3 quartos,mediana,p25,0.7,0.4,0.03,650.0,1579800.0,166075.0,66430.0,8700.0,90945.0,23697.0,8632.61,47394.0,1659523.61,5.480187172510308,18.24755192698884,6.111696522655427
meiapraia_3q,Meia Praia | 3 quartos,mediana,p25,0.7,0.4,0.05,650.0,1579800.0,166075.0,66430.0,8700.0,90945.0,23697.0,8632.61,78990.0,1691119.61,5.3777982031679,18.594970696574855,6.111696522655427
meiapraia_3q,Meia Praia | 3 quartos,mediana,p25,0.7,0.4,0.08,650.0,1579800.0,166075.0,66430.0,8700.0,90945.0,23697.0,8632.61,126384.0,1738513.61,5.231192869407562,19.116098850953875,6.111696522655427
meiapraia_3q,Meia Praia | 3 quartos,mediana,mediana,0.4,0.2,0.03,650.0,1885000.0,94900.0,18980.0,8700.0,67220.0,28275.0,9368.99,56550.0,1979193.99,3.396332059395552,29.4435285629277,4.5837723919915705
meiapraia_3q,Meia Praia | 3 quartos,mediana,mediana,0.4,0.2,0.05,650.0,1885000.0,94900.0,18980.0,8700.0,67220.0,28275.0,9368.99,94250.0,2016893.99,3.3328474542184536,30.004373549538826,4.5837723919915705
meiapraia_3q,Meia Praia | 3 quartos,mediana,mediana,0.4,0.2,0.08,650.0,1885000.0,94900.0,18980.0,8700.0,67220.0,28275.0,9368.99,150800.0,2073443.99,3.241949159186113,30.845641029455518,4.5837723919915705
meiapraia_3q,Meia Praia | 3 quartos,mediana,mediana,0.4,0.3,0.03,650.0,1885000.0,94900.0,28470.0,8700.0,57730.0,28275.0,9368.99,56550.0,1979193.99,2.916843942114032,34.28363052139269,5.238597019418937
meiapraia_3q,Meia Praia | 3 quartos,mediana,mediana,0.4,0.3,0.05,650.0,1885000.0,94900.0,28470.0,8700.0,57730.0,28275.0,9368.99,94250.0,2016893.99,2.8623219805419717,34.9366705352503,5.238597019418937
meiapraia_3q,Meia Praia | 3 quartos,mediana,mediana,0.4,0.3,0.08,650.0,1885000.0,94900.0,28470.0,8700.0,57730.0,28275.0,9368.99,150800.0,2073443.99,2.784256545073108,35.91623055603672,5.238597019418937
meiapraia_3q,Meia Praia | 3 quartos,mediana,mediana,0.4,0.4,0.03,650.0,1885000.0,94900.0,37960.0,8700.0,48240.0,28275.0,9368.99,56550.0,1979193.99,2.437355824832512,41.02806778606965,6.111696522655427
meiapraia_3q,Meia Praia | 3 quartos,mediana,mediana,0.4,0.4,0.05,650.0,1885000.0,94900.0,37960.0,8700.0,48240.0,28275.0,9368.99,94250.0,2016893.99,2.39179650686549,41.80957690713101,6.111696522655427
meiapraia_3q,Meia Praia | 3 quartos,mediana,mediana,0.4,0.4,0.08,650.0,1885000.0,94900.0,37960.0,8700.0,48240.0,28275.0,9368.99,150800.0,2073443.99,2.3265639309601025,42.98184058872305,6.111696522655427
meiapraia_3q,Meia Praia | 3 quartos,mediana,mediana,0.55,0.2,0.03,650.0,1885000.0,130487.50000000001,26097.500000000004,8700.0,95690.00000000001,28275.0,9368.99,56550.0,1979193.99,4.834796411240114,20.683394189570485,4.5837723919915705
meiapraia_3q,Meia Praia | 3 quartos,mediana,mediana,0.55,0.2,0.05,650.0,1885000.0,130487.50000000001,26097.500000000004,8700.0,95690.00000000001,28275.0,9368.99,94250.0,2016893.99,4.744423875247901,21.077374751802694,4.5837723919915705
meiapraia_3q,Meia Praia | 3 quartos,mediana,mediana,0.55,0.2,0.08,650.0,1885000.0,130487.50000000001,26097.500000000004,8700.0,95690.00000000001,28275.0,9368.99,150800.0,2073443.99,4.61502700152513,21.668345595151006,4.5837723919915705
meiapraia_3q,Meia Praia | 3 quartos,mediana,mediana,0.55,0.3,0.03,650.0,1885000.0,130487.50000000001,39146.25,8700.0,82641.25000000001,28275.0,9368.99,56550.0,1979193.99,4.175500249978023,23.94922620362107,5.238597019418937
meiapraia_3q,Meia Praia | 3 quartos,mediana,mediana,0.55,0.3,0.05,650.0,1885000.0,130487.50000000001,39146.25,8700.0,82641.25000000001,28275.0,9368.99,94250.0,2016893.99,4.097451348942738,24.405414850332004,5.238597019418937
meiapraia_3q,Meia Praia | 3 quartos,mediana,mediana,0.55,0.3,0.08,650.0,1885000.0,130487.50000000001,39146.25,8700.0,82641.25000000001,28275.0,9368.99,150800.0,2073443.99,3.985699657119748,25.089697820398403,5.238597019418937
meiapraia_3q,Meia Praia | 3 quartos,mediana,mediana,0.55,0.4,0.03,650.0,1885000.0,130487.50000000001,52195.00000000001,8700.0,69592.5,28275.0,9368.99,56550.0,1979193.99,3.5162040887159325,28.439759887918957,6.111696522655427
meiapraia_3q,Meia Praia | 3 quartos,mediana,mediana,0.55,0.4,0.05,650.0,1885000.0,130487.50000000001,52195.00000000001,8700.0,69592.5,28275.0,9368.99,94250.0,2016893.99,3.4504788226375744,28.981484930128964,6.111696522655427
meiapraia_3q,Meia Praia | 3 quartos,mediana,mediana,0.55,0.4,0.08,650.0,1885000.0,130487.50000000001,52195.00000000001,8700.0,69592.5,28275.0,9368.99,150800.0,2073443.99,3.3563723127143645,29.794072493443977,6.111696522655427
meiapraia_3q,Meia Praia | 3 quartos,mediana,mediana,0.7,0.2,0.03,650.0,1885000.0,166075.0,33215.0,8700.0,124160.0,28275.0,9368.99,56550.0,1979193.99,6.273260763084673,15.940673244201031,4.5837723919915705
meiapraia_3q,Meia Praia | 3 quartos,mediana,mediana,0.7,0.2,0.05,650.0,1885000.0,166075.0,33215.0,8700.0,124160.0,28275.0,9368.99,94250.0,2016893.99,6.156000296277346,16.244313708118558,4.5837723919915705
meiapraia_3q,Meia Praia | 3 quartos,mediana,mediana,0.7,0.2,0.08,650.0,1885000.0,166075.0,33215.0,8700.0,124160.0,28275.0,9368.99,150800.0,2073443.99,5.988104843864145,16.699774403994844,4.5837723919915705
meiapraia_3q,Meia Praia | 3 quartos,mediana,mediana,0.7,0.3,0.03,650.0,1885000.0,166075.0,49822.5,8700.0,107552.5,28275.0,9368.99,56550.0,1979193.99,5.434156557842013,18.402119801957184,5.238597019418937
meiapraia_3q,Meia Praia | 3 quartos,mediana,mediana,0.7,0.3,0.05,650.0,1885000.0,166075.0,49822.5,8700.0,107552.5,28275.0,9368.99,94250.0,2016893.99,5.332580717343503,18.75264628902164,5.238597019418937
meiapraia_3q,Meia Praia | 3 quartos,mediana,mediana,0.7,0.3,0.08,650.0,1885000.0,166075.0,49822.5,8700.0,107552.5,28275.0,9368.99,150800.0,2073443.99,5.187142769166385,19.278436019618326,5.238597019418937
meiapraia_3q,Meia Praia | 3 quartos,mediana,mediana,0.7,0.4,0.03,650.0,1885000.0,166075.0,66430.0,8700.0,90945.0,28275.0,9368.99,56550.0,1979193.99,4.595052352599352,21.762537687613392,6.111696522655427
meiapraia_3q,Meia Praia | 3 quartos,mediana,mediana,0.7,0.4,0.05,650.0,1885000.0,166075.0,66430.0,8700.0,90945.0,28275.0,9368.99,94250.0,2016893.99,4.5091611384096595,22.177073945791413,6.111696522655427
meiapraia_3q,Meia Praia | 3 quartos,mediana,mediana,0.7,0.4,0.08,650.0,1885000.0,166075.0,66430.0,8700.0,90945.0,28275.0,9368.99,150800.0,2073443.99,4.386180694468626,22.798878333058443,6.111696522655427
meiapraia_3q,Meia Praia | 3 quartos,mediana,p75,0.4,0.2,0.03,650.0,2399240.0,94900.0,18980.0,8700.0,67220.0,35988.6,10596.29,71977.2,2517802.0900000003,2.669788871292898,37.45614534364773,4.5837723919915705
meiapraia_3q,Meia Praia | 3 quartos,mediana,p75,0.4,0.2,0.05,650.0,2399240.0,94900.0,18980.0,8700.0,67220.0,35988.6,10596.29,119962.0,2565786.89,2.619859048387296,38.169992412972334,4.5837723919915705
meiapraia_3q,Meia Praia | 3 quartos,mediana,p75,0.4,0.2,0.08,650.0,2399240.0,94900.0,18980.0,8700.0,67220.0,35988.6,10596.29,191939.2,2637764.0900000003,2.548370426864064,39.24076301695924,4.5837723919915705
meiapraia_3q,Meia Praia | 3 quartos,mediana,p75,0.4,0.3,0.03,650.0,2399240.0,94900.0,28470.0,8700.0,57730.0,35988.6,10596.29,71977.2,2517802.0900000003,2.2928728286185507,43.61340879958428,5.238597019418937
meiapraia_3q,Meia Praia | 3 quartos,mediana,p75,0.4,0.3,0.05,650.0,2399240.0,94900.0,28470.0,8700.0,57730.0,35988.6,10596.29,119962.0,2565786.89,2.249992009274005,44.444602286506154,5.238597019418937
meiapraia_3q,Meia Praia | 3 quartos,mediana,p75,0.4,0.3,0.08,650.0,2399240.0,94900.0,28470.0,8700.0,57730.0,35988.6,10596.29,191939.2,2637764.0900000003,2.188596024142553,45.691392516888975,5.238597019418937
meiapraia_3q,Meia Praia | 3 quartos,mediana,p75,0.4,0.4,0.03,650.0,2399240.0,94900.0,37960.0,8700.0,48240.0,35988.6,10596.29,71977.2,2517802.0900000003,1.9159567859442042,52.19324398839138,6.111696522655427
meiapraia_3q,Meia Praia | 3 quartos,mediana,p75,0.4,0.4,0.05,650.0,2399240.0,94900.0,37960.0,8700.0,48240.0,35988.6,10596.29,119962.0,2565786.89,1.8801249701607137,53.18795377280266,6.111696522655427
meiapraia_3q,Meia Praia | 3 quartos,mediana,p75,0.4,0.4,0.08,650.0,2399240.0,94900.0,37960.0,8700.0,48240.0,35988.6,10596.29,191939.2,2637764.0900000003,1.828821621421042,54.68001844941958,6.111696522655427
meiapraia_3q,Meia Praia | 3 quartos,mediana,p75,0.55,0.2,0.03,650.0,2399240.0,130487.50000000001,26097.500000000004,8700.0,95690.00000000001,35988.6,10596.29,71977.2,2517802.0900000003,3.800536999315939,26.312071167311107,4.5837723919915705
meiapraia_3q,Meia Praia | 3 quartos,mediana,p75,0.55,0.2,0.05,650.0,2399240.0,130487.50000000001,26097.500000000004,8700.0,95690.00000000001,35988.6,10596.29,119962.0,2565786.89,3.7294601657271707,26.81353213501933,4.5837723919915705
meiapraia_3q,Meia Praia | 3 quartos,mediana,p75,0.55,0.2,0.08,650.0,2399240.0,130487.50000000001,26097.500000000004,8700.0,95690.00000000001,35988.6,10596.29,191939.2,2637764.0900000003,3.6276936350285975,27.56572358658167,4.5837723919915705
meiapraia_3q,Meia Praia | 3 quartos,mediana,p75,0.55,0.3,0.03,650.0,2399240.0,130487.50000000001,39146.25,8700.0,82641.25000000001,35988.6,10596.29,71977.2,2517802.0900000003,3.2822774406387123,30.46665061334382,5.238597019418937
meiapraia_3q,Meia Praia | 3 quartos,mediana,p75,0.55,0.3,0.05,650.0,2399240.0,130487.50000000001,39146.25,8700.0,82641.25000000001,35988.6,10596.29,119962.0,2565786.89,3.220892986946395,31.0472904269962,5.238597019418937
meiapraia_3q,Meia Praia | 3 quartos,mediana,p75,0.55,0.3,0.08,650.0,2399240.0,130487.50000000001,39146.25,8700.0,82641.25000000001,35988.6,10596.29,191939.2,2637764.0900000003,3.1330038312865196,31.918250147474776,5.238597019418937
meiapraia_3q,Meia Praia | 3 quartos,mediana,p75,0.55,0.4,0.03,650.0,2399240.0,130487.50000000001,52195.00000000001,8700.0,69592.5,35988.6,10596.29,71977.2,2517802.0900000003,2.7640178819614847,36.17921600747207,6.111696522655427
meiapraia_3q,Meia Praia | 3 quartos,mediana,p75,0.55,0.4,0.05,650.0,2399240.0,130487.50000000001,52195.00000000001,8700.0,69592.5,35988.6,10596.29,119962.0,2565786.89,2.7123258081656187,36.868727089844455,6.111696522655427
meiapraia_3q,Meia Praia | 3 quartos,mediana,p75,0.55,0.4,0.08,650.0,2399240.0,130487.50000000001,52195.00000000001,8700.0,69592.5,35988.6,10596.29,191939.2,2637764.0900000003,2.6383140275444417,37.90299371340303,6.111696522655427
meiapraia_3q,Meia Praia | 3 quartos,mediana,p75,0.7,0.2,0.03,650.0,2399240.0,166075.0,33215.0,8700.0,124160.0,35988.6,10596.29,71977.2,2517802.0900000003,4.931285127338979,20.27868951353093,4.5837723919915705
meiapraia_3q,Meia Praia | 3 quartos,mediana,p75,0.7,0.2,0.05,650.0,2399240.0,166075.0,33215.0,8700.0,124160.0,35988.6,10596.29,119962.0,2565786.89,4.839061283067044,20.665165028994846,4.5837723919915705
meiapraia_3q,Meia Praia | 3 quartos,mediana,p75,0.7,0.2,0.08,650.0,2399240.0,166075.0,33215.0,8700.0,124160.0,35988.6,10596.29,191939.2,2637764.0900000003,4.70701684319313,21.244878302190724,4.5837723919915705
meiapraia_3q,Meia Praia | 3 quartos,mediana,p75,0.7,0.3,0.03,650.0,2399240.0,166075.0,49822.5,8700.0,107552.5,35988.6,10596.29,71977.2,2517802.0900000003,4.271682052658872,23.40998200878641,5.238597019418937
meiapraia_3q,Meia Praia | 3 quartos,mediana,p75,0.7,0.3,0.05,650.0,2399240.0,166075.0,49822.5,8700.0,107552.5,35988.6,10596.29,119962.0,2565786.89,4.191793964618784,23.856134352990402,5.238597019418937
meiapraia_3q,Meia Praia | 3 quartos,mediana,p75,0.7,0.3,0.08,650.0,2399240.0,166075.0,49822.5,8700.0,107552.5,35988.6,10596.29,191939.2,2637764.0900000003,4.077411638430486,24.525362869296394,5.238597019418937
meiapraia_3q,Meia Praia | 3 quartos,mediana,p75,0.7,0.4,0.03,650.0,2399240.0,166075.0,66430.0,8700.0,90945.0,35988.6,10596.29,71977.2,2517802.0900000003,3.612078977978765,27.68488745945352,6.111696522655427
meiapraia_3q,Meia Praia | 3 quartos,mediana,p75,0.7,0.4,0.05,650.0,2399240.0,166075.0,66430.0,8700.0,90945.0,35988.6,10596.29,119962.0,2565786.89,3.544526646170524,28.212511847820114,6.111696522655427
meiapraia_3q,Meia Praia | 3 quartos,mediana,p75,0.7,0.4,0.08,650.0,2399240.0,166075.0,66430.0,8700.0,90945.0,35988.6,10596.29,191939.2,2637764.0900000003,3.447806433667841,29.003948430370006,6.111696522655427
meiapraia_3q,Meia Praia | 3 quartos,p75,p25,0.4,0.2,0.03,820.5,1579800.0,119793.0,23958.600000000002,8700.0,87134.4,23697.0,8632.61,47394.0,1659523.61,5.25056705881997,19.045561913549644,3.631263930279732
meiapraia_3q,Meia Praia | 3 quartos,p75,p25,0.4,0.2,0.05,820.5,1579800.0,119793.0,23958.600000000002,8700.0,87134.4,23697.0,8632.61,78990.0,1691119.61,5.152468192359262,19.408174153950682,3.631263930279732
meiapraia_3q,Meia Praia | 3 quartos,p75,p25,0.4,0.2,0.08,820.5,1579800.0,119793.0,23958.600000000002,8700.0,87134.4,23697.0,8632.61,126384.0,1738513.61,5.0120056293375805,19.952092514552234,3.631263930279732
meiapraia_3q,Meia Praia | 3 quartos,p75,p25,0.4,0.3,0.03,820.5,1579800.0,119793.0,35937.9,8700.0,75155.1,23697.0,8632.61,47394.0,1659523.61,4.5287153221037935,22.08131730248513,4.150015920319694
meiapraia_3q,Meia Praia | 3 quartos,p75,p25,0.4,0.3,0.05,820.5,1579800.0,119793.0,35937.9,8700.0,75155.1,23697.0,8632.61,78990.0,1691119.61,4.444103158380383,22.50172789338315,4.150015920319694
meiapraia_3q,Meia Praia | 3 quartos,p75,p25,0.4,0.3,0.08,820.5,1579800.0,119793.0,35937.9,8700.0,75155.1,23697.0,8632.61,126384.0,1738513.61,4.322951489577352,23.132343779730185,4.150015920319694
meiapraia_3q,Meia Praia | 3 quartos,p75,p25,0.4,0.4,0.03,820.5,1579800.0,119793.0,47917.200000000004,8700.0,63175.79999999999,23697.0,8632.61,47394.0,1659523.61,3.8068635853876156,26.26834341630815,4.841685240372977
meiapraia_3q,Meia Praia | 3 quartos,p75,p25,0.4,0.4,0.05,820.5,1579800.0,119793.0,47917.200000000004,8700.0,63175.79999999999,23697.0,8632.61,78990.0,1691119.61,3.735738124401501,26.76847162995958,4.841685240372977
meiapraia_3q,Meia Praia | 3 quartos,p75,p25,0.4,0.4,0.08,820.5,1579800.0,119793.0,47917.200000000004,8700.0,63175.79999999999,23697.0,8632.61,126384.0,1738513.61,3.633897349817122,27.518663950436725,4.841685240372977
meiapraia_3q,Meia Praia | 3 quartos,p75,p25,0.55,0.2,0.03,820.5,1579800.0,164715.375,32943.075000000004,8700.0,123072.29999999999,23697.0,8632.61,47394.0,1659523.61,7.416122268968501,13.484135829102083,3.631263930279732
meiapraia_3q,Meia Praia | 3 quartos,p75,p25,0.55,0.2,0.05,820.5,1579800.0,164715.375,32943.075000000004,8700.0,123072.29999999999,23697.0,8632.61,78990.0,1691119.61,7.277563294295901,13.740862972415403,3.631263930279732
meiapraia_3q,Meia Praia | 3 quartos,p75,p25,0.55,0.2,0.08,820.5,1579800.0,164715.375,32943.075000000004,8700.0,123072.29999999999,23697.0,8632.61,126384.0,1738513.61,7.079168048618266,14.125953687385385,3.631263930279732
meiapraia_3q,Meia Praia | 3 quartos,p75,p25,0.55,0.3,0.03,820.5,1579800.0,164715.375,49414.612499999996,8700.0,106600.76250000001,23697.0,8632.61,47394.0,1659523.61,6.423576130983759,15.567652342074007,4.150015920319694
meiapraia_3q,Meia Praia | 3 quartos,p75,p25,0.55,0.3,0.05,820.5,1579800.0,164715.375,49414.612499999996,8700.0,106600.76250000001,23697.0,8632.61,78990.0,1691119.61,6.303561372574943,15.864047970576195,4.150015920319694
meiapraia_3q,Meia Praia | 3 quartos,p75,p25,0.55,0.3,0.08,820.5,1579800.0,164715.375,49414.612499999996,8700.0,106600.76250000001,23697.0,8632.61,126384.0,1738513.61,6.131718606447953,16.308641413329475,4.150015920319694
meiapraia_3q,Meia Praia | 3 quartos,p75,p25,0.55,0.4,0.03,820.5,1579800.0,164715.375,65886.15000000001,8700.0,90129.22499999999,23697.0,8632.61,47394.0,1659523.61,5.431029992999014,18.41271363422908,4.841685240372977
meiapraia_3q,Meia Praia | 3 quartos,p75,p25,0.55,0.4,0.05,820.5,1579800.0,164715.375,65886.15000000001,8700.0,90129.22499999999,23697.0,8632.61,78990.0,1691119.61,5.3295594508539805,18.76327695040094,4.841685240372977
meiapraia_3q,Meia Praia | 3 quartos,p75,p25,0.55,0.4,0.08,820.5,1579800.0,164715.375,65886.15000000001,8700.0,90129.22499999999,23697.0,8632.61,126384.0,1738513.61,5.184269164277637,19.289121924658737,4.841685240372977
meiapraia_3q,Meia Praia | 3 quartos,p75,p25,0.7,0.2,0.03,820.5,1579800.0,209637.75,41927.55,8700.0,159010.2,23697.0,8632.61,47394.0,1659523.61,9.581677479117035,10.436585891974225,3.631263930279732
meiapraia_3q,Meia Praia | 3 quartos,p75,p25,0.7,0.2,0.05,820.5,1579800.0,209637.75,41927.55,8700.0,159010.2,23697.0,8632.61,78990.0,1691119.61,9.40265839623254,10.635290126042229,3.631263930279732
meiapraia_3q,Meia Praia | 3 quartos,p75,p25,0.7,0.2,0.08,820.5,1579800.0,209637.75,41927.55,8700.0,159010.2,23697.0,8632.61,126384.0,1738513.61,9.146330467898954,10.933346477144234,3.631263930279732
meiapraia_3q,Meia Praia | 3 quartos,p75,p25,0.7,0.3,0.03,820.5,1579800.0,209637.75,62891.325,8700.0,138046.425,23697.0,8632.61,47394.0,1659523.61,8.318436939863723,12.021489220021454,4.150015920319694
meiapraia_3q,Meia Praia | 3 quartos,p75,p25,0.7,0.3,0.05,820.5,1579800.0,209637.75,62891.325,8700.0,138046.425,23697.0,8632.61,78990.0,1691119.61,8.1630195867695,12.250368743703433,4.150015920319694
meiapraia_3q,Meia Praia | 3 quartos,p75,p25,0.7,0.3,0.08,820.5,1579800.0,209637.75,62891.325,8700.0,138046.425,23697.0,8632.61,126384.0,1738513.61,7.940485723318552,12.593688029226401,4.150015920319694
meiapraia_3q,Meia Praia | 3 quartos,p75,p25,0.7,0.4,0.03,820.5,1579800.0,209637.75,83855.1,8700.0,117082.65,23697.0,8632.61,47394.0,1659523.61,7.055196400610413,14.173949855081005,4.841685240372977
meiapraia_3q,Meia Praia | 3 quartos,p75,p25,0.7,0.4,0.05,820.5,1579800.0,209637.75,83855.1,8700.0,117082.65,23697.0,8632.61,78990.0,1691119.61,6.923380777306461,14.443810504801524,4.841685240372977
meiapraia_3q,Meia Praia | 3 quartos,p75,p25,0.7,0.4,0.08,820.5,1579800.0,209637.75,83855.1,8700.0,117082.65,23697.0,8632.61,126384.0,1738513.61,6.734640978738153,14.848601479382301,4.841685240372977
meiapraia_3q,Meia Praia | 3 quartos,p75,mediana,0.4,0.2,0.03,820.5,1885000.0,119793.0,23958.600000000002,8700.0,87134.4,28275.0,9368.99,56550.0,1979193.99,4.402519431660157,22.714266581281333,3.631263930279732
meiapraia_3q,Meia Praia | 3 quartos,p75,mediana,0.4,0.2,0.05,820.5,1885000.0,119793.0,23958.600000000002,8700.0,87134.4,28275.0,9368.99,94250.0,2016893.99,4.320227063594949,23.146931521878845,3.631263930279732
meiapraia_3q,Meia Praia | 3 quartos,p75,mediana,0.4,0.2,0.08,820.5,1885000.0,119793.0,23958.600000000002,8700.0,87134.4,28275.0,9368.99,150800.0,2073443.99,4.202399506340174,23.795928932775116,3.631263930279732
meiapraia_3q,Meia Praia | 3 quartos,p75,mediana,0.4,0.3,0.03,820.5,1885000.0,119793.0,35937.9,8700.0,75155.1,28275.0,9368.99,56550.0,1979193.99,3.7972578928455625,26.33479284838953,4.150015920319694
meiapraia_3q,Meia Praia | 3 quartos,p75,mediana,0.4,0.3,0.05,820.5,1885000.0,119793.0,35937.9,8700.0,75155.1,28275.0,9368.99,94250.0,2016893.99,3.726279138746405,26.83642214566942,4.150015920319694
meiapraia_3q,Meia Praia | 3 quartos,p75,mediana,0.4,0.3,0.08,820.5,1885000.0,119793.0,35937.9,8700.0,75155.1,28275.0,9368.99,150800.0,2073443.99,3.624650598832911,27.588866091589257,4.150015920319694
meiapraia_3q,Meia Praia | 3 quartos,p75,mediana,0.4,0.4,0.03,820.5,1885000.0,119793.0,47917.200000000004,8700.0,63175.79999999999,28275.0,9368.99,56550.0,1979193.99,3.1919963540309655,31.3283565859079,4.841685240372977
meiapraia_3q,Meia Praia | 3 quartos,p75,mediana,0.4,0.4,0.05,820.5,1885000.0,119793.0,47917.200000000004,8700.0,63175.79999999999,28275.0,9368.99,94250.0,2016893.99,3.1323312138978605,31.925104074661505,4.841685240372977
meiapraia_3q,Meia Praia | 3 quartos,p75,mediana,0.4,0.4,0.08,820.5,1885000.0,119793.0,47917.200000000004,8700.0,63175.79999999999,28275.0,9368.99,150800.0,2073443.99,3.0469016913256475,32.820225307791915,4.841685240372977
meiapraia_3q,Meia Praia | 3 quartos,p75,mediana,0.55,0.2,0.03,820.5,1885000.0,164715.375,32943.075000000004,8700.0,123072.29999999999,28275.0,9368.99,56550.0,1979193.99,6.2183040481039455,16.08155523216841,3.631263930279732
meiapraia_3q,Meia Praia | 3 quartos,p75,mediana,0.55,0.2,0.05,820.5,1885000.0,164715.375,32943.075000000004,8700.0,123072.29999999999,28275.0,9368.99,94250.0,2016893.99,6.10207083814058,16.387879238463896,3.631263930279732
meiapraia_3q,Meia Praia | 3 quartos,p75,mediana,0.55,0.2,0.08,820.5,1885000.0,164715.375,32943.075000000004,8700.0,123072.29999999999,28275.0,9368.99,150800.0,2073443.99,5.935646228861962,16.847365247907128,3.631263930279732
meiapraia_3q,Meia Praia | 3 quartos,p75,mediana,0.55,0.3,0.03,820.5,1885000.0,164715.375,49414.612499999996,8700.0,106600.76250000001,28275.0,9368.99,56550.0,1979193.99,5.386069432233877,18.566414944733626,4.150015920319694
meiapraia_3q,Meia Praia | 3 quartos,p75,mediana,0.55,0.3,0.05,820.5,1885000.0,164715.375,49414.612499999996,8700.0,106600.76250000001,28275.0,9368.99,94250.0,2016893.99,5.285392441473833,18.920070951650086,4.150015920319694
meiapraia_3q,Meia Praia | 3 quartos,p75,mediana,0.55,0.3,0.08,820.5,1885000.0,164715.375,49414.612499999996,8700.0,106600.76250000001,28275.0,9368.99,150800.0,2073443.99,5.141241481039476,19.45055496202478,4.150015920319694
meiapraia_3q,Meia Praia | 3 quartos,p75,mediana,0.55,0.4,0.03,820.5,1885000.0,164715.375,65886.15000000001,8700.0,90129.22499999999,28275.0,9368.99,56550.0,1979193.99,4.553834816363806,21.959514130960297,4.841685240372977
meiapraia_3q,Meia Praia | 3 quartos,p75,mediana,0.55,0.4,0.05,820.5,1885000.0,164715.375,65886.15000000001,8700.0,90129.22499999999,28275.0,9368.99,94250.0,2016893.99,4.468714044807085,22.37780242756997,4.841685240372977
meiapraia_3q,Meia Praia | 3 quartos,p75,mediana,0.55,0.4,0.08,820.5,1885000.0,164715.375,65886.15000000001,8700.0,90129.22499999999,28275.0,9368.99,150800.0,2073443.99,4.346836733216989,23.005234872484483,4.841685240372977
meiapraia_3q,Meia Praia | 3 quartos,p75,mediana,0.7,0.2,0.03,820.5,1885000.0,209637.75,41927.55,8700.0,159010.2,28275.0,9368.99,56550.0,1979193.99,8.034088664547735,12.446962459012063,3.631263930279732
meiapraia_3q,Meia Praia | 3 quartos,p75,mediana,0.7,0.2,0.05,820.5,1885000.0,209637.75,41927.55,8700.0,159010.2,28275.0,9368.99,94250.0,2016893.99,7.883914612686213,12.68405416759428,3.631263930279732
meiapraia_3q,Meia Praia | 3 quartos,p75,mediana,0.7,0.2,0.08,820.5,1885000.0,209637.75,41927.55,8700.0,159010.2,28275.0,9368.99,150800.0,2073443.99,7.668892951383752,13.039691730467604,3.631263930279732
meiapraia_3q,Meia Praia | 3 quartos,p75,mediana,0.7,0.3,0.03,820.5,1885000.0,209637.75,62891.325,8700.0,138046.425,28275.0,9368.99,56550.0,1979193.99,6.97488097162219,14.337162226403183,4.150015920319694
meiapraia_3q,Meia Praia | 3 quartos,p75,mediana,0.7,0.3,0.05,820.5,1885000.0,209637.75,62891.325,8700.0,138046.425,28275.0,9368.99,94250.0,2016893.99,6.84450574420126,14.610258758964603,4.150015920319694
meiapraia_3q,Meia Praia | 3 quartos,p75,mediana,0.7,0.3,0.08,820.5,1885000.0,209637.75,62891.325,8700.0,138046.425,28275.0,9368.99,150800.0,2073443.99,6.657832363246039,15.019903557806732,4.150015920319694
meiapraia_3q,Meia Praia | 3 quartos,p75,mediana,0.7,0.4,0.03,820.5,1885000.0,209637.75,83855.1,8700.0,117082.65,28275.0,9368.99,56550.0,1979193.99,5.915673278696647,16.90424661553185,4.841685240372977
meiapraia_3q,Meia Praia | 3 quartos,p75,mediana,0.7,0.4,0.05,820.5,1885000.0,209637.75,83855.1,8700.0,117082.65,28275.0,9368.99,94250.0,2016893.99,5.805096875716308,17.226241377351812,4.841685240372977
meiapraia_3q,Meia Praia | 3 quartos,p75,mediana,0.7,0.4,0.08,820.5,1885000.0,209637.75,83855.1,8700.0,117082.65,28275.0,9368.99,150800.0,2073443.99,5.646771775108331,17.709233520081757,4.841685240372977
meiapraia_3q,Meia Praia | 3 quartos,p75,p75,0.4,0.2,0.03,820.5,2399240.0,119793.0,23958.600000000002,8700.0,87134.4,35988.6,10596.29,71977.2,2517802.0900000003,3.460732690074143,28.89561516461926,3.631263930279732
meiapraia_3q,Meia Praia | 3 quartos,p75,p75,0.4,0.2,0.05,820.5,2399240.0,119793.0,23958.600000000002,8700.0,87134.4,35988.6,10596.29,119962.0,2565786.89,3.396010804311187,29.446313855377444,3.631263930279732
meiapraia_3q,Meia Praia | 3 quartos,p75,p75,0.4,0.2,0.08,820.5,2399240.0,119793.0,23958.600000000002,8700.0,87134.4,35988.6,10596.29,191939.2,2637764.0900000003,3.3033431734981265,30.272361891514723,3.631263930279732
meiapraia_3q,Meia Praia | 3 quartos,p75,p75,0.4,0.3,0.03,820.5,2399240.0,119793.0,35937.9,8700.0,75155.1,35988.6,10596.29,71977.2,2517802.0900000003,2.9849486700521406,33.50141360998788,4.150015920319694
meiapraia_3q,Meia Praia | 3 quartos,p75,p75,0.4,0.3,0.05,820.5,2399240.0,119793.0,35937.9,8700.0,75155.1,35988.6,10596.29,119962.0,2565786.89,2.9291247957074096,34.13989057296178,4.150015920319694
meiapraia_3q,Meia Praia | 3 quartos,p75,p75,0.4,0.3,0.08,820.5,2399240.0,119793.0,35937.9,8700.0,75155.1,35988.6,10596.29,191939.2,2637764.0900000003,2.8491971774473583,35.097606017422635,4.150015920319694
meiapraia_3q,Meia Praia | 3 quartos,p75,p75,0.4,0.4,0.03,820.5,2399240.0,119793.0,47917.200000000004,8700.0,63175.79999999999,35988.6,10596.29,71977.2,2517802.0900000003,2.509164650030137,39.85390117734957,4.841685240372977
meiapraia_3q,Meia Praia | 3 quartos,p75,p75,0.4,0.4,0.05,820.5,2399240.0,119793.0,47917.200000000004,8700.0,63175.79999999999,35988.6,10596.29,119962.0,2565786.89,2.4622387871036313,40.613445179958156,4.841685240372977
meiapraia_3q,Meia Praia | 3 quartos,p75,p75,0.4,0.4,0.08,820.5,2399240.0,119793.0,47917.200000000004,8700.0,63175.79999999999,35988.6,10596.29,191939.2,2637764.0900000003,2.395051181396589,41.75276118387105,4.841685240372977
meiapraia_3q,Meia Praia | 3 quartos,p75,p75,0.55,0.2,0.03,820.5,2399240.0,164715.375,32943.075000000004,8700.0,123072.29999999999,35988.6,10596.29,71977.2,2517802.0900000003,4.88808475014015,20.457910431510587,3.631263930279732
meiapraia_3q,Meia Praia | 3 quartos,p75,p75,0.55,0.2,0.05,820.5,2399240.0,164715.375,32943.075000000004,8700.0,123072.29999999999,35988.6,10596.29,119962.0,2565786.89,4.7966688301225195,20.84780157679673,3.631263930279732
meiapraia_3q,Meia Praia | 3 quartos,p75,p75,0.55,0.2,0.08,820.5,2399240.0,164715.375,32943.075000000004,8700.0,123072.29999999999,35988.6,10596.29,191939.2,2637764.0900000003,4.6657811616504326,21.43263829472595,3.631263930279732
meiapraia_3q,Meia Praia | 3 quartos,p75,p75,0.55,0.3,0.03,820.5,2399240.0,164715.375,49414.612499999996,8700.0,106600.76250000001,35988.6,10596.29,71977.2,2517802.0900000003,4.2338817226098975,23.618987622157018,4.150015920319694
meiapraia_3q,Meia Praia | 3 quartos,p75,p75,0.55,0.3,0.05,820.5,2399240.0,164715.375,49414.612499999996,8700.0,106600.76250000001,35988.6,10596.29,119962.0,2565786.89,4.154700568292326,24.069123239151313,4.150015920319694
meiapraia_3q,Meia Praia | 3 quartos,p75,p75,0.55,0.3,0.08,820.5,2399240.0,164715.375,49414.612499999996,8700.0,106600.76250000001,35988.6,10596.29,191939.2,2637764.0900000003,4.041330417080627,24.74432666464276,4.150015920319694
meiapraia_3q,Meia Praia | 3 quartos,p75,p75,0.55,0.4,0.03,820.5,2399240.0,164715.375,65886.15000000001,8700.0,90129.22499999999,35988.6,10596.29,71977.2,2517802.0900000003,3.579678695079643,27.93546810149539,4.841685240372977
meiapraia_3q,Meia Praia | 3 quartos,p75,p75,0.55,0.4,0.05,820.5,2399240.0,164715.375,65886.15000000001,8700.0,90129.22499999999,35988.6,10596.29,119962.0,2565786.89,3.512732306462131,28.467868108263445,4.841685240372977
meiapraia_3q,Meia Praia | 3 quartos,p75,p75,0.55,0.4,0.08,820.5,2399240.0,164715.375,65886.15000000001,8700.0,90129.22499999999,35988.6,10596.29,191939.2,2637764.0900000003,3.416879672510819,29.26646811841554,4.841685240372977
meiapraia_3q,Meia Praia | 3 quartos,p75,p75,0.7,0.2,0.03,820.5,2399240.0,209637.75,41927.55,8700.0,159010.2,35988.6,10596.29,71977.2,2517802.0900000003,6.315436810206158,15.8342174904503,3.631263930279732
meiapraia_3q,Meia Praia | 3 quartos,p75,p75,0.7,0.2,0.05,820.5,2399240.0,209637.75,41927.55,8700.0,159010.2,35988.6,10596.29,119962.0,2565786.89,6.197326855933854,16.13598932647088,3.631263930279732
meiapraia_3q,Meia Praia | 3 quartos,p75,p75,0.7,0.2,0.08,820.5,2399240.0,209637.75,41927.55,8700.0,159010.2,35988.6,10596.29,191939.2,2637764.0900000003,6.02821914980274,16.588647080501755,3.631263930279732
meiapraia_3q,Meia Praia | 3 quartos,p75,p75,0.7,0.3,0.03,820.5,2399240.0,209637.75,62891.325,8700.0,138046.425,35988.6,10596.29,71977.2,2517802.0900000003,5.482814775167653,18.238806908617885,4.150015920319694
meiapraia_3q,Meia Praia | 3 quartos,p75,p75,0.7,0.3,0.05,820.5,2399240.0,209637.75,62891.325,8700.0,138046.425,35988.6,10596.29,119962.0,2565786.89,5.380276340877241,18.58640591380762,4.150015920319694
meiapraia_3q,Meia Praia | 3 quartos,p75,p75,0.7,0.3,0.08,820.5,2399240.0,209637.75,62891.325,8700.0,138046.425,35988.6,10596.29,191939.2,2637764.0900000003,5.233463656713894,19.10780442159223,4.150015920319694
meiapraia_3q,Meia Praia | 3 quartos,p75,p75,0.7,0.4,0.03,820.5,2399240.0,209637.75,83855.1,8700.0,117082.65,35988.6,10596.29,71977.2,2517802.0900000003,4.650192740129149,21.5044849941473,4.841685240372977
meiapraia_3q,Meia Praia | 3 quartos,p75,p75,0.7,0.4,0.05,820.5,2399240.0,209637.75,83855.1,8700.0,117082.65,35988.6,10596.29,119962.0,2565786.89,4.5632258258206315,21.914321976825775,4.841685240372977
meiapraia_3q,Meia Praia | 3 quartos,p75,p75,0.7,0.4,0.08,820.5,2399240.0,209637.75,83855.1,8700.0,117082.65,35988.6,10596.29,191939.2,2637764.0900000003,4.43870816362505,22.529077450843488,4.841685240372977
meiapraia_4maisq,Meia Praia | 4+ quartos,p25,p25,0.4,0.2,0.03,827.375,2800000.0,120796.75,24159.350000000002,14400.0,82237.4,42000.0,11578.130000000001,84000.0,2937578.13,2.799496604367762,35.72070773151875,5.960425259785549
meiapraia_4maisq,Meia Praia | 4+ quartos,p25,p25,0.4,0.2,0.05,827.375,2800000.0,120796.75,24159.350000000002,14400.0,82237.4,42000.0,11578.130000000001,140000.0,2993578.13,2.7471272313176605,36.40166311191745,5.960425259785549
meiapraia_4maisq,Meia Praia | 4+ quartos,p25,p25,0.4,0.2,0.08,827.375,2800000.0,120796.75,24159.350000000002,14400.0,82237.4,42000.0,11578.130000000001,224000.0,3077578.13,2.6721466206935904,37.4230961825155,5.960425259785549
meiapraia_4maisq,Meia Praia | 4+ quartos,p25,p25,0.4,0.3,0.03,827.375,2800000.0,120796.75,36239.025,14400.0,70157.725,42000.0,11578.130000000001,84000.0,2937578.13,2.3882845628347598,41.87105739246818,6.811914582612055
meiapraia_4maisq,Meia Praia | 4+ quartos,p25,p25,0.4,0.3,0.05,827.375,2800000.0,120796.75,36239.025,14400.0,70157.725,42000.0,11578.130000000001,140000.0,2993578.13,2.343607614477061,42.66925887348827,6.811914582612055
meiapraia_4maisq,Meia Praia | 4+ quartos,p25,p25,0.4,0.3,0.08,827.375,2800000.0,120796.75,36239.025,14400.0,70157.725,42000.0,11578.130000000001,224000.0,3077578.13,2.2796407446526796,43.8665610950184,6.811914582612055
meiapraia_4maisq,Meia Praia | 4+ quartos,p25,p25,0.4,0.4,0.03,827.375,2800000.0,120796.75,48318.700000000004,14400.0,58078.04999999999,42000.0,11578.130000000001,84000.0,2937578.13,1.9770725213017566,50.57983403368399,7.947233679714065
meiapraia_4maisq,Meia Praia | 4+ quartos,p25,p25,0.4,0.4,0.05,827.375,2800000.0,120796.75,48318.700000000004,14400.0,58078.04999999999,42000.0,11578.130000000001,140000.0,2993578.13,1.9400879976364602,51.544053734586484,7.947233679714065
meiapraia_4maisq,Meia Praia | 4+ quartos,p25,p25,0.4,0.4,0.08,827.375,2800000.0,120796.75,48318.700000000004,14400.0,58078.04999999999,42000.0,11578.130000000001,224000.0,3077578.13,1.8871348686117677,52.99038328594022,7.947233679714065
meiapraia_4maisq,Meia Praia | 4+ quartos,p25,p25,0.55,0.2,0.03,827.375,2800000.0,166095.53125,33219.106250000004,14400.0,118476.42499999999,42000.0,11578.130000000001,84000.0,2937578.13,4.033132728966769,24.794621630421414,5.960425259785549
meiapraia_4maisq,Meia Praia | 4+ quartos,p25,p25,0.55,0.2,0.05,827.375,2800000.0,166095.53125,33219.106250000004,14400.0,118476.42499999999,42000.0,11578.130000000001,140000.0,2993578.13,3.957686081839461,25.267289505063985,5.960425259785549
meiapraia_4maisq,Meia Praia | 4+ quartos,p25,p25,0.55,0.2,0.08,827.375,2800000.0,166095.53125,33219.106250000004,14400.0,118476.42499999999,42000.0,11578.130000000001,224000.0,3077578.13,3.849664248816324,25.97629131702784,5.960425259785549
meiapraia_4maisq,Meia Praia | 4+ quartos,p25,p25,0.55,0.3,0.03,827.375,2800000.0,166095.53125,49828.659374999996,14400.0,101866.87187500001,42000.0,11578.130000000001,84000.0,2937578.13,3.4677161718588914,28.837423550265463,6.811914582612055
meiapraia_4maisq,Meia Praia | 4+ quartos,p25,p25,0.55,0.3,0.05,827.375,2800000.0,166095.53125,49828.659374999996,14400.0,101866.87187500001,42000.0,11578.130000000001,140000.0,2993578.13,3.4028466086836366,29.38716066272649,6.811914582612055
meiapraia_4maisq,Meia Praia | 4+ quartos,p25,p25,0.55,0.3,0.08,827.375,2800000.0,166095.53125,49828.659374999996,14400.0,101866.87187500001,42000.0,11578.130000000001,224000.0,3077578.13,3.3099686692600723,30.211766331418033,6.811914582612055
meiapraia_4maisq,Meia Praia | 4+ quartos,p25,p25,0.55,0.4,0.03,827.375,2800000.0,166095.53125,66438.21250000001,14400.0,85257.31874999999,42000.0,11578.130000000001,84000.0,2937578.13,2.9022996147510125,34.455436472426015,7.947233679714065
meiapraia_4maisq,Meia Praia | 4+ quartos,p25,p25,0.55,0.4,0.05,827.375,2800000.0,166095.53125,66438.21250000001,14400.0,85257.31874999999,42000.0,11578.130000000001,140000.0,2993578.13,2.8480071355278103,35.11227157844441,7.947233679714065
meiapraia_4maisq,Meia Praia | 4+ quartos,p25,p25,0.55,0.4,0.08,827.375,2800000.0,166095.53125,66438.21250000001,14400.0,85257.31874999999,42000.0,11578.130000000001,224000.0,3077578.13,2.770273089703818,36.097524237471994,7.947233679714065
meiapraia_4maisq,Meia Praia | 4+ quartos,p25,p25,0.7,0.2,0.03,827.375,2800000.0,211394.3125,42278.8625,14400.0,154715.45,42000.0,11578.130000000001,84000.0,2937578.13,5.266768853565778,18.986973375962126,5.960425259785549
meiapraia_4maisq,Meia Praia | 4+ quartos,p25,p25,0.7,0.2,0.05,827.375,2800000.0,211394.3125,42278.8625,14400.0,154715.45,42000.0,11578.130000000001,140000.0,2993578.13,5.168244932361262,19.348928177502632,5.960425259785549
meiapraia_4maisq,Meia Praia | 4+ quartos,p25,p25,0.7,0.2,0.08,827.375,2800000.0,211394.3125,42278.8625,14400.0,154715.45,42000.0,11578.130000000001,224000.0,3077578.13,5.02718187693906,19.89186037981339,5.960425259785549
meiapraia_4maisq,Meia Praia | 4+ quartos,p25,p25,0.7,0.3,0.03,827.375,2800000.0,211394.3125,63418.29375,14400.0,133576.01875,42000.0,11578.130000000001,84000.0,2937578.13,4.547147780883023,21.99180779222019,6.811914582612055
meiapraia_4maisq,Meia Praia | 4+ quartos,p25,p25,0.7,0.3,0.05,827.375,2800000.0,211394.3125,63418.29375,14400.0,133576.01875,42000.0,11578.130000000001,140000.0,2993578.13,4.462085602890211,22.4110447220527,6.811914582612055
meiapraia_4maisq,Meia Praia | 4+ quartos,p25,p25,0.7,0.3,0.08,827.375,2800000.0,211394.3125,63418.29375,14400.0,133576.01875,42000.0,11578.130000000001,224000.0,3077578.13,4.340296593867464,23.03990011680147,6.811914582612055
meiapraia_4maisq,Meia Praia | 4+ quartos,p25,p25,0.7,0.4,0.03,827.375,2800000.0,211394.3125,84557.725,14400.0,112436.5875,42000.0,11578.130000000001,84000.0,2937578.13,3.8275267082002684,26.126532255347932,7.947233679714065
meiapraia_4maisq,Meia Praia | 4+ quartos,p25,p25,0.7,0.4,0.05,827.375,2800000.0,211394.3125,84557.725,14400.0,112436.5875,42000.0,11578.130000000001,140000.0,2993578.13,3.7559262734191607,26.624590772109656,7.947233679714065
meiapraia_4maisq,Meia Praia | 4+ quartos,p25,p25,0.7,0.4,0.08,827.375,2800000.0,211394.3125,84557.725,14400.0,112436.5875,42000.0,11578.130000000001,224000.0,3077578.13,3.6534113107958692,27.371678547252245,7.947233679714065
meiapraia_4maisq,Meia Praia | 4+ quartos,p25,mediana,0.4,0.2,0.03,827.375,3700000.0,120796.75,24159.350000000002,14400.0,82237.4,55500.0,13787.27,111000.0,3880287.27,2.1193637037084625,47.18397310712645,5.960425259785549
meiapraia_4maisq,Meia Praia | 4+ quartos,p25,mediana,0.4,0.2,0.05,827.375,3700000.0,120796.75,24159.350000000002,14400.0,82237.4,55500.0,13787.27,185000.0,3954287.27,2.0797022164755368,48.083807002653295,5.960425259785549
meiapraia_4maisq,Meia Praia | 4+ quartos,p25,mediana,0.4,0.2,0.08,827.375,3700000.0,120796.75,24159.350000000002,14400.0,82237.4,55500.0,13787.27,296000.0,4065287.27,2.0229173128028415,49.433557845943575,5.960425259785549
meiapraia_4maisq,Meia Praia | 4+ quartos,p25,mediana,0.4,0.3,0.03,827.375,3700000.0,120796.75,36239.025,14400.0,70157.725,55500.0,13787.27,111000.0,3880287.27,1.8080549226964842,55.30805438745341,6.811914582612055
meiapraia_4maisq,Meia Praia | 4+ quartos,p25,mediana,0.4,0.3,0.05,827.375,3700000.0,120796.75,36239.025,14400.0,70157.725,55500.0,13787.27,185000.0,3954287.27,1.7742192261110055,56.362820630229955,6.811914582612055
meiapraia_4maisq,Meia Praia | 4+ quartos,p25,mediana,0.4,0.3,0.08,827.375,3700000.0,120796.75,36239.025,14400.0,70157.725,55500.0,13787.27,296000.0,4065287.27,1.7257753349371545,57.94496999439477,6.811914582612055
meiapraia_4maisq,Meia Praia | 4+ quartos,p25,mediana,0.4,0.4,0.03,827.375,3700000.0,120796.75,48318.700000000004,14400.0,58078.04999999999,55500.0,13787.27,111000.0,3880287.27,1.4967461416845045,66.81159698027052,7.947233679714065
meiapraia_4maisq,Meia Praia | 4+ quartos,p25,mediana,0.4,0.4,0.05,827.375,3700000.0,120796.75,48318.700000000004,14400.0,58078.04999999999,55500.0,13787.27,185000.0,3954287.27,1.4687362357464733,68.0857444421774,7.947233679714065
meiapraia_4maisq,Meia Praia | 4+ quartos,p25,mediana,0.4,0.4,0.08,827.375,3700000.0,120796.75,48318.700000000004,14400.0,58078.04999999999,55500.0,13787.27,296000.0,4065287.27,1.4286333570714669,69.9969656350377,7.947233679714065
meiapraia_4maisq,Meia Praia | 4+ quartos,p25,mediana,0.55,0.2,0.03,827.375,3700000.0,166095.53125,33219.106250000004,14400.0,118476.42499999999,55500.0,13787.27,111000.0,3880287.27,3.0532900467443995,32.75155601631295,5.960425259785549
meiapraia_4maisq,Meia Praia | 4+ quartos,p25,mediana,0.55,0.2,0.05,827.375,3700000.0,166095.53125,33219.106250000004,14400.0,118476.42499999999,55500.0,13787.27,185000.0,3954287.27,2.9961511875691316,33.376152850662066,5.960425259785549
meiapraia_4maisq,Meia Praia | 4+ quartos,p25,mediana,0.55,0.2,0.08,827.375,3700000.0,166095.53125,33219.106250000004,14400.0,118476.42499999999,55500.0,13787.27,296000.0,4065287.27,2.914343246399903,34.31304810218573,5.960425259785549
meiapraia_4maisq,Meia Praia | 4+ quartos,p25,mediana,0.55,0.3,0.03,827.375,3700000.0,166095.53125,49828.659374999996,14400.0,101866.87187500001,55500.0,13787.27,111000.0,3880287.27,2.625240472852929,38.09174855944794,6.811914582612055
meiapraia_4maisq,Meia Praia | 4+ quartos,p25,mediana,0.55,0.3,0.05,827.375,3700000.0,166095.53125,49828.659374999996,14400.0,101866.87187500001,55500.0,13787.27,185000.0,3954287.27,2.576112075817901,38.81818688662859,6.811914582612055
meiapraia_4maisq,Meia Praia | 4+ quartos,p25,mediana,0.55,0.3,0.08,827.375,3700000.0,166095.53125,49828.659374999996,14400.0,101866.87187500001,55500.0,13787.27,296000.0,4065287.27,2.5057730268345835,39.907844377399556,6.811914582612055
meiapraia_4maisq,Meia Praia | 4+ quartos,p25,mediana,0.55,0.4,0.03,827.375,3700000.0,166095.53125,66438.21250000001,14400.0,85257.31874999999,55500.0,13787.27,111000.0,3880287.27,2.1971908989614573,45.51265893521898,7.947233679714065
meiapraia_4maisq,Meia Praia | 4+ quartos,p25,mediana,0.55,0.4,0.05,827.375,3700000.0,166095.53125,66438.21250000001,14400.0,85257.31874999999,55500.0,13787.27,185000.0,3954287.27,2.1560729640666696,46.380619611029,7.947233679714065
meiapraia_4maisq,Meia Praia | 4+ quartos,p25,mediana,0.55,0.4,0.08,827.375,3700000.0,166095.53125,66438.21250000001,14400.0,85257.31874999999,55500.0,13787.27,296000.0,4065287.27,2.0972028072692632,47.68256062474403,7.947233679714065
meiapraia_4maisq,Meia Praia | 4+ quartos,p25,mediana,0.7,0.2,0.03,827.375,3700000.0,211394.3125,42278.8625,14400.0,154715.45,55500.0,13787.27,111000.0,3880287.27,3.9872163897803374,25.080153727374995,5.960425259785549
meiapraia_4maisq,Meia Praia | 4+ quartos,p25,mediana,0.7,0.2,0.05,827.375,3700000.0,211394.3125,42278.8625,14400.0,154715.45,55500.0,13787.27,185000.0,3954287.27,3.912600158662727,25.558451143696377,5.960425259785549
meiapraia_4maisq,Meia Praia | 4+ quartos,p25,mediana,0.7,0.2,0.08,827.375,3700000.0,211394.3125,42278.8625,14400.0,154715.45,55500.0,13787.27,296000.0,4065287.27,3.805769179996965,26.27589726817845,5.960425259785549
meiapraia_4maisq,Meia Praia | 4+ quartos,p25,mediana,0.7,0.3,0.03,827.375,3700000.0,211394.3125,63418.29375,14400.0,133576.01875,55500.0,13787.27,111000.0,3880287.27,3.4424260230093733,29.04928074898175,6.811914582612055
meiapraia_4maisq,Meia Praia | 4+ quartos,p25,mediana,0.7,0.3,0.05,827.375,3700000.0,211394.3125,63418.29375,14400.0,133576.01875,55500.0,13787.27,185000.0,3954287.27,3.378004925524796,29.603272406260427,6.811914582612055
meiapraia_4maisq,Meia Praia | 4+ quartos,p25,mediana,0.7,0.3,0.08,827.375,3700000.0,211394.3125,63418.29375,14400.0,133576.01875,55500.0,13787.27,296000.0,4065287.27,3.285770718732012,30.434259892178442,6.811914582612055
meiapraia_4maisq,Meia Praia | 4+ quartos,p25,mediana,0.7,0.4,0.03,827.375,3700000.0,211394.3125,84557.725,14400.0,112436.5875,55500.0,13787.27,111000.0,3880287.27,2.8976356562384105,34.510895041171544,7.947233679714065
meiapraia_4maisq,Meia Praia | 4+ quartos,p25,mediana,0.7,0.4,0.05,827.375,3700000.0,211394.3125,84557.725,14400.0,112436.5875,55500.0,13787.27,185000.0,3954287.27,2.843409692386866,35.16904379546382,7.947233679714065
meiapraia_4maisq,Meia Praia | 4+ quartos,p25,mediana,0.7,0.4,0.08,827.375,3700000.0,211394.3125,84557.725,14400.0,112436.5875,55500.0,13787.27,296000.0,4065287.27,2.7657722574670593,36.15626692690224,7.947233679714065
meiapraia_4maisq,Meia Praia | 4+ quartos,p25,p75,0.4,0.2,0.03,827.375,5463500.0,120796.75,24159.350000000002,14400.0,82237.4,81952.5,18082.82,163905.0,5727440.32,1.4358490949758163,69.64520181815088,5.960425259785549
meiapraia_4maisq,Meia Praia | 4+ quartos,p25,p75,0.4,0.2,0.05,827.375,5463500.0,120796.75,24159.350000000002,14400.0,82237.4,81952.5,18082.82,273175.0,5836710.32,1.4089683313253756,70.97391600415384,5.960425259785549
meiapraia_4maisq,Meia Praia | 4+ quartos,p25,p75,0.4,0.2,0.08,827.375,5463500.0,120796.75,24159.350000000002,14400.0,82237.4,81952.5,18082.82,437080.0,6000615.32,1.370482785755378,72.96698728315828,5.960425259785549
meiapraia_4maisq,Meia Praia | 4+ quartos,p25,p75,0.4,0.3,0.03,827.375,5463500.0,120796.75,36239.025,14400.0,70157.725,81952.5,18082.82,163905.0,5727440.32,1.2249403063181985,81.63663117639575,6.811914582612055
meiapraia_4maisq,Meia Praia | 4+ quartos,p25,p75,0.4,0.3,0.05,827.375,5463500.0,120796.75,36239.025,14400.0,70157.725,81952.5,18082.82,273175.0,5836710.32,1.2020080002873947,83.1941218162362,6.811914582612055
meiapraia_4maisq,Meia Praia | 4+ quartos,p25,p75,0.4,0.3,0.08,827.375,5463500.0,120796.75,36239.025,14400.0,70157.725,81952.5,18082.82,437080.0,6000615.32,1.1691755138204727,85.53035777599686,6.811914582612055
meiapraia_4maisq,Meia Praia | 4+ quartos,p25,p75,0.4,0.4,0.03,827.375,5463500.0,120796.75,48318.700000000004,14400.0,58078.04999999999,81952.5,18082.82,163905.0,5727440.32,1.01403151766058,98.61626414798708,7.947233679714065
meiapraia_4maisq,Meia Praia | 4+ quartos,p25,p75,0.4,0.4,0.05,827.375,5463500.0,120796.75,48318.700000000004,14400.0,58078.04999999999,81952.5,18082.82,273175.0,5836710.32,0.9950476692494135,100.49769783937307,7.947233679714065
meiapraia_4maisq,Meia Praia | 4+ quartos,p25,p75,0.4,0.4,0.08,827.375,5463500.0,120796.75,48318.700000000004,14400.0,58078.04999999999,81952.5,18082.82,437080.0,6000615.32,0.967868241885567,103.31984837645206,7.947233679714065
meiapraia_4maisq,Meia Praia | 4+ quartos,p25,p75,0.55,0.2,0.03,827.375,5463500.0,166095.53125,33219.106250000004,14400.0,118476.42499999999,81952.5,18082.82,163905.0,5727440.32,2.06857546094867,48.34244719993873,5.960425259785549
meiapraia_4maisq,Meia Praia | 4+ quartos,p25,p75,0.55,0.2,0.05,827.375,5463500.0,166095.53125,33219.106250000004,14400.0,118476.42499999999,81952.5,18082.82,273175.0,5836710.32,2.0298493244393185,49.26474039033505,5.960425259785549
meiapraia_4maisq,Meia Praia | 4+ quartos,p25,p75,0.55,0.2,0.08,827.375,5463500.0,166095.53125,33219.106250000004,14400.0,118476.42499999999,81952.5,18082.82,437080.0,6000615.32,1.9744046015600945,50.648180175929525,5.960425259785549
meiapraia_4maisq,Meia Praia | 4+ quartos,p25,p75,0.55,0.3,0.03,827.375,5463500.0,166095.53125,49828.659374999996,14400.0,101866.87187500001,81952.5,18082.82,163905.0,5727440.32,1.7785758765444457,56.2247589876726,6.811914582612055
meiapraia_4maisq,Meia Praia | 4+ quartos,p25,p75,0.55,0.3,0.05,827.375,5463500.0,166095.53125,49828.659374999996,14400.0,101866.87187500001,81952.5,18082.82,273175.0,5836710.32,1.745278869262095,57.297433528362184,6.811914582612055
meiapraia_4maisq,Meia Praia | 4+ quartos,p25,p75,0.55,0.3,0.08,827.375,5463500.0,166095.53125,49828.659374999996,14400.0,101866.87187500001,81952.5,18082.82,437080.0,6000615.32,1.6976071026495998,58.906445339396555,6.811914582612055
meiapraia_4maisq,Meia Praia | 4+ quartos,p25,p75,0.55,0.4,0.03,827.375,5463500.0,166095.53125,66438.21250000001,14400.0,85257.31874999999,81952.5,18082.82,163905.0,5727440.32,1.4885762921402206,67.17828338930728,7.947233679714065
meiapraia_4maisq,Meia Praia | 4+ quartos,p25,p75,0.55,0.4,0.05,827.375,5463500.0,166095.53125,66438.21250000001,14400.0,85257.31874999999,81952.5,18082.82,273175.0,5836710.32,1.4607084140848707,68.45993288992567,7.947233679714065
meiapraia_4maisq,Meia Praia | 4+ quartos,p25,p75,0.55,0.4,0.08,827.375,5463500.0,166095.53125,66438.21250000001,14400.0,85257.31874999999,81952.5,18082.82,437080.0,6000615.32,1.4208096037391043,70.38240714085325,7.947233679714065
meiapraia_4maisq,Meia Praia | 4+ quartos,p25,p75,0.7,0.2,0.03,827.375,5463500.0,211394.3125,42278.8625,14400.0,154715.45,81952.5,18082.82,163905.0,5727440.32,2.7013018269215245,37.019187935012305,5.960425259785549
meiapraia_4maisq,Meia Praia | 4+ quartos,p25,p75,0.7,0.2,0.05,827.375,5463500.0,211394.3125,42278.8625,14400.0,154715.45,81952.5,18082.82,273175.0,5836710.32,2.6507303175532617,37.72545224151822,5.960425259785549
meiapraia_4maisq,Meia Praia | 4+ quartos,p25,p75,0.7,0.2,0.08,827.375,5463500.0,211394.3125,42278.8625,14400.0,154715.45,81952.5,18082.82,437080.0,6000615.32,2.5783264173648113,38.784848701277085,5.960425259785549
meiapraia_4maisq,Meia Praia | 4+ quartos,p25,p75,0.7,0.3,0.03,827.375,5463500.0,211394.3125,63418.29375,14400.0,133576.01875,81952.5,18082.82,163905.0,5727440.32,2.3322114467706925,42.877758849209606,6.811914582612055
meiapraia_4maisq,Meia Praia | 4+ quartos,p25,p75,0.7,0.3,0.05,827.375,5463500.0,211394.3125,63418.29375,14400.0,133576.01875,81952.5,18082.82,273175.0,5836710.32,2.288549738236795,43.695794908545295,6.811914582612055
meiapraia_4maisq,Meia Praia | 4+ quartos,p25,p75,0.7,0.3,0.08,827.375,5463500.0,211394.3125,63418.29375,14400.0,133576.01875,81952.5,18082.82,437080.0,6000615.32,2.2260386914787262,44.922848997548826,6.811914582612055
meiapraia_4maisq,Meia Praia | 4+ quartos,p25,p75,0.7,0.4,0.03,827.375,5463500.0,211394.3125,84557.725,14400.0,112436.5875,81952.5,18082.82,163905.0,5727440.32,1.963121066619861,50.93929340393758,7.947233679714065
meiapraia_4maisq,Meia Praia | 4+ quartos,p25,p75,0.7,0.4,0.05,827.375,5463500.0,211394.3125,84557.725,14400.0,112436.5875,81952.5,18082.82,273175.0,5836710.32,1.926369158920328,51.9111300847689,7.947233679714065
meiapraia_4maisq,Meia Praia | 4+ quartos,p25,p75,0.7,0.4,0.08,827.375,5463500.0,211394.3125,84557.725,14400.0,112436.5875,81952.5,18082.82,437080.0,6000615.32,1.8737509655926416,53.368885106015874,7.947233679714065
meiapraia_4maisq,Meia Praia | 4+ quartos,mediana,p25,0.4,0.2,0.03,1125.0,2800000.0,164250.0,32850.0,14400.0,117000.0,42000.0,11578.130000000001,84000.0,2937578.13,3.9828727891571005,25.107505384615383,4.383561643835616
meiapraia_4maisq,Meia Praia | 4+ quartos,mediana,p25,0.4,0.2,0.05,1125.0,2800000.0,164250.0,32850.0,14400.0,117000.0,42000.0,11578.130000000001,140000.0,2993578.13,3.90836634018301,25.586137863247863,4.383561643835616
meiapraia_4maisq,Meia Praia | 4+ quartos,mediana,p25,0.4,0.2,0.08,1125.0,2800000.0,164250.0,32850.0,14400.0,117000.0,42000.0,11578.130000000001,224000.0,3077578.13,3.8016906495238194,26.30408658119658,4.383561643835616
meiapraia_4maisq,Meia Praia | 4+ quartos,mediana,p25,0.4,0.3,0.03,1125.0,2800000.0,164250.0,49275.0,14400.0,100575.0,42000.0,11578.130000000001,84000.0,2937578.13,3.423738724525431,29.20783624161074,5.009784735812133
meiapraia_4maisq,Meia Praia | 4+ quartos,mediana,p25,0.4,0.3,0.05,1125.0,2800000.0,164250.0,49275.0,14400.0,100575.0,42000.0,11578.130000000001,140000.0,2993578.13,3.3596918347342415,29.76463465075814,5.009784735812133
meiapraia_4maisq,Meia Praia | 4+ quartos,mediana,p25,0.4,0.3,0.08,1125.0,2800000.0,164250.0,49275.0,14400.0,100575.0,42000.0,11578.130000000001,224000.0,3077578.13,3.267991769879129,30.599832264479243,5.009784735812133
meiapraia_4maisq,Meia Praia | 4+ quartos,mediana,p25,0.4,0.4,0.03,1125.0,2800000.0,164250.0,65700.0,14400.0,84150.0,42000.0,11578.130000000001,84000.0,2937578.13,2.864604659893761,34.90883101604278,5.844748858447488
meiapraia_4maisq,Meia Praia | 4+ quartos,mediana,p25,0.4,0.4,0.05,1125.0,2800000.0,164250.0,65700.0,14400.0,84150.0,42000.0,11578.130000000001,140000.0,2993578.13,2.8110173292854728,35.574309328579915,5.844748858447488
meiapraia_4maisq,Meia Praia | 4+ quartos,mediana,p25,0.4,0.4,0.08,1125.0,2800000.0,164250.0,65700.0,14400.0,84150.0,42000.0,11578.130000000001,224000.0,3077578.13,2.734292890234439,36.57252679738562,5.844748858447488
meiapraia_4maisq,Meia Praia | 4+ quartos,mediana,p25,0.55,0.2,0.03,1125.0,2800000.0,225843.75000000003,45168.75000000001,14400.0,166275.00000000003,42000.0,11578.130000000001,84000.0,2937578.13,5.660274983052112,17.666986197564274,4.383561643835616
meiapraia_4maisq,Meia Praia | 4+ quartos,mediana,p25,0.55,0.2,0.05,1125.0,2800000.0,225843.75000000003,45168.75000000001,14400.0,166275.00000000003,42000.0,11578.130000000001,140000.0,2993578.13,5.554389856529318,18.00377765749511,4.383561643835616
meiapraia_4maisq,Meia Praia | 4+ quartos,mediana,p25,0.55,0.2,0.08,1125.0,2800000.0,225843.75000000003,45168.75000000001,14400.0,166275.00000000003,42000.0,11578.130000000001,224000.0,3077578.13,5.4027872884578905,18.508964847391365,4.383561643835616
meiapraia_4maisq,Meia Praia | 4+ quartos,mediana,p25,0.55,0.3,0.03,1125.0,2800000.0,225843.75000000003,67753.125,14400.0,143690.62500000003,42000.0,11578.130000000001,84000.0,2937578.13,4.891465644183565,20.443770287727535,5.009784735812133
meiapraia_4maisq,Meia Praia | 4+ quartos,mediana,p25,0.55,0.3,0.05,1125.0,2800000.0,225843.75000000003,67753.125,14400.0,143690.62500000003,42000.0,11578.130000000001,140000.0,2993578.13,4.79996241153726,20.833496478980443,5.009784735812133
meiapraia_4maisq,Meia Praia | 4+ quartos,mediana,p25,0.55,0.3,0.08,1125.0,2800000.0,225843.75000000003,67753.125,14400.0,143690.62500000003,42000.0,11578.130000000001,224000.0,3077578.13,4.6689513289464415,21.418085765859807,5.009784735812133
meiapraia_4maisq,Meia Praia | 4+ quartos,mediana,p25,0.55,0.4,0.03,1125.0,2800000.0,225843.75000000003,90337.50000000001,14400.0,121106.25,42000.0,11578.130000000001,84000.0,2937578.13,4.122656305315018,24.256205852299118,5.844748858447488
meiapraia_4maisq,Meia Praia | 4+ quartos,mediana,p25,0.55,0.4,0.05,1125.0,2800000.0,225843.75000000003,90337.50000000001,14400.0,121106.25,42000.0,11578.130000000001,140000.0,2993578.13,4.045534966545203,24.71860973318883,5.844748858447488
meiapraia_4maisq,Meia Praia | 4+ quartos,mediana,p25,0.55,0.4,0.08,1125.0,2800000.0,225843.75000000003,90337.50000000001,14400.0,121106.25,42000.0,11578.130000000001,224000.0,3077578.13,3.9351153694349916,25.412215554523403,5.844748858447488
meiapraia_4maisq,Meia Praia | 4+ quartos,mediana,p25,0.7,0.2,0.03,1125.0,2800000.0,287437.5,57487.5,14400.0,215550.0,42000.0,11578.130000000001,84000.0,2937578.13,7.33767717694712,13.62829102296451,4.383561643835616
meiapraia_4maisq,Meia Praia | 4+ quartos,mediana,p25,0.7,0.2,0.05,1125.0,2800000.0,287437.5,57487.5,14400.0,215550.0,42000.0,11578.130000000001,140000.0,2993578.13,7.200413372875623,13.88809153328694,4.383561643835616
meiapraia_4maisq,Meia Praia | 4+ quartos,mediana,p25,0.7,0.2,0.08,1125.0,2800000.0,287437.5,57487.5,14400.0,215550.0,42000.0,11578.130000000001,224000.0,3077578.13,7.003883927391959,14.277792298770587,4.383561643835616
meiapraia_4maisq,Meia Praia | 4+ quartos,mediana,p25,0.7,0.3,0.03,1125.0,2800000.0,287437.5,86231.25,14400.0,186806.25,42000.0,11578.130000000001,84000.0,2937578.13,6.359192563841698,15.72526684733514,5.009784735812133
meiapraia_4maisq,Meia Praia | 4+ quartos,mediana,p25,0.7,0.3,0.05,1125.0,2800000.0,287437.5,86231.25,14400.0,186806.25,42000.0,11578.130000000001,140000.0,2993578.13,6.240232988340278,16.025042684599686,5.009784735812133
meiapraia_4maisq,Meia Praia | 4+ quartos,mediana,p25,0.7,0.3,0.08,1125.0,2800000.0,287437.5,86231.25,14400.0,186806.25,42000.0,11578.130000000001,224000.0,3077578.13,6.069910888013752,16.474706440496504,5.009784735812133
meiapraia_4maisq,Meia Praia | 4+ quartos,mediana,p25,0.7,0.4,0.03,1125.0,2800000.0,287437.5,114975.0,14400.0,158062.5,42000.0,11578.130000000001,84000.0,2937578.13,5.380707950736276,18.584915017793595,5.844748858447488
meiapraia_4maisq,Meia Praia | 4+ quartos,mediana,p25,0.7,0.4,0.05,1125.0,2800000.0,287437.5,114975.0,14400.0,158062.5,42000.0,11578.130000000001,140000.0,2993578.13,5.280052603804933,18.939205251087387,5.844748858447488
meiapraia_4maisq,Meia Praia | 4+ quartos,mediana,p25,0.7,0.4,0.08,1125.0,2800000.0,287437.5,114975.0,14400.0,158062.5,42000.0,11578.130000000001,224000.0,3077578.13,5.135937848635544,19.470640601028073,5.844748858447488
meiapraia_4maisq,Meia Praia | 4+ quartos,mediana,mediana,0.4,0.2,0.03,1125.0,3700000.0,164250.0,32850.0,14400.0,117000.0,55500.0,13787.27,111000.0,3880287.27,3.0152406731473778,33.16484846153846,4.383561643835616
meiapraia_4maisq,Meia Praia | 4+ quartos,mediana,mediana,0.4,0.2,0.05,1125.0,3700000.0,164250.0,32850.0,14400.0,117000.0,55500.0,13787.27,185000.0,3954287.27,2.958813864830817,33.79732709401709,4.383561643835616
meiapraia_4maisq,Meia Praia | 4+ quartos,mediana,mediana,0.4,0.2,0.08,1125.0,3700000.0,164250.0,32850.0,14400.0,117000.0,55500.0,13787.27,296000.0,4065287.27,2.878025394746581,34.74604504273504,4.383561643835616
meiapraia_4maisq,Meia Praia | 4+ quartos,mediana,mediana,0.4,0.3,0.03,1125.0,3700000.0,164250.0,49275.0,14400.0,100575.0,55500.0,13787.27,111000.0,3880287.27,2.5919472709555342,38.581031767337805,5.009784735812133
meiapraia_4maisq,Meia Praia | 4+ quartos,mediana,mediana,0.4,0.3,0.05,1125.0,3700000.0,164250.0,49275.0,14400.0,100575.0,55500.0,13787.27,185000.0,3954287.27,2.5434419184218755,39.31680109371116,5.009784735812133
meiapraia_4maisq,Meia Praia | 4+ quartos,mediana,mediana,0.4,0.3,0.08,1125.0,3700000.0,164250.0,49275.0,14400.0,100575.0,55500.0,13787.27,296000.0,4065287.27,2.4739949066379263,40.42045508327119,5.009784735812133
meiapraia_4maisq,Meia Praia | 4+ quartos,mediana,mediana,0.4,0.4,0.03,1125.0,3700000.0,164250.0,65700.0,14400.0,84150.0,55500.0,13787.27,111000.0,3880287.27,2.1686538687636907,46.11155401069519,5.844748858447488
meiapraia_4maisq,Meia Praia | 4+ quartos,mediana,mediana,0.4,0.4,0.05,1125.0,3700000.0,164250.0,65700.0,14400.0,84150.0,55500.0,13787.27,185000.0,3954287.27,2.1280699720129337,46.99093606654783,5.844748858447488
meiapraia_4maisq,Meia Praia | 4+ quartos,mediana,mediana,0.4,0.4,0.08,1125.0,3700000.0,164250.0,65700.0,14400.0,84150.0,55500.0,13787.27,296000.0,4065287.27,2.0699644185292714,48.3100091503268,5.844748858447488
meiapraia_4maisq,Meia Praia | 4+ quartos,mediana,mediana,0.55,0.2,0.03,1125.0,3700000.0,225843.75000000003,45168.75000000001,14400.0,166275.00000000003,55500.0,13787.27,111000.0,3880287.27,4.285120879722908,23.336564546684706,4.383561643835616
meiapraia_4maisq,Meia Praia | 4+ quartos,mediana,mediana,0.55,0.2,0.05,1125.0,3700000.0,225843.75000000003,45168.75000000001,14400.0,166275.00000000003,55500.0,13787.27,185000.0,3954287.27,4.204929704057642,23.781610404450454,4.383561643835616
meiapraia_4maisq,Meia Praia | 4+ quartos,mediana,mediana,0.55,0.2,0.08,1125.0,3700000.0,225843.75000000003,45168.75000000001,14400.0,166275.00000000003,55500.0,13787.27,296000.0,4065287.27,4.090116859072546,24.449179191099077,4.383561643835616
meiapraia_4maisq,Meia Praia | 4+ quartos,mediana,mediana,0.55,0.3,0.03,1125.0,3700000.0,225843.75000000003,67753.125,14400.0,143690.62500000003,55500.0,13787.27,111000.0,3880287.27,3.7030924517091237,27.004456762575842,5.009784735812133
meiapraia_4maisq,Meia Praia | 4+ quartos,mediana,mediana,0.55,0.3,0.05,1125.0,3700000.0,225843.75000000003,67753.125,14400.0,143690.62500000003,55500.0,13787.27,185000.0,3954287.27,3.633793277745348,27.51945208673147,5.009784735812133
meiapraia_4maisq,Meia Praia | 4+ quartos,mediana,mediana,0.55,0.3,0.08,1125.0,3700000.0,225843.75000000003,67753.125,14400.0,143690.62500000003,55500.0,13787.27,296000.0,4065287.27,3.5345749379231455,28.291945072964914,5.009784735812133
meiapraia_4maisq,Meia Praia | 4+ quartos,mediana,mediana,0.55,0.4,0.03,1125.0,3700000.0,225843.75000000003,90337.50000000001,14400.0,121106.25,55500.0,13787.27,111000.0,3880287.27,3.1210640236953386,32.04035522526707,5.844748858447488
meiapraia_4maisq,Meia Praia | 4+ quartos,mediana,mediana,0.55,0.4,0.05,1125.0,3700000.0,225843.75000000003,90337.50000000001,14400.0,121106.25,55500.0,13787.27,185000.0,3954287.27,3.062656851433052,32.651388925014196,5.844748858447488
meiapraia_4maisq,Meia Praia | 4+ quartos,mediana,mediana,0.55,0.4,0.08,1125.0,3700000.0,225843.75000000003,90337.50000000001,14400.0,121106.25,55500.0,13787.27,296000.0,4065287.27,2.9790330167737444,33.567939474634876,5.844748858447488
meiapraia_4maisq,Meia Praia | 4+ quartos,mediana,mediana,0.7,0.2,0.03,1125.0,3700000.0,287437.5,57487.5,14400.0,215550.0,55500.0,13787.27,111000.0,3880287.27,5.555001086298438,18.001796659707725,4.383561643835616
meiapraia_4maisq,Meia Praia | 4+ quartos,mediana,mediana,0.7,0.2,0.05,1125.0,3700000.0,287437.5,57487.5,14400.0,215550.0,55500.0,13787.27,185000.0,3954287.27,5.451045543284466,18.34510447691951,4.383561643835616
meiapraia_4maisq,Meia Praia | 4+ quartos,mediana,mediana,0.7,0.2,0.08,1125.0,3700000.0,287437.5,57487.5,14400.0,215550.0,55500.0,13787.27,296000.0,4065287.27,5.302208323398508,18.860066202737183,4.383561643835616
meiapraia_4maisq,Meia Praia | 4+ quartos,mediana,mediana,0.7,0.3,0.03,1125.0,3700000.0,287437.5,86231.25,14400.0,186806.25,55500.0,13787.27,111000.0,3880287.27,4.814237632462712,20.771720806985847,5.009784735812133
meiapraia_4maisq,Meia Praia | 4+ quartos,mediana,mediana,0.7,0.3,0.05,1125.0,3700000.0,287437.5,86231.25,14400.0,186806.25,55500.0,13787.27,185000.0,3954287.27,4.724144637068819,21.16785316337114,5.009784735812133
meiapraia_4maisq,Meia Praia | 4+ quartos,mediana,mediana,0.7,0.3,0.08,1125.0,3700000.0,287437.5,86231.25,14400.0,186806.25,55500.0,13787.27,296000.0,4065287.27,4.595154969208362,21.76205169794908,5.009784735812133
meiapraia_4maisq,Meia Praia | 4+ quartos,mediana,mediana,0.7,0.4,0.03,1125.0,3700000.0,287437.5,114975.0,14400.0,158062.5,55500.0,13787.27,111000.0,3880287.27,4.073474178626986,24.549069323843415,5.844748858447488
meiapraia_4maisq,Meia Praia | 4+ quartos,mediana,mediana,0.7,0.4,0.05,1125.0,3700000.0,287437.5,114975.0,14400.0,158062.5,55500.0,13787.27,185000.0,3954287.27,3.9972437308531705,25.017238560695926,5.844748858447488
meiapraia_4maisq,Meia Praia | 4+ quartos,mediana,mediana,0.7,0.4,0.08,1125.0,3700000.0,287437.5,114975.0,14400.0,158062.5,55500.0,13787.27,296000.0,4065287.27,3.8881016150182175,25.719492415974695,5.844748858447488
meiapraia_4maisq,Meia Praia | 4+ quartos,mediana,p75,0.4,0.2,0.03,1125.0,5463500.0,164250.0,32850.0,14400.0,117000.0,81952.5,18082.82,163905.0,5727440.32,2.042797366066662,48.95248136752137,4.383561643835616
meiapraia_4maisq,Meia Praia | 4+ quartos,mediana,p75,0.4,0.2,0.05,1125.0,5463500.0,164250.0,32850.0,14400.0,117000.0,81952.5,18082.82,273175.0,5836710.32,2.0045538254500865,49.88641299145299,4.383561643835616
meiapraia_4maisq,Meia Praia | 4+ quartos,mediana,p75,0.4,0.2,0.08,1125.0,5463500.0,164250.0,32850.0,14400.0,117000.0,81952.5,18082.82,437080.0,6000615.32,1.9498000415064098,51.28731042735043,4.383561643835616
meiapraia_4maisq,Meia Praia | 4+ quartos,mediana,p75,0.4,0.3,0.03,1125.0,5463500.0,164250.0,49275.0,14400.0,100575.0,81952.5,18082.82,163905.0,5727440.32,1.7560200435226885,56.94695819040518,5.009784735812133
meiapraia_4maisq,Meia Praia | 4+ quartos,mediana,p75,0.4,0.3,0.05,1125.0,5463500.0,164250.0,49275.0,14400.0,100575.0,81952.5,18082.82,273175.0,5836710.32,1.7231453076465169,58.03341108625404,5.009784735812133
meiapraia_4maisq,Meia Praia | 4+ quartos,mediana,p75,0.4,0.3,0.08,1125.0,5463500.0,164250.0,49275.0,14400.0,100575.0,81952.5,18082.82,437080.0,6000615.32,1.6760781126026254,59.663090430027346,5.009784735812133
meiapraia_4maisq,Meia Praia | 4+ quartos,mediana,p75,0.4,0.4,0.03,1125.0,5463500.0,164250.0,65700.0,14400.0,84150.0,81952.5,18082.82,163905.0,5727440.32,1.4692427209787144,68.06227355912063,5.844748858447488
meiapraia_4maisq,Meia Praia | 4+ quartos,mediana,p75,0.4,0.4,0.05,1125.0,5463500.0,164250.0,65700.0,14400.0,84150.0,81952.5,18082.82,273175.0,5836710.32,1.441736789842947,69.3607881164587,5.844748858447488
meiapraia_4maisq,Meia Praia | 4+ quartos,mediana,p75,0.4,0.4,0.08,1125.0,5463500.0,164250.0,65700.0,14400.0,84150.0,81952.5,18082.82,437080.0,6000615.32,1.402356183698841,71.30855995246584,5.844748858447488
meiapraia_4maisq,Meia Praia | 4+ quartos,mediana,p75,0.55,0.2,0.03,1125.0,5463500.0,225843.75000000003,45168.75000000001,14400.0,166275.00000000003,81952.5,18082.82,163905.0,5727440.32,2.9031293336985833,34.44558905427755,4.383561643835616
meiapraia_4maisq,Meia Praia | 4+ quartos,mediana,p75,0.55,0.2,0.05,1125.0,5463500.0,225843.75000000003,45168.75000000001,14400.0,166275.00000000003,81952.5,18082.82,273175.0,5836710.32,2.848779378860797,35.1027533904676,4.383561643835616
meiapraia_4maisq,Meia Praia | 4+ quartos,mediana,p75,0.55,0.2,0.08,1125.0,5463500.0,225843.75000000003,45168.75000000001,14400.0,166275.00000000003,81952.5,18082.82,437080.0,6000615.32,2.7709658282177636,36.088499894752665,4.383561643835616
meiapraia_4maisq,Meia Praia | 4+ quartos,mediana,p75,0.55,0.3,0.03,1125.0,5463500.0,225843.75000000003,67753.125,14400.0,143690.62500000003,81952.5,18082.82,163905.0,5727440.32,2.50881051520062,39.85952681324895,5.009784735812133
meiapraia_4maisq,Meia Praia | 4+ quartos,mediana,p75,0.55,0.3,0.05,1125.0,5463500.0,225843.75000000003,67753.125,14400.0,143690.62500000003,81952.5,18082.82,273175.0,5836710.32,2.461842666880888,40.619980043931186,5.009784735812133
meiapraia_4maisq,Meia Praia | 4+ quartos,mediana,p75,0.55,0.3,0.08,1125.0,5463500.0,225843.75000000003,67753.125,14400.0,143690.62500000003,81952.5,18082.82,437080.0,6000615.32,2.39459817597506,41.76065988995454,5.009784735812133
meiapraia_4maisq,Meia Praia | 4+ quartos,mediana,p75,0.55,0.4,0.03,1125.0,5463500.0,225843.75000000003,90337.50000000001,14400.0,121106.25,81952.5,18082.82,163905.0,5727440.32,2.1144916967026552,47.292689848789806,5.844748858447488
meiapraia_4maisq,Meia Praia | 4+ quartos,mediana,p75,0.55,0.4,0.05,1125.0,5463500.0,225843.75000000003,90337.50000000001,14400.0,121106.25,81952.5,18082.82,273175.0,5836710.32,2.0749059549009794,48.19495542137586,5.844748858447488
meiapraia_4maisq,Meia Praia | 4+ quartos,mediana,p75,0.55,0.4,0.08,1125.0,5463500.0,225843.75000000003,90337.50000000001,14400.0,121106.25,81952.5,18082.82,437080.0,6000615.32,2.018230523732356,49.54835378025494,5.844748858447488
meiapraia_4maisq,Meia Praia | 4+ quartos,mediana,p75,0.7,0.2,0.03,1125.0,5463500.0,287437.5,57487.5,14400.0,215550.0,81952.5,18082.82,163905.0,5727440.32,3.763461301330504,26.57128424959406,4.383561643835616
meiapraia_4maisq,Meia Praia | 4+ quartos,mediana,p75,0.7,0.2,0.05,1125.0,5463500.0,287437.5,57487.5,14400.0,215550.0,81952.5,18082.82,273175.0,5836710.32,3.6930049322715055,27.078219995360705,4.383561643835616
meiapraia_4maisq,Meia Praia | 4+ quartos,mediana,p75,0.7,0.2,0.08,1125.0,5463500.0,287437.5,57487.5,14400.0,215550.0,81952.5,18082.82,437080.0,6000615.32,3.5921316149291163,27.83862361401067,4.383561643835616
meiapraia_4maisq,Meia Praia | 4+ quartos,mediana,p75,0.7,0.3,0.03,1125.0,5463500.0,287437.5,86231.25,14400.0,186806.25,81952.5,18082.82,163905.0,5727440.32,3.2616009868785505,30.659789594834223,5.009784735812133
meiapraia_4maisq,Meia Praia | 4+ quartos,mediana,p75,0.7,0.3,0.05,1125.0,5463500.0,287437.5,86231.25,14400.0,186806.25,81952.5,18082.82,273175.0,5836710.32,3.200540026115258,31.244727197296665,5.009784735812133
meiapraia_4maisq,Meia Praia | 4+ quartos,mediana,p75,0.7,0.3,0.08,1125.0,5463500.0,287437.5,86231.25,14400.0,186806.25,81952.5,18082.82,437080.0,6000615.32,3.113118239347494,32.12213360099033,5.009784735812133
meiapraia_4maisq,Meia Praia | 4+ quartos,mediana,p75,0.7,0.4,0.03,1125.0,5463500.0,287437.5,114975.0,14400.0,158062.5,81952.5,18082.82,163905.0,5727440.32,2.759740672426596,36.23528869909055,5.844748858447488
meiapraia_4maisq,Meia Praia | 4+ quartos,mediana,p75,0.7,0.4,0.05,1125.0,5463500.0,287437.5,114975.0,14400.0,158062.5,81952.5,18082.82,273175.0,5836710.32,2.708075119959011,36.92659751680506,5.844748858447488
meiapraia_4maisq,Meia Praia | 4+ quartos,mediana,p75,0.7,0.4,0.08,1125.0,5463500.0,287437.5,114975.0,14400.0,158062.5,81952.5,18082.82,437080.0,6000615.32,2.6341048637658715,37.96356074337683,5.844748858447488
meiapraia_4maisq,Meia Praia | 4+ quartos,p75,p25,0.4,0.2,0.03,1710.25,2800000.0,249696.5,49939.3,14400.0,185357.2,42000.0,11578.130000000001,84000.0,2937578.13,6.309864514139749,15.84820082521747,2.8835005696916056
meiapraia_4maisq,Meia Praia | 4+ quartos,p75,p25,0.4,0.2,0.05,1710.25,2800000.0,249696.5,49939.3,14400.0,185357.2,42000.0,11578.130000000001,140000.0,2993578.13,6.191827704192909,16.150320192579514,2.8835005696916056
meiapraia_4maisq,Meia Praia | 4+ quartos,p75,p25,0.4,0.2,0.08,1710.25,2800000.0,249696.5,49939.3,14400.0,185357.2,42000.0,11578.130000000001,224000.0,3077578.13,6.022826786853987,16.603499243622583,2.8835005696916056
meiapraia_4maisq,Meia Praia | 4+ quartos,p75,p25,0.4,0.3,0.03,1710.25,2800000.0,249696.5,74908.95,14400.0,160387.55,42000.0,11578.130000000001,84000.0,2937578.13,5.459856483885247,18.315499737978417,3.2954292225046924
meiapraia_4maisq,Meia Praia | 4+ quartos,p75,p25,0.4,0.3,0.05,1710.25,2800000.0,249696.5,74908.95,14400.0,160387.55,42000.0,11578.130000000001,140000.0,2993578.13,5.357720528242902,18.6646540208389,3.2954292225046924
meiapraia_4maisq,Meia Praia | 4+ quartos,p75,p25,0.4,0.3,0.08,1710.25,2800000.0,249696.5,74908.95,14400.0,160387.55,42000.0,11578.130000000001,224000.0,3077578.13,5.211485890043025,19.188385445129626,3.2954292225046924
meiapraia_4maisq,Meia Praia | 4+ quartos,p75,p25,0.4,0.4,0.03,1710.25,2800000.0,249696.5,99878.6,14400.0,135417.9,42000.0,11578.130000000001,84000.0,2937578.13,4.609848453630747,21.692687081988424,3.8446674262554743
meiapraia_4maisq,Meia Praia | 4+ quartos,p75,p25,0.4,0.4,0.05,1710.25,2800000.0,249696.5,99878.6,14400.0,135417.9,42000.0,11578.130000000001,140000.0,2993578.13,4.523613352292896,22.10622177718012,3.8446674262554743
meiapraia_4maisq,Meia Praia | 4+ quartos,p75,p25,0.4,0.4,0.08,1710.25,2800000.0,249696.5,99878.6,14400.0,135417.9,42000.0,11578.130000000001,224000.0,3077578.13,4.400144993232065,22.72652381996767,3.8446674262554743
meiapraia_4maisq,Meia Praia | 4+ quartos,p75,p25,0.55,0.2,0.03,1710.25,2800000.0,343332.6875,68666.5375,14400.0,260266.15000000002,42000.0,11578.130000000001,84000.0,2937578.13,8.85988860490325,11.286823622664722,2.8835005696916056
meiapraia_4maisq,Meia Praia | 4+ quartos,p75,p25,0.55,0.2,0.05,1710.25,2800000.0,343332.6875,68666.5375,14400.0,260266.15000000002,42000.0,11578.130000000001,140000.0,2993578.13,8.694149232042928,11.501987984223073,2.8835005696916056
meiapraia_4maisq,Meia Praia | 4+ quartos,p75,p25,0.55,0.2,0.08,1710.25,2800000.0,343332.6875,68666.5375,14400.0,260266.15000000002,42000.0,11578.130000000001,224000.0,3077578.13,8.456849477286871,11.824734526560599,2.8835005696916056
meiapraia_4maisq,Meia Praia | 4+ quartos,p75,p25,0.55,0.3,0.03,1710.25,2800000.0,343332.6875,102999.80625,14400.0,225932.88125,42000.0,11578.130000000001,84000.0,2937578.13,7.691127563303313,13.001994724041522,3.2954292225046924
meiapraia_4maisq,Meia Praia | 4+ quartos,p75,p25,0.55,0.3,0.05,1710.25,2800000.0,343332.6875,102999.80625,14400.0,225932.88125,42000.0,11578.130000000001,140000.0,2993578.13,7.547251865111669,13.249855945879501,3.2954292225046924
meiapraia_4maisq,Meia Praia | 4+ quartos,p75,p25,0.55,0.3,0.08,1710.25,2800000.0,343332.6875,102999.80625,14400.0,225932.88125,42000.0,11578.130000000001,224000.0,3077578.13,7.341255744171798,13.62164777863647,3.2954292225046924
meiapraia_4maisq,Meia Praia | 4+ quartos,p75,p25,0.55,0.4,0.03,1710.25,2800000.0,343332.6875,137333.075,14400.0,191599.6125,42000.0,11578.130000000001,84000.0,2937578.13,6.522366521703374,15.331858408638483,3.8446674262554743
meiapraia_4maisq,Meia Praia | 4+ quartos,p75,p25,0.55,0.4,0.05,1710.25,2800000.0,343332.6875,137333.075,14400.0,191599.6125,42000.0,11578.130000000001,140000.0,2993578.13,6.400354498180409,15.624134573862982,3.8446674262554743
meiapraia_4maisq,Meia Praia | 4+ quartos,p75,p25,0.55,0.4,0.08,1710.25,2800000.0,343332.6875,137333.075,14400.0,191599.6125,42000.0,11578.130000000001,224000.0,3077578.13,6.225662011056726,16.062548821699732,3.8446674262554743
meiapraia_4maisq,Meia Praia | 4+ quartos,p75,p25,0.7,0.2,0.03,1710.25,2800000.0,436968.875,87393.77500000001,14400.0,335175.1,42000.0,11578.130000000001,84000.0,2937578.13,11.409912695666753,8.764308953737912,2.8835005696916056
meiapraia_4maisq,Meia Praia | 4+ quartos,p75,p25,0.7,0.2,0.05,1710.25,2800000.0,436968.875,87393.77500000001,14400.0,335175.1,42000.0,11578.130000000001,140000.0,2993578.13,11.196470759892945,8.931385804017065,2.8835005696916056
meiapraia_4maisq,Meia Praia | 4+ quartos,p75,p25,0.7,0.2,0.08,1710.25,2800000.0,436968.875,87393.77500000001,14400.0,335175.1,42000.0,11578.130000000001,224000.0,3077578.13,10.890872167719753,9.182001079435794,2.8835005696916056
meiapraia_4maisq,Meia Praia | 4+ quartos,p75,p25,0.7,0.3,0.03,1710.25,2800000.0,436968.875,131090.6625,14400.0,291478.2125,42000.0,11578.130000000001,84000.0,2937578.13,9.922398642721378,10.078208264022477,3.2954292225046924
meiapraia_4maisq,Meia Praia | 4+ quartos,p75,p25,0.7,0.3,0.05,1710.25,2800000.0,436968.875,131090.6625,14400.0,291478.2125,42000.0,11578.130000000001,140000.0,2993578.13,9.736783201980435,10.270332400916585,3.2954292225046924
meiapraia_4maisq,Meia Praia | 4+ quartos,p75,p25,0.7,0.3,0.08,1710.25,2800000.0,436968.875,131090.6625,14400.0,291478.2125,42000.0,11578.130000000001,224000.0,3077578.13,9.471025598300571,10.558518606257747,3.2954292225046924
meiapraia_4maisq,Meia Praia | 4+ quartos,p75,p25,0.7,0.4,0.03,1710.25,2800000.0,436968.875,174787.55000000002,14400.0,247781.32499999995,42000.0,11578.130000000001,84000.0,2937578.13,8.434884589775999,11.855526763366854,3.8446674262554743
meiapraia_4maisq,Meia Praia | 4+ quartos,p75,p25,0.7,0.4,0.05,1710.25,2800000.0,436968.875,174787.55000000002,14400.0,247781.32499999995,42000.0,11578.130000000001,140000.0,2993578.13,8.277095644067922,12.081532496446213,3.8446674262554743
meiapraia_4maisq,Meia Praia | 4+ quartos,p75,p25,0.7,0.4,0.08,1710.25,2800000.0,436968.875,174787.55000000002,14400.0,247781.32499999995,42000.0,11578.130000000001,224000.0,3077578.13,8.051179028881387,12.420541096065252,3.8446674262554743
meiapraia_4maisq,Meia Praia | 4+ quartos,p75,mediana,0.4,0.2,0.03,1710.25,3700000.0,249696.5,49939.3,14400.0,185357.2,55500.0,13787.27,111000.0,3880287.27,4.776893747869343,20.934105985632065,2.8835005696916056
meiapraia_4maisq,Meia Praia | 4+ quartos,p75,mediana,0.4,0.2,0.05,1710.25,3700000.0,249696.5,49939.3,14400.0,185357.2,55500.0,13787.27,185000.0,3954287.27,4.687499600907852,21.333335149646196,2.8835005696916056
meiapraia_4maisq,Meia Praia | 4+ quartos,p75,mediana,0.4,0.2,0.08,1710.25,3700000.0,249696.5,49939.3,14400.0,185357.2,55500.0,13787.27,296000.0,4065287.27,4.559510501701888,21.93217889566739,2.8835005696916056
meiapraia_4maisq,Meia Praia | 4+ quartos,p75,mediana,0.4,0.3,0.03,1710.25,3700000.0,249696.5,74908.95,14400.0,160387.55,55500.0,13787.27,111000.0,3880287.27,4.133393711337254,24.193194983027052,3.2954292225046924
meiapraia_4maisq,Meia Praia | 4+ quartos,p75,mediana,0.4,0.3,0.05,1710.25,3700000.0,249696.5,74908.95,14400.0,160387.55,55500.0,13787.27,185000.0,3954287.27,4.05604193748928,24.654577428235548,3.2954292225046924
meiapraia_4maisq,Meia Praia | 4+ quartos,p75,mediana,0.4,0.3,0.08,1710.25,3700000.0,249696.5,74908.95,14400.0,160387.55,55500.0,13787.27,296000.0,4065287.27,3.94529437522382,25.346651096048294,3.2954292225046924
meiapraia_4maisq,Meia Praia | 4+ quartos,p75,mediana,0.4,0.4,0.03,1710.25,3700000.0,249696.5,99878.6,14400.0,135417.9,55500.0,13787.27,111000.0,3880287.27,3.4898936748051645,28.65416809742287,3.8446674262554743
meiapraia_4maisq,Meia Praia | 4+ quartos,p75,mediana,0.4,0.4,0.05,1710.25,3700000.0,249696.5,99878.6,14400.0,135417.9,55500.0,13787.27,185000.0,3954287.27,3.42458427407071,29.200624658926184,3.8446674262554743
meiapraia_4maisq,Meia Praia | 4+ quartos,p75,mediana,0.4,0.4,0.08,1710.25,3700000.0,249696.5,99878.6,14400.0,135417.9,55500.0,13787.27,296000.0,4065287.27,3.331078248745752,30.02030950118116,3.8446674262554743
meiapraia_4maisq,Meia Praia | 4+ quartos,p75,mediana,0.55,0.2,0.03,1710.25,3700000.0,343332.6875,68666.5375,14400.0,260266.15000000002,55500.0,13787.27,111000.0,3880287.27,6.70739385746561,14.908920234152616,2.8835005696916056
meiapraia_4maisq,Meia Praia | 4+ quartos,p75,mediana,0.55,0.2,0.05,1710.25,3700000.0,343332.6875,68666.5375,14400.0,260266.15000000002,55500.0,13787.27,185000.0,3954287.27,6.581872591163565,15.193244569069007,2.8835005696916056
meiapraia_4maisq,Meia Praia | 4+ quartos,p75,mediana,0.55,0.2,0.08,1710.25,3700000.0,343332.6875,68666.5375,14400.0,260266.15000000002,55500.0,13787.27,296000.0,4065287.27,6.402158881136093,15.619731071443596,2.8835005696916056
meiapraia_4maisq,Meia Praia | 4+ quartos,p75,mediana,0.55,0.3,0.03,1710.25,3700000.0,343332.6875,102999.80625,14400.0,225932.88125,55500.0,13787.27,111000.0,3880287.27,5.822581307233987,17.17451328258135,3.2954292225046924
meiapraia_4maisq,Meia Praia | 4+ quartos,p75,mediana,0.55,0.3,0.05,1710.25,3700000.0,343332.6875,102999.80625,14400.0,225932.88125,55500.0,13787.27,185000.0,3954287.27,5.71361830396303,17.50204418286725,3.2954292225046924
meiapraia_4maisq,Meia Praia | 4+ quartos,p75,mediana,0.55,0.3,0.08,1710.25,3700000.0,343332.6875,102999.80625,14400.0,225932.88125,55500.0,13787.27,296000.0,4065287.27,5.557611707228749,17.993340533296102,3.2954292225046924
meiapraia_4maisq,Meia Praia | 4+ quartos,p75,mediana,0.55,0.4,0.03,1710.25,3700000.0,343332.6875,137333.075,14400.0,191599.6125,55500.0,13787.27,111000.0,3880287.27,4.937768757002364,20.252062200804296,3.8446674262554743
meiapraia_4maisq,Meia Praia | 4+ quartos,p75,mediana,0.55,0.4,0.05,1710.25,3700000.0,343332.6875,137333.075,14400.0,191599.6125,55500.0,13787.27,185000.0,3954287.27,4.8453640167624945,20.638284276279528,3.8446674262554743
meiapraia_4maisq,Meia Praia | 4+ quartos,p75,mediana,0.55,0.4,0.08,1710.25,3700000.0,343332.6875,137333.075,14400.0,191599.6125,55500.0,13787.27,296000.0,4065287.27,4.713064533321405,21.21761738949237,3.8446674262554743
meiapraia_4maisq,Meia Praia | 4+ quartos,p75,mediana,0.7,0.2,0.03,1710.25,3700000.0,436968.875,87393.77500000001,14400.0,335175.1,55500.0,13787.27,111000.0,3880287.27,8.637893967061876,11.57689598660521,2.8835005696916056
meiapraia_4maisq,Meia Praia | 4+ quartos,p75,mediana,0.7,0.2,0.05,1710.25,3700000.0,436968.875,87393.77500000001,14400.0,335175.1,55500.0,13787.27,185000.0,3954287.27,8.476245581419278,11.797676110188377,2.8835005696916056
meiapraia_4maisq,Meia Praia | 4+ quartos,p75,mediana,0.7,0.2,0.08,1710.25,3700000.0,436968.875,87393.77500000001,14400.0,335175.1,55500.0,13787.27,296000.0,4065287.27,8.244807260570296,12.128846295563125,2.8835005696916056
meiapraia_4maisq,Meia Praia | 4+ quartos,p75,mediana,0.7,0.3,0.03,1710.25,3700000.0,436968.875,131090.6625,14400.0,291478.2125,55500.0,13787.27,111000.0,3880287.27,7.511768903130722,13.312443618749032,3.2954292225046924
meiapraia_4maisq,Meia Praia | 4+ quartos,p75,mediana,0.7,0.3,0.05,1710.25,3700000.0,436968.875,131090.6625,14400.0,291478.2125,55500.0,13787.27,185000.0,3954287.27,7.37119467043678,13.566321942501963,3.2954292225046924
meiapraia_4maisq,Meia Praia | 4+ quartos,p75,mediana,0.7,0.3,0.08,1710.25,3700000.0,436968.875,131090.6625,14400.0,291478.2125,55500.0,13787.27,296000.0,4065287.27,7.169929039233678,13.947139428131356,3.2954292225046924
meiapraia_4maisq,Meia Praia | 4+ quartos,p75,mediana,0.7,0.4,0.03,1710.25,3700000.0,436968.875,174787.55000000002,14400.0,247781.32499999995,55500.0,13787.27,111000.0,3880287.27,6.385643839199565,15.660128018122434,3.8446674262554743
meiapraia_4maisq,Meia Praia | 4+ quartos,p75,mediana,0.7,0.4,0.05,1710.25,3700000.0,436968.875,174787.55000000002,14400.0,247781.32499999995,55500.0,13787.27,185000.0,3954287.27,6.266143759454279,15.958778451120159,3.8446674262554743
meiapraia_4maisq,Meia Praia | 4+ quartos,p75,mediana,0.7,0.4,0.08,1710.25,3700000.0,436968.875,174787.55000000002,14400.0,247781.32499999995,55500.0,13787.27,296000.0,4065287.27,6.095050817897057,16.406754100616748,3.8446674262554743
meiapraia_4maisq,Meia Praia | 4+ quartos,p75,p75,0.4,0.2,0.03,1710.25,5463500.0,249696.5,49939.3,14400.0,185357.2,81952.5,18082.82,163905.0,5727440.32,3.236300854200782,30.899475822897628,2.8835005696916056
meiapraia_4maisq,Meia Praia | 4+ quartos,p75,p75,0.4,0.2,0.05,1710.25,5463500.0,249696.5,49939.3,14400.0,185357.2,81952.5,18082.82,273175.0,5836710.32,3.175713541322366,31.488986238462815,2.8835005696916056
meiapraia_4maisq,Meia Praia | 4+ quartos,p75,p75,0.4,0.2,0.08,1710.25,5463500.0,249696.5,49939.3,14400.0,185357.2,81952.5,18082.82,437080.0,6000615.32,3.0889698825086493,32.3732518618106,2.8835005696916056
meiapraia_4maisq,Meia Praia | 4+ quartos,p75,p75,0.4,0.3,0.03,1710.25,5463500.0,249696.5,74908.95,14400.0,160387.55,81952.5,18082.82,163905.0,5727440.32,2.8003355956400426,35.71000567063965,3.2954292225046924
meiapraia_4maisq,Meia Praia | 4+ quartos,p75,p75,0.4,0.3,0.05,1710.25,5463500.0,249696.5,74908.95,14400.0,160387.55,81952.5,18082.82,273175.0,5836710.32,2.747910059034761,36.39129296507117,3.2954292225046924
meiapraia_4maisq,Meia Praia | 4+ quartos,p75,p75,0.4,0.3,0.08,1710.25,5463500.0,249696.5,74908.95,14400.0,160387.55,81952.5,18082.82,437080.0,6000615.32,2.6728517234795843,37.41322390671845,3.2954292225046924
meiapraia_4maisq,Meia Praia | 4+ quartos,p75,p75,0.4,0.4,0.03,1710.25,5463500.0,249696.5,99878.6,14400.0,135417.9,81952.5,18082.82,163905.0,5727440.32,2.3643703370793046,42.29455869571157,3.8446674262554743
meiapraia_4maisq,Meia Praia | 4+ quartos,p75,p75,0.4,0.4,0.05,1710.25,5463500.0,249696.5,99878.6,14400.0,135417.9,81952.5,18082.82,273175.0,5836710.32,2.3201065767471563,43.10146826970438,3.8446674262554743
meiapraia_4maisq,Meia Praia | 4+ quartos,p75,p75,0.4,0.4,0.08,1710.25,5463500.0,249696.5,99878.6,14400.0,135417.9,81952.5,18082.82,437080.0,6000615.32,2.25673356445052,44.31183263069358,3.8446674262554743
meiapraia_4maisq,Meia Praia | 4+ quartos,p75,p75,0.55,0.2,0.03,1710.25,5463500.0,343332.6875,68666.5375,14400.0,260266.15000000002,81952.5,18082.82,163905.0,5727440.32,4.5441966298829986,22.006089996720664,2.8835005696916056
meiapraia_4maisq,Meia Praia | 4+ quartos,p75,p75,0.55,0.2,0.05,1710.25,5463500.0,343332.6875,68666.5375,14400.0,260266.15000000002,81952.5,18082.82,273175.0,5836710.32,4.459123988185181,22.425929457211396,2.8835005696916056
meiapraia_4maisq,Meia Praia | 4+ quartos,p75,p75,0.55,0.2,0.08,1710.25,5463500.0,343332.6875,68666.5375,14400.0,260266.15000000002,81952.5,18082.82,437080.0,6000615.32,4.337324359595843,23.055688647947495,2.8835005696916056
meiapraia_4maisq,Meia Praia | 4+ quartos,p75,p75,0.55,0.3,0.03,1710.25,5463500.0,343332.6875,102999.80625,14400.0,225932.88125,81952.5,18082.82,163905.0,5727440.32,3.9447443993619826,25.35018492355902,3.2954292225046924
meiapraia_4maisq,Meia Praia | 4+ quartos,p75,p75,0.55,0.3,0.05,1710.25,5463500.0,343332.6875,102999.80625,14400.0,225932.88125,81952.5,18082.82,273175.0,5836710.32,3.8708942000397233,25.833824132670376,3.2954292225046924
meiapraia_4maisq,Meia Praia | 4+ quartos,p75,p75,0.55,0.3,0.08,1710.25,5463500.0,343332.6875,102999.80625,14400.0,225932.88125,81952.5,18082.82,437080.0,6000615.32,3.7651618909308784,26.55928294633741,3.2954292225046924
meiapraia_4maisq,Meia Praia | 4+ quartos,p75,p75,0.55,0.4,0.03,1710.25,5463500.0,343332.6875,137333.075,14400.0,191599.6125,81952.5,18082.82,163905.0,5727440.32,3.345292168840966,29.892755237174608,3.8446674262554743
meiapraia_4maisq,Meia Praia | 4+ quartos,p75,p75,0.55,0.4,0.05,1710.25,5463500.0,343332.6875,137333.075,14400.0,191599.6125,81952.5,18082.82,273175.0,5836710.32,3.282664411894267,30.463059104568913,3.8446674262554743
meiapraia_4maisq,Meia Praia | 4+ quartos,p75,p75,0.55,0.4,0.08,1710.25,5463500.0,343332.6875,137333.075,14400.0,191599.6125,81952.5,18082.82,437080.0,6000615.32,3.192999422265915,31.31851490566037,3.8446674262554743
meiapraia_4maisq,Meia Praia | 4+ quartos,p75,p75,0.7,0.2,0.03,1710.25,5463500.0,436968.875,87393.77500000001,14400.0,335175.1,81952.5,18082.82,163905.0,5727440.32,5.852092405565214,17.087905157632534,2.8835005696916056
meiapraia_4maisq,Meia Praia | 4+ quartos,p75,p75,0.7,0.2,0.05,1710.25,5463500.0,436968.875,87393.77500000001,14400.0,335175.1,81952.5,18082.82,273175.0,5836710.32,5.742534435047994,17.413913861739733,2.8835005696916056
meiapraia_4maisq,Meia Praia | 4+ quartos,p75,p75,0.7,0.2,0.08,1710.25,5463500.0,436968.875,87393.77500000001,14400.0,335175.1,81952.5,18082.82,437080.0,6000615.32,5.5856788366830346,17.902926917900526,2.8835005696916056
meiapraia_4maisq,Meia Praia | 4+ quartos,p75,p75,0.7,0.3,0.03,1710.25,5463500.0,436968.875,131090.6625,14400.0,291478.2125,81952.5,18082.82,163905.0,5727440.32,5.089153203083922,19.649634430223493,3.2954292225046924
meiapraia_4maisq,Meia Praia | 4+ quartos,p75,p75,0.7,0.3,0.05,1710.25,5463500.0,436968.875,131090.6625,14400.0,291478.2125,81952.5,18082.82,273175.0,5836710.32,4.993878341044686,20.02451665233812,3.2954292225046924
meiapraia_4maisq,Meia Praia | 4+ quartos,p75,p75,0.7,0.3,0.08,1710.25,5463500.0,436968.875,131090.6625,14400.0,291478.2125,81952.5,18082.82,437080.0,6000615.32,4.857472058382173,20.586839985510064,3.2954292225046924
meiapraia_4maisq,Meia Praia | 4+ quartos,p75,p75,0.7,0.4,0.03,1710.25,5463500.0,436968.875,174787.55000000002,14400.0,247781.32499999995,81952.5,18082.82,163905.0,5727440.32,4.3262140006026275,23.114899074819306,3.8446674262554743
meiapraia_4maisq,Meia Praia | 4+ quartos,p75,p75,0.7,0.4,0.05,1710.25,5463500.0,436968.875,174787.55000000002,14400.0,247781.32499999995,81952.5,18082.82,273175.0,5836710.32,4.245222247041377,23.555892761490405,3.8446674262554743
meiapraia_4maisq,Meia Praia | 4+ quartos,p75,p75,0.7,0.4,0.08,1710.25,5463500.0,436968.875,174787.55000000002,14400.0,247781.32499999995,81952.5,18082.82,437080.0,6000615.32,4.1292652800813086,24.217383291497054,3.8446674262554743
morretes_2q,Morretes | 2 quartos,p25,p25,0.4,0.2,0.03,350.0,680000.0,51100.0,10220.0,4900.0,35980.0,10200.0,6423.47,20400.0,717023.47,5.017966845631984,19.92838993885492,4.794520547945205
morretes_2q,Morretes | 2 quartos,p25,p25,0.4,0.2,0.05,350.0,680000.0,51100.0,10220.0,4900.0,35980.0,10200.0,6423.47,34000.0,730623.47,4.924561210715008,20.3063777098388,4.794520547945205
morretes_2q,Morretes | 2 quartos,p25,p25,0.4,0.2,0.08,350.0,680000.0,51100.0,10220.0,4900.0,35980.0,10200.0,6423.47,54400.0,751023.47,4.790795685785958,20.87335936631462,4.794520547945205
morretes_2q,Morretes | 2 quartos,p25,p25,0.4,0.3,0.03,350.0,680000.0,51100.0,15330.0,4900.0,30870.0,10200.0,6423.47,20400.0,717023.47,4.305298402575302,23.22719371558147,5.47945205479452
morretes_2q,Morretes | 2 quartos,p25,p25,0.4,0.3,0.05,350.0,680000.0,51100.0,15330.0,4900.0,30870.0,10200.0,6423.47,34000.0,730623.47,4.225158548492837,23.667750890832522,5.47945205479452
morretes_2q,Morretes | 2 quartos,p25,p25,0.4,0.3,0.08,350.0,680000.0,51100.0,15330.0,4900.0,30870.0,10200.0,6423.47,54400.0,751023.47,4.110390851034256,24.328586653709102,5.47945205479452
morretes_2q,Morretes | 2 quartos,p25,p25,0.4,0.4,0.03,350.0,680000.0,51100.0,20440.0,4900.0,25760.0,10200.0,6423.47,20400.0,717023.47,3.5926299595186193,27.83476203416149,6.392694063926941
morretes_2q,Morretes | 2 quartos,p25,p25,0.4,0.4,0.05,350.0,680000.0,51100.0,20440.0,4900.0,25760.0,10200.0,6423.47,34000.0,730623.47,3.5257558862706673,28.362712344720496,6.392694063926941
morretes_2q,Morretes | 2 quartos,p25,p25,0.4,0.4,0.08,350.0,680000.0,51100.0,20440.0,4900.0,25760.0,10200.0,6423.47,54400.0,751023.47,3.429986016282554,29.154637810559006,6.392694063926941
morretes_2q,Morretes | 2 quartos,p25,p25,0.55,0.2,0.03,350.0,680000.0,70262.5,14052.5,4900.0,51310.0,10200.0,6423.47,20400.0,717023.47,7.1559721748020335,13.974341648801403,4.794520547945205
morretes_2q,Morretes | 2 quartos,p25,p25,0.55,0.2,0.05,350.0,680000.0,70262.5,14052.5,4900.0,51310.0,10200.0,6423.47,34000.0,730623.47,7.022769197381519,14.239397193529525,4.794520547945205
morretes_2q,Morretes | 2 quartos,p25,p25,0.55,0.2,0.08,350.0,680000.0,70262.5,14052.5,4900.0,51310.0,10200.0,6423.47,54400.0,751023.47,6.832010190041066,14.636980510621711,4.794520547945205
morretes_2q,Morretes | 2 quartos,p25,p25,0.55,0.3,0.03,350.0,680000.0,70262.5,21078.75,4900.0,44283.75,10200.0,6423.47,20400.0,717023.47,6.176053065599095,16.191570722894966,5.47945205479452
morretes_2q,Morretes | 2 quartos,p25,p25,0.55,0.3,0.05,350.0,680000.0,70262.5,21078.75,4900.0,44283.75,10200.0,6423.47,34000.0,730623.47,6.061090536826034,16.498681118920597,5.47945205479452
morretes_2q,Morretes | 2 quartos,p25,p25,0.55,0.3,0.08,350.0,680000.0,70262.5,21078.75,4900.0,44283.75,10200.0,6423.47,54400.0,751023.47,5.896453542257475,16.959346712959043,5.47945205479452
morretes_2q,Morretes | 2 quartos,p25,p25,0.55,0.4,0.03,350.0,680000.0,70262.5,28105.0,4900.0,37257.5,10200.0,6423.47,20400.0,717023.47,5.196133956396156,19.245077366973092,6.392694063926941
morretes_2q,Morretes | 2 quartos,p25,p25,0.55,0.4,0.05,350.0,680000.0,70262.5,28105.0,4900.0,37257.5,10200.0,6423.47,34000.0,730623.47,5.09941187627055,19.61010454270952,6.392694063926941
morretes_2q,Morretes | 2 quartos,p25,p25,0.55,0.4,0.08,350.0,680000.0,70262.5,28105.0,4900.0,37257.5,10200.0,6423.47,54400.0,751023.47,4.960896894473884,20.157645306314166,6.392694063926941
morretes_2q,Morretes | 2 quartos,p25,p25,0.7,0.2,0.03,350.0,680000.0,89425.0,17885.0,4900.0,66640.0,10200.0,6423.47,20400.0,717023.47,9.293977503972082,10.759655912364945,4.794520547945205
morretes_2q,Morretes | 2 quartos,p25,p25,0.7,0.2,0.05,350.0,680000.0,89425.0,17885.0,4900.0,66640.0,10200.0,6423.47,34000.0,730623.47,9.12097718404803,10.963737545018006,4.794520547945205
morretes_2q,Morretes | 2 quartos,p25,p25,0.7,0.2,0.08,350.0,680000.0,89425.0,17885.0,4900.0,66640.0,10200.0,6423.47,54400.0,751023.47,8.873224694296173,11.2698599939976,4.794520547945205
morretes_2q,Morretes | 2 quartos,p25,p25,0.7,0.3,0.03,350.0,680000.0,89425.0,26827.5,4900.0,57697.5,10200.0,6423.47,20400.0,717023.47,8.046807728622886,12.427288357381169,5.47945205479452
morretes_2q,Morretes | 2 quartos,p25,p25,0.7,0.3,0.05,350.0,680000.0,89425.0,26827.5,4900.0,57697.5,10200.0,6423.47,34000.0,730623.47,7.897022525159232,12.66300047662377,5.47945205479452
morretes_2q,Morretes | 2 quartos,p25,p25,0.7,0.3,0.08,350.0,680000.0,89425.0,26827.5,4900.0,57697.5,10200.0,6423.47,54400.0,751023.47,7.682516233480693,13.016568655487673,5.47945205479452
morretes_2q,Morretes | 2 quartos,p25,p25,0.7,0.4,0.03,350.0,680000.0,89425.0,35770.0,4900.0,48755.0,10200.0,6423.47,20400.0,717023.47,6.799637953273692,14.7066653676546,6.392694063926941
morretes_2q,Morretes | 2 quartos,p25,p25,0.7,0.4,0.05,350.0,680000.0,89425.0,35770.0,4900.0,48755.0,10200.0,6423.47,34000.0,730623.47,6.673067866270434,14.985611116808531,6.392694063926941
morretes_2q,Morretes | 2 quartos,p25,p25,0.7,0.4,0.08,350.0,680000.0,89425.0,35770.0,4900.0,48755.0,10200.0,6423.47,54400.0,751023.47,6.491807772665215,15.404029740539432,6.392694063926941
morretes_2q,Morretes | 2 quartos,p25,mediana,0.4,0.2,0.03,350.0,790000.0,51100.0,10220.0,4900.0,35980.0,11850.0,6668.93,23700.0,832218.93,4.323381589024898,23.130042523624237,4.794520547945205
morretes_2q,Morretes | 2 quartos,p25,mediana,0.4,0.2,0.05,350.0,790000.0,51100.0,10220.0,4900.0,35980.0,11850.0,6668.93,39500.0,848018.93,4.2428298151316035,23.569175375208452,4.794520547945205
morretes_2q,Morretes | 2 quartos,p25,mediana,0.4,0.2,0.08,350.0,790000.0,51100.0,10220.0,4900.0,35980.0,11850.0,6668.93,63200.0,871718.93,4.127477190382914,24.22787465258477,4.794520547945205
morretes_2q,Morretes | 2 quartos,p25,mediana,0.4,0.3,0.03,350.0,790000.0,51100.0,15330.0,4900.0,30870.0,11850.0,6668.93,23700.0,832218.93,3.70936046840463,26.9588250728863,5.47945205479452
morretes_2q,Morretes | 2 quartos,p25,mediana,0.4,0.3,0.05,350.0,790000.0,51100.0,15330.0,4900.0,30870.0,11850.0,6668.93,39500.0,848018.93,3.640248926990344,27.4706488500162,5.47945205479452
morretes_2q,Morretes | 2 quartos,p25,mediana,0.4,0.3,0.08,350.0,790000.0,51100.0,15330.0,4900.0,30870.0,11850.0,6668.93,63200.0,871718.93,3.541279068013356,28.238384515711047,5.47945205479452
morretes_2q,Morretes | 2 quartos,p25,mediana,0.4,0.4,0.03,350.0,790000.0,51100.0,20440.0,4900.0,25760.0,11850.0,6668.93,23700.0,832218.93,3.0953393477843623,32.30663548136646,6.392694063926941
morretes_2q,Morretes | 2 quartos,p25,mediana,0.4,0.4,0.05,350.0,790000.0,51100.0,20440.0,4900.0,25760.0,11850.0,6668.93,39500.0,848018.93,3.0376680388490853,32.91998951863354,6.392694063926941
morretes_2q,Morretes | 2 quartos,p25,mediana,0.4,0.4,0.08,350.0,790000.0,51100.0,20440.0,4900.0,25760.0,11850.0,6668.93,63200.0,871718.93,2.955080945643798,33.840020574534165,6.392694063926941
morretes_2q,Morretes | 2 quartos,p25,mediana,0.55,0.2,0.03,350.0,790000.0,70262.5,14052.5,4900.0,51310.0,11850.0,6668.93,23700.0,832218.93,6.1654449508857,16.219429545897487,4.794520547945205
morretes_2q,Morretes | 2 quartos,p25,mediana,0.55,0.2,0.05,350.0,790000.0,70262.5,14052.5,4900.0,51310.0,11850.0,6668.93,39500.0,848018.93,6.050572479555379,16.52736172286104,4.794520547945205
morretes_2q,Morretes | 2 quartos,p25,mediana,0.55,0.2,0.08,350.0,790000.0,70262.5,14052.5,4900.0,51310.0,11850.0,6668.93,63200.0,871718.93,5.886071557491587,16.989259988306372,4.794520547945205
morretes_2q,Morretes | 2 quartos,p25,mediana,0.55,0.3,0.03,350.0,790000.0,70262.5,21078.75,4900.0,44283.75,11850.0,6668.93,23700.0,832218.93,5.321165910032832,18.792873909729867,5.47945205479452
morretes_2q,Morretes | 2 quartos,p25,mediana,0.55,0.3,0.05,350.0,790000.0,70262.5,21078.75,4900.0,44283.75,11850.0,6668.93,39500.0,848018.93,5.222023758361149,19.149663928641996,5.47945205479452
morretes_2q,Morretes | 2 quartos,p25,mediana,0.55,0.3,0.08,350.0,790000.0,70262.5,21078.75,4900.0,44283.75,11850.0,6668.93,63200.0,871718.93,5.080049139233445,19.684848957010193,5.47945205479452
morretes_2q,Morretes | 2 quartos,p25,mediana,0.55,0.4,0.03,350.0,790000.0,70262.5,28105.0,4900.0,37257.5,11850.0,6668.93,23700.0,832218.93,4.476886869179964,22.336950412668592,6.392694063926941
morretes_2q,Morretes | 2 quartos,p25,mediana,0.55,0.4,0.05,350.0,790000.0,70262.5,28105.0,4900.0,37257.5,11850.0,6668.93,39500.0,848018.93,4.393475037166918,22.76102610212709,6.392694063926941
morretes_2q,Morretes | 2 quartos,p25,mediana,0.55,0.4,0.08,350.0,790000.0,70262.5,28105.0,4900.0,37257.5,11850.0,6668.93,63200.0,871718.93,4.274026720975304,23.397139636314837,6.392694063926941
morretes_2q,Morretes | 2 quartos,p25,mediana,0.7,0.2,0.03,350.0,790000.0,89425.0,17885.0,4900.0,66640.0,11850.0,6668.93,23700.0,832218.93,8.007508312746502,12.488279261704683,4.794520547945205
morretes_2q,Morretes | 2 quartos,p25,mediana,0.7,0.2,0.05,350.0,790000.0,89425.0,17885.0,4900.0,66640.0,11850.0,6668.93,39500.0,848018.93,7.858315143979155,12.725374099639856,4.794520547945205
morretes_2q,Morretes | 2 quartos,p25,mediana,0.7,0.2,0.08,350.0,790000.0,89425.0,17885.0,4900.0,66640.0,11850.0,6668.93,63200.0,871718.93,7.644665924600261,13.081016356542618,4.794520547945205
morretes_2q,Morretes | 2 quartos,p25,mediana,0.7,0.3,0.03,350.0,790000.0,89425.0,26827.5,4900.0,57697.5,11850.0,6668.93,23700.0,832218.93,6.932971351661034,14.423829975302224,5.47945205479452
morretes_2q,Morretes | 2 quartos,p25,mediana,0.7,0.3,0.05,350.0,790000.0,89425.0,26827.5,4900.0,57697.5,11850.0,6668.93,39500.0,848018.93,6.8037985897319535,14.69767199618701,5.47945205479452
morretes_2q,Morretes | 2 quartos,p25,mediana,0.7,0.3,0.08,350.0,790000.0,89425.0,26827.5,4900.0,57697.5,11850.0,6668.93,63200.0,871718.93,6.618819210453535,15.108435027514192,5.47945205479452
morretes_2q,Morretes | 2 quartos,p25,mediana,0.7,0.4,0.03,350.0,790000.0,89425.0,35770.0,4900.0,48755.0,11850.0,6668.93,23700.0,832218.93,5.8584343905755665,17.06940683006871,6.392694063926941
morretes_2q,Morretes | 2 quartos,p25,mediana,0.7,0.4,0.05,350.0,790000.0,89425.0,35770.0,4900.0,48755.0,11850.0,6668.93,39500.0,848018.93,5.74928203548475,17.393476156291662,6.392694063926941
morretes_2q,Morretes | 2 quartos,p25,mediana,0.7,0.4,0.08,350.0,790000.0,89425.0,35770.0,4900.0,48755.0,11850.0,6668.93,63200.0,871718.93,5.592972496306809,17.87958014562609,6.392694063926941
morretes_2q,Morretes | 2 quartos,p25,p75,0.4,0.2,0.03,350.0,879740.0,51100.0,10220.0,4900.0,35980.0,13196.1,6914.39,26392.2,926242.69,3.884511088557147,25.743265425236242,4.794520547945205
morretes_2q,Morretes | 2 quartos,p25,p75,0.4,0.2,0.05,350.0,879740.0,51100.0,10220.0,4900.0,35980.0,13196.1,6914.39,43987.0,943837.49,3.8120969320682527,26.232281545302946,4.794520547945205
morretes_2q,Morretes | 2 quartos,p25,p75,0.4,0.2,0.08,350.0,879740.0,51100.0,10220.0,4900.0,35980.0,13196.1,6914.39,70379.2,970229.69,3.7084002242809126,26.965805725403,4.794520547945205
morretes_2q,Morretes | 2 quartos,p25,p75,0.4,0.3,0.03,350.0,879740.0,51100.0,15330.0,4900.0,30870.0,13196.1,6914.39,26392.2,926242.69,3.3328198250072023,30.00462228701004,5.47945205479452
morretes_2q,Morretes | 2 quartos,p25,p75,0.4,0.3,0.05,350.0,879740.0,51100.0,15330.0,4900.0,30870.0,13196.1,6914.39,43987.0,943837.49,3.270690169342606,30.5745866537091,5.47945205479452
morretes_2q,Morretes | 2 quartos,p25,p75,0.4,0.3,0.08,350.0,879740.0,51100.0,15330.0,4900.0,30870.0,13196.1,6914.39,70379.2,970229.69,3.18172081499588,31.429533203757693,5.47945205479452
morretes_2q,Morretes | 2 quartos,p25,p75,0.4,0.4,0.03,350.0,879740.0,51100.0,20440.0,4900.0,25760.0,13196.1,6914.39,26392.2,926242.69,2.781128561457257,35.95662616459627,6.392694063926941
morretes_2q,Morretes | 2 quartos,p25,p75,0.4,0.4,0.05,350.0,879740.0,51100.0,20440.0,4900.0,25760.0,13196.1,6914.39,43987.0,943837.49,2.729283406616959,36.63965411490683,6.392694063926941
morretes_2q,Morretes | 2 quartos,p25,p75,0.4,0.4,0.08,350.0,879740.0,51100.0,20440.0,4900.0,25760.0,13196.1,6914.39,70379.2,970229.69,2.655041405710848,37.664196040372666,6.392694063926941
morretes_2q,Morretes | 2 quartos,p25,p75,0.55,0.2,0.03,350.0,879740.0,70262.5,14052.5,4900.0,51310.0,13196.1,6914.39,26392.2,926242.69,5.539584879206982,18.05189417267589,4.794520547945205
morretes_2q,Morretes | 2 quartos,p25,p75,0.55,0.2,0.05,350.0,879740.0,70262.5,14052.5,4900.0,51310.0,13196.1,6914.39,43987.0,943837.49,5.4363172202451935,18.394805885792245,4.794520547945205
morretes_2q,Morretes | 2 quartos,p25,p75,0.55,0.2,0.08,350.0,879740.0,70262.5,14052.5,4900.0,51310.0,13196.1,6914.39,70379.2,970229.69,5.28843845213601,18.90917345546677,4.794520547945205
morretes_2q,Morretes | 2 quartos,p25,p75,0.55,0.3,0.03,350.0,879740.0,70262.5,21078.75,4900.0,44283.75,13196.1,6914.39,26392.2,926242.69,4.781009391825808,20.91608524571654,5.47945205479452
morretes_2q,Morretes | 2 quartos,p25,p75,0.55,0.3,0.05,350.0,879740.0,70262.5,21078.75,4900.0,44283.75,13196.1,6914.39,43987.0,943837.49,4.691882921497428,21.313404804245348,5.47945205479452
morretes_2q,Morretes | 2 quartos,p25,p75,0.55,0.3,0.08,350.0,879740.0,70262.5,21078.75,4900.0,44283.75,13196.1,6914.39,70379.2,970229.69,4.56425426436909,21.909384142038558,5.47945205479452
morretes_2q,Morretes | 2 quartos,p25,p75,0.55,0.4,0.03,350.0,879740.0,70262.5,28105.0,4900.0,37257.5,13196.1,6914.39,26392.2,926242.69,4.022433904444633,24.86057008655975,6.392694063926941
morretes_2q,Morretes | 2 quartos,p25,p75,0.55,0.4,0.05,350.0,879740.0,70262.5,28105.0,4900.0,37257.5,13196.1,6914.39,43987.0,943837.49,3.9474486227496643,25.332818627122055,6.392694063926941
morretes_2q,Morretes | 2 quartos,p25,p75,0.55,0.4,0.08,350.0,879740.0,70262.5,28105.0,4900.0,37257.5,13196.1,6914.39,70379.2,970229.69,3.8400700766021707,26.04119143796551,6.392694063926941
morretes_2q,Morretes | 2 quartos,p25,p75,0.7,0.2,0.03,350.0,879740.0,89425.0,17885.0,4900.0,66640.0,13196.1,6914.39,26392.2,926242.69,7.194658669856817,13.899200030012004,4.794520547945205
morretes_2q,Morretes | 2 quartos,p25,p75,0.7,0.2,0.05,350.0,879740.0,89425.0,17885.0,4900.0,66640.0,13196.1,6914.39,43987.0,943837.49,7.060537508422134,14.163227641056423,4.794520547945205
morretes_2q,Morretes | 2 quartos,p25,p75,0.7,0.2,0.08,350.0,879740.0,89425.0,17885.0,4900.0,66640.0,13196.1,6914.39,70379.2,970229.69,6.868476679991106,14.559269057623048,4.794520547945205
morretes_2q,Morretes | 2 quartos,p25,p75,0.7,0.3,0.03,350.0,879740.0,89425.0,26827.5,4900.0,57697.5,13196.1,6914.39,26392.2,926242.69,6.229198958644414,16.053428484769704,5.47945205479452
morretes_2q,Morretes | 2 quartos,p25,p75,0.7,0.3,0.05,350.0,879740.0,89425.0,26827.5,4900.0,57697.5,13196.1,6914.39,43987.0,943837.49,6.113075673652251,16.358377572685125,5.47945205479452
morretes_2q,Morretes | 2 quartos,p25,p75,0.7,0.3,0.08,350.0,879740.0,89425.0,26827.5,4900.0,57697.5,13196.1,6914.39,70379.2,970229.69,5.9467877137422995,16.815801204558255,5.47945205479452
morretes_2q,Morretes | 2 quartos,p25,p75,0.7,0.4,0.03,350.0,879740.0,89425.0,35770.0,4900.0,48755.0,13196.1,6914.39,26392.2,926242.69,5.263739247432009,18.99790154855912,6.392694063926941
morretes_2q,Morretes | 2 quartos,p25,p75,0.7,0.4,0.05,350.0,879740.0,89425.0,35770.0,4900.0,48755.0,13196.1,6914.39,43987.0,943837.49,5.165613838882369,19.358783509383652,6.392694063926941
morretes_2q,Morretes | 2 quartos,p25,p75,0.7,0.4,0.08,350.0,879740.0,89425.0,35770.0,4900.0,48755.0,13196.1,6914.39,70379.2,970229.69,5.025098747493494,19.90010645062045,6.392694063926941
morretes_2q,Morretes | 2 quartos,mediana,p25,0.4,0.2,0.03,458.0,680000.0,66868.0,13373.6,4900.0,48594.4,10200.0,6423.47,20400.0,717023.47,6.777239802206196,14.755269537230626,3.6639349165520128
morretes_2q,Morretes | 2 quartos,mediana,p25,0.4,0.2,0.05,458.0,680000.0,66868.0,13373.6,4900.0,48594.4,10200.0,6423.47,34000.0,730623.47,6.651086639743451,15.035137176300148,3.6639349165520128
morretes_2q,Morretes | 2 quartos,mediana,p25,0.4,0.2,0.08,458.0,680000.0,66868.0,13373.6,4900.0,48594.4,10200.0,6423.47,54400.0,751023.47,6.4704236207158745,15.454938634904432,3.6639349165520128
morretes_2q,Morretes | 2 quartos,mediana,p25,0.4,0.3,0.03,458.0,680000.0,66868.0,20060.399999999998,4900.0,41907.600000000006,10200.0,6423.47,20400.0,717023.47,5.844662239577738,17.10962856379272,4.187354190345158
morretes_2q,Morretes | 2 quartos,mediana,p25,0.4,0.3,0.05,458.0,680000.0,66868.0,20060.399999999998,4900.0,41907.600000000006,10200.0,6423.47,34000.0,730623.47,5.735868298892726,17.434152039248247,4.187354190345158
morretes_2q,Morretes | 2 quartos,mediana,p25,0.4,0.3,0.08,458.0,680000.0,66868.0,20060.399999999998,4900.0,41907.600000000006,10200.0,6423.47,54400.0,751023.47,5.580065294097934,17.920937252431536,4.187354190345158
morretes_2q,Morretes | 2 quartos,mediana,p25,0.4,0.4,0.03,458.0,680000.0,66868.0,26747.2,4900.0,35220.8,10200.0,6423.47,20400.0,717023.47,4.912084676949278,20.357955242356788,4.885246555402683
morretes_2q,Morretes | 2 quartos,mediana,p25,0.4,0.4,0.05,458.0,680000.0,66868.0,26747.2,4900.0,35220.8,10200.0,6423.47,34000.0,730623.47,4.820649958042,20.744090707763593,4.885246555402683
morretes_2q,Morretes | 2 quartos,mediana,p25,0.4,0.4,0.08,458.0,680000.0,66868.0,26747.2,4900.0,35220.8,10200.0,6423.47,54400.0,751023.47,4.689706967479991,21.3232939058738,4.885246555402683
morretes_2q,Morretes | 2 quartos,mediana,p25,0.55,0.2,0.03,458.0,680000.0,91943.50000000001,18388.700000000004,4900.0,68654.80000000002,10200.0,6423.47,20400.0,717023.47,9.574972490091575,10.443894236091282,3.6639349165520128
morretes_2q,Morretes | 2 quartos,mediana,p25,0.55,0.2,0.05,458.0,680000.0,91943.50000000001,18388.700000000004,4900.0,68654.80000000002,10200.0,6423.47,34000.0,730623.47,9.39674166229563,10.641986721977194,3.6639349165520128
morretes_2q,Morretes | 2 quartos,mediana,p25,0.55,0.2,0.08,458.0,680000.0,91943.50000000001,18388.700000000004,4900.0,68654.80000000002,10200.0,6423.47,54400.0,751023.47,9.141498600569703,10.939125450806058,3.6639349165520128
morretes_2q,Morretes | 2 quartos,mediana,p25,0.55,0.3,0.03,458.0,680000.0,91943.50000000001,27583.050000000003,4900.0,59460.45000000001,10200.0,6423.47,20400.0,717023.47,8.292678341477444,12.058830197215121,4.187354190345158
morretes_2q,Morretes | 2 quartos,mediana,p25,0.55,0.3,0.05,458.0,680000.0,91943.50000000001,27583.050000000003,4900.0,59460.45000000001,10200.0,6423.47,34000.0,730623.47,8.138316443625882,12.28755365961744,4.187354190345158
morretes_2q,Morretes | 2 quartos,mediana,p25,0.55,0.3,0.08,458.0,680000.0,91943.50000000001,27583.050000000003,4900.0,59460.45000000001,10200.0,6423.47,54400.0,751023.47,7.917255901470031,12.630638853220919,4.187354190345158
morretes_2q,Morretes | 2 quartos,mediana,p25,0.55,0.4,0.03,458.0,680000.0,91943.50000000001,36777.40000000001,4900.0,50266.100000000006,10200.0,6423.47,20400.0,717023.47,7.010384192863311,14.26455344655742,4.885246555402683
morretes_2q,Morretes | 2 quartos,mediana,p25,0.55,0.4,0.05,458.0,680000.0,91943.50000000001,36777.40000000001,4900.0,50266.100000000006,10200.0,6423.47,34000.0,730623.47,6.8798912249561335,14.535113525815607,4.885246555402683
morretes_2q,Morretes | 2 quartos,mediana,p25,0.55,0.4,0.08,458.0,680000.0,91943.50000000001,36777.40000000001,4900.0,50266.100000000006,10200.0,6423.47,54400.0,751023.47,6.693013202370361,14.940953644702889,4.885246555402683
morretes_2q,Morretes | 2 quartos,mediana,p25,0.7,0.2,0.03,458.0,680000.0,117018.99999999999,23403.8,4900.0,88715.19999999998,10200.0,6423.47,20400.0,717023.47,12.372705177976947,8.082306865114434,3.6639349165520128
morretes_2q,Morretes | 2 quartos,mediana,p25,0.7,0.2,0.05,458.0,680000.0,117018.99999999999,23403.8,4900.0,88715.19999999998,10200.0,6423.47,34000.0,730623.47,12.142396684847803,8.23560641242989,3.6639349165520128
morretes_2q,Morretes | 2 quartos,mediana,p25,0.7,0.2,0.08,458.0,680000.0,117018.99999999999,23403.8,4900.0,88715.19999999998,10200.0,6423.47,54400.0,751023.47,11.812573580423523,8.465555733403072,3.6639349165520128
morretes_2q,Morretes | 2 quartos,mediana,p25,0.7,0.3,0.03,458.0,680000.0,117018.99999999999,35105.7,4900.0,77013.29999999999,10200.0,6423.47,20400.0,717023.47,10.740694443377146,9.310384959481025,4.187354190345158
morretes_2q,Morretes | 2 quartos,mediana,p25,0.7,0.3,0.05,458.0,680000.0,117018.99999999999,35105.7,4900.0,77013.29999999999,10200.0,6423.47,34000.0,730623.47,10.540764588359036,9.486977833698855,4.187354190345158
morretes_2q,Morretes | 2 quartos,mediana,p25,0.7,0.3,0.08,458.0,680000.0,117018.99999999999,35105.7,4900.0,77013.29999999999,10200.0,6423.47,54400.0,751023.47,10.254446508842125,9.751867145025601,4.187354190345158
morretes_2q,Morretes | 2 quartos,mediana,p25,0.7,0.4,0.03,458.0,680000.0,117018.99999999999,46807.6,4900.0,65311.399999999994,10200.0,6423.47,20400.0,717023.47,9.108683708777344,10.97853468154105,4.885246555402683
morretes_2q,Morretes | 2 quartos,mediana,p25,0.7,0.4,0.05,458.0,680000.0,117018.99999999999,46807.6,4900.0,65311.399999999994,10200.0,6423.47,34000.0,730623.47,8.939132491870264,11.186767853697823,4.885246555402683
morretes_2q,Morretes | 2 quartos,mediana,p25,0.7,0.4,0.08,458.0,680000.0,117018.99999999999,46807.6,4900.0,65311.399999999994,10200.0,6423.47,54400.0,751023.47,8.696319437260728,11.499117611932986,4.885246555402683
morretes_2q,Morretes | 2 quartos,mediana,mediana,0.4,0.2,0.03,458.0,790000.0,66868.0,13373.6,4900.0,48594.4,11850.0,6668.93,23700.0,832218.93,5.8391365839275,17.12581964176942,3.6639349165520128
morretes_2q,Morretes | 2 quartos,mediana,mediana,0.4,0.2,0.05,458.0,790000.0,66868.0,13373.6,4900.0,48594.4,11850.0,6668.93,39500.0,848018.93,5.73034377900031,17.450959987159013,3.6639349165520128
morretes_2q,Morretes | 2 quartos,mediana,mediana,0.4,0.2,0.08,458.0,790000.0,66868.0,13373.6,4900.0,48594.4,11850.0,6668.93,63200.0,871718.93,5.574549126746622,17.938670505243405,3.6639349165520128
morretes_2q,Morretes | 2 quartos,mediana,mediana,0.4,0.3,0.03,458.0,790000.0,66868.0,20060.399999999998,4900.0,41907.600000000006,11850.0,6668.93,23700.0,832218.93,5.035646088944409,19.858424963491107,4.187354190345158
morretes_2q,Morretes | 2 quartos,mediana,mediana,0.4,0.3,0.05,458.0,790000.0,66868.0,20060.399999999998,4900.0,41907.600000000006,11850.0,6668.93,39500.0,848018.93,4.941823645375464,20.235444883505615,4.187354190345158
morretes_2q,Morretes | 2 quartos,mediana,mediana,0.4,0.3,0.08,458.0,790000.0,66868.0,20060.399999999998,4900.0,41907.600000000006,11850.0,6668.93,63200.0,871718.93,4.8074670123316015,20.80097476352738,4.187354190345158
morretes_2q,Morretes | 2 quartos,mediana,mediana,0.4,0.4,0.03,458.0,790000.0,66868.0,26747.2,4900.0,35220.8,11850.0,6668.93,23700.0,832218.93,4.2321555939613145,23.628620871757597,4.885246555402683
morretes_2q,Morretes | 2 quartos,mediana,mediana,0.4,0.4,0.05,458.0,790000.0,66868.0,26747.2,4900.0,35220.8,11850.0,6668.93,39500.0,848018.93,4.153303511750616,24.07721942715668,4.885246555402683
morretes_2q,Morretes | 2 quartos,mediana,mediana,0.4,0.4,0.08,458.0,790000.0,66868.0,26747.2,4900.0,35220.8,11850.0,6668.93,63200.0,871718.93,4.04038489791658,24.750117260255305,4.885246555402683
morretes_2q,Morretes | 2 quartos,mediana,mediana,0.55,0.2,0.03,458.0,790000.0,91943.50000000001,18388.700000000004,4900.0,68654.80000000002,11850.0,6668.93,23700.0,832218.93,8.249608068876782,12.121787988603854,3.6639349165520128
morretes_2q,Morretes | 2 quartos,mediana,mediana,0.55,0.2,0.05,458.0,790000.0,91943.50000000001,18388.700000000004,4900.0,68654.80000000002,11850.0,6668.93,39500.0,848018.93,8.095904179874854,12.351924847206602,3.6639349165520128
morretes_2q,Morretes | 2 quartos,mediana,mediana,0.55,0.2,0.08,458.0,790000.0,91943.50000000001,18388.700000000004,4900.0,68654.80000000002,11850.0,6668.93,63200.0,871718.93,7.875795469991688,12.697130135110726,3.6639349165520128
morretes_2q,Morretes | 2 quartos,mediana,mediana,0.55,0.3,0.03,458.0,790000.0,91943.50000000001,27583.050000000003,4900.0,59460.45000000001,11850.0,6668.93,23700.0,832218.93,7.144808638275029,13.996176113702468,4.187354190345158
morretes_2q,Morretes | 2 quartos,mediana,mediana,0.55,0.3,0.05,458.0,790000.0,91943.50000000001,27583.050000000003,4900.0,59460.45000000001,11850.0,6668.93,39500.0,848018.93,7.0116889961406885,14.261898959728692,4.187354190345158
morretes_2q,Morretes | 2 quartos,mediana,mediana,0.55,0.3,0.08,458.0,790000.0,91943.50000000001,27583.050000000003,4900.0,59460.45000000001,11850.0,6668.93,63200.0,871718.93,6.821057562671033,14.660483228768028,4.187354190345158
morretes_2q,Morretes | 2 quartos,mediana,mediana,0.55,0.4,0.03,458.0,790000.0,91943.50000000001,36777.40000000001,4900.0,50266.100000000006,11850.0,6668.93,23700.0,832218.93,6.0400092076732745,16.556266151541497,4.885246555402683
morretes_2q,Morretes | 2 quartos,mediana,mediana,0.55,0.4,0.05,458.0,790000.0,91943.50000000001,36777.40000000001,4900.0,50266.100000000006,11850.0,6668.93,39500.0,848018.93,5.927473812406523,16.87059330244439,4.885246555402683
morretes_2q,Morretes | 2 quartos,mediana,mediana,0.55,0.4,0.08,458.0,790000.0,91943.50000000001,36777.40000000001,4900.0,50266.100000000006,11850.0,6668.93,63200.0,871718.93,5.766319655350378,17.342084028798734,4.885246555402683
morretes_2q,Morretes | 2 quartos,mediana,mediana,0.7,0.2,0.03,458.0,790000.0,117018.99999999999,23403.8,4900.0,88715.19999999998,11850.0,6668.93,23700.0,832218.93,10.660079553826057,9.380793032084696,3.6639349165520128
morretes_2q,Morretes | 2 quartos,mediana,mediana,0.7,0.2,0.05,458.0,790000.0,117018.99999999999,23403.8,4900.0,88715.19999999998,11850.0,6668.93,39500.0,848018.93,10.461464580749391,9.558891035583533,3.6639349165520128
morretes_2q,Morretes | 2 quartos,mediana,mediana,0.7,0.2,0.08,458.0,790000.0,117018.99999999999,23403.8,4900.0,88715.19999999998,11850.0,6668.93,63200.0,871718.93,10.177041813236748,9.826038040831788,3.6639349165520128
morretes_2q,Morretes | 2 quartos,mediana,mediana,0.7,0.3,0.03,458.0,790000.0,117018.99999999999,35105.7,4900.0,77013.29999999999,11850.0,6668.93,23700.0,832218.93,9.253971187605645,10.806171531410811,4.187354190345158
morretes_2q,Morretes | 2 quartos,mediana,mediana,0.7,0.3,0.05,458.0,790000.0,117018.99999999999,35105.7,4900.0,77013.29999999999,11850.0,6668.93,39500.0,848018.93,9.081554346905909,11.011330899987406,4.187354190345158
morretes_2q,Morretes | 2 quartos,mediana,mediana,0.7,0.3,0.08,458.0,790000.0,117018.99999999999,35105.7,4900.0,77013.29999999999,11850.0,6668.93,63200.0,871718.93,8.834648113010461,11.319069952852303,4.187354190345158
morretes_2q,Morretes | 2 quartos,mediana,mediana,0.7,0.4,0.03,458.0,790000.0,117018.99999999999,46807.6,4900.0,65311.399999999994,11850.0,6668.93,23700.0,832218.93,7.847862821385232,12.742322626677733,4.885246555402683
morretes_2q,Morretes | 2 quartos,mediana,mediana,0.7,0.4,0.05,458.0,790000.0,117018.99999999999,46807.6,4900.0,65311.399999999994,11850.0,6668.93,39500.0,848018.93,7.701644113062428,12.9842405766834,4.885246555402683
morretes_2q,Morretes | 2 quartos,mediana,mediana,0.7,0.4,0.08,458.0,790000.0,117018.99999999999,46807.6,4900.0,65311.399999999994,11850.0,6668.93,63200.0,871718.93,7.492254412784175,13.347117501691896,4.885246555402683
morretes_2q,Morretes | 2 quartos,mediana,p75,0.4,0.2,0.03,458.0,879740.0,66868.0,13373.6,4900.0,48594.4,13196.1,6914.39,26392.2,926242.69,5.246400379149012,19.060687857037024,3.6639349165520128
morretes_2q,Morretes | 2 quartos,mediana,p75,0.4,0.2,0.05,458.0,879740.0,66868.0,13373.6,4900.0,48594.4,13196.1,6914.39,43987.0,943837.49,5.148598197768135,19.422762499382642,3.6639349165520128
morretes_2q,Morretes | 2 quartos,mediana,p75,0.4,0.2,0.08,458.0,879740.0,66868.0,13373.6,4900.0,48594.4,13196.1,6914.39,70379.2,970229.69,5.008545966058821,19.965874462901073,3.6639349165520128
morretes_2q,Morretes | 2 quartos,mediana,p75,0.4,0.3,0.03,458.0,879740.0,66868.0,20060.399999999998,4900.0,41907.600000000006,13196.1,6914.39,26392.2,926242.69,4.524472954275084,22.102021828976124,4.187354190345158
morretes_2q,Morretes | 2 quartos,mediana,p75,0.4,0.3,0.05,458.0,879740.0,66868.0,20060.399999999998,4900.0,41907.600000000006,13196.1,6914.39,43987.0,943837.49,4.4401287768300035,22.52186930294266,4.187354190345158
morretes_2q,Morretes | 2 quartos,mediana,p75,0.4,0.3,0.08,458.0,879740.0,66868.0,20060.399999999998,4900.0,41907.600000000006,13196.1,6914.39,70379.2,970229.69,4.319348339051551,23.151640513892463,4.187354190345158
morretes_2q,Morretes | 2 quartos,mediana,p75,0.4,0.4,0.03,458.0,879740.0,66868.0,26747.2,4900.0,35220.8,13196.1,6914.39,26392.2,926242.69,3.8025455294011556,26.298172954617723,4.885246555402683
morretes_2q,Morretes | 2 quartos,mediana,p75,0.4,0.4,0.05,458.0,879740.0,66868.0,26747.2,4900.0,35220.8,13196.1,6914.39,43987.0,943837.49,3.731659355891871,26.797730034525053,4.885246555402683
morretes_2q,Morretes | 2 quartos,mediana,p75,0.4,0.4,0.08,458.0,879740.0,66868.0,26747.2,4900.0,35220.8,13196.1,6914.39,70379.2,970229.69,3.630150712044279,27.547065654386042,4.885246555402683
morretes_2q,Morretes | 2 quartos,mediana,p75,0.55,0.2,0.03,458.0,879740.0,91943.50000000001,18388.700000000004,4900.0,68654.80000000002,13196.1,6914.39,26392.2,926242.69,7.412182653770798,13.491302720275927,3.6639349165520128
morretes_2q,Morretes | 2 quartos,mediana,p75,0.55,0.2,0.05,458.0,879740.0,91943.50000000001,18388.700000000004,4900.0,68654.80000000002,13196.1,6914.39,43987.0,943837.49,7.274006460582533,13.747581960766032,3.6639349165520128
morretes_2q,Morretes | 2 quartos,mediana,p75,0.55,0.2,0.08,458.0,879740.0,91943.50000000001,18388.700000000004,4900.0,68654.80000000002,13196.1,6914.39,70379.2,970229.69,7.076138847080634,14.132000821501187,3.6639349165520128
morretes_2q,Morretes | 2 quartos,mediana,p75,0.55,0.3,0.03,458.0,879740.0,91943.50000000001,27583.050000000003,4900.0,59460.45000000001,13196.1,6914.39,26392.2,926242.69,6.419532444569145,15.577458461885165,4.187354190345158
morretes_2q,Morretes | 2 quartos,mediana,p75,0.55,0.3,0.05,458.0,879740.0,91943.50000000001,27583.050000000003,4900.0,59460.45000000001,13196.1,6914.39,43987.0,943837.49,6.299861006792601,15.873366077787837,4.187354190345158
morretes_2q,Morretes | 2 quartos,mediana,p75,0.55,0.3,0.08,458.0,879740.0,91943.50000000001,27583.050000000003,4900.0,59460.45000000001,13196.1,6914.39,70379.2,970229.69,6.128492109945637,16.31722750164184,4.187354190345158
morretes_2q,Morretes | 2 quartos,mediana,p75,0.55,0.4,0.03,458.0,879740.0,91943.50000000001,36777.40000000001,4900.0,50266.100000000006,13196.1,6914.39,26392.2,926242.69,5.4268822353674935,18.426786442552732,4.885246555402683
morretes_2q,Morretes | 2 quartos,mediana,p75,0.55,0.4,0.05,458.0,879740.0,91943.50000000001,36777.40000000001,4900.0,50266.100000000006,13196.1,6914.39,43987.0,943837.49,5.325715553002668,18.77681956626832,4.885246555402683
morretes_2q,Morretes | 2 quartos,mediana,p75,0.55,0.4,0.08,458.0,879740.0,91943.50000000001,36777.40000000001,4900.0,50266.100000000006,13196.1,6914.39,70379.2,970229.69,5.180845372810639,19.301869251841694,4.885246555402683
morretes_2q,Morretes | 2 quartos,mediana,p75,0.7,0.2,0.03,458.0,879740.0,117018.99999999999,23403.8,4900.0,88715.19999999998,13196.1,6914.39,26392.2,926242.69,9.577964928392579,10.440631255974175,3.6639349165520128
morretes_2q,Morretes | 2 quartos,mediana,p75,0.7,0.2,0.05,458.0,879740.0,117018.99999999999,23403.8,4900.0,88715.19999999998,13196.1,6914.39,43987.0,943837.49,9.399414723396927,10.638960290908438,3.6639349165520128
morretes_2q,Morretes | 2 quartos,mediana,p75,0.7,0.2,0.08,458.0,879740.0,117018.99999999999,23403.8,4900.0,88715.19999999998,13196.1,6914.39,70379.2,970229.69,9.143731728102445,10.93645384330983,3.6639349165520128
morretes_2q,Morretes | 2 quartos,mediana,p75,0.7,0.3,0.03,458.0,879740.0,117018.99999999999,35105.7,4900.0,77013.29999999999,13196.1,6914.39,26392.2,926242.69,8.314591934863204,12.027048444879002,4.187354190345158
morretes_2q,Morretes | 2 quartos,mediana,p75,0.7,0.3,0.05,458.0,879740.0,117018.99999999999,35105.7,4900.0,77013.29999999999,13196.1,6914.39,43987.0,943837.49,8.159593236755194,12.255512878944288,4.187354190345158
morretes_2q,Morretes | 2 quartos,mediana,p75,0.7,0.3,0.08,458.0,879740.0,117018.99999999999,35105.7,4900.0,77013.29999999999,13196.1,6914.39,70379.2,970229.69,7.9376358808397205,12.598209530042215,4.187354190345158
morretes_2q,Morretes | 2 quartos,mediana,p75,0.7,0.4,0.03,458.0,879740.0,117018.99999999999,46807.6,4900.0,65311.399999999994,13196.1,6914.39,26392.2,926242.69,7.051218941333831,14.181945112185621,4.885246555402683
morretes_2q,Morretes | 2 quartos,mediana,p75,0.7,0.4,0.05,458.0,879740.0,117018.99999999999,46807.6,4900.0,65311.399999999994,13196.1,6914.39,43987.0,943837.49,6.919771750113464,14.45134371641092,4.885246555402683
morretes_2q,Morretes | 2 quartos,mediana,p75,0.7,0.4,0.08,458.0,879740.0,117018.99999999999,46807.6,4900.0,65311.399999999994,13196.1,6914.39,70379.2,970229.69,6.731540033576998,14.855441622748861,4.885246555402683
morretes_2q,Morretes | 2 quartos,p75,p25,0.4,0.2,0.03,532.5,680000.0,77745.0,15549.0,4900.0,57296.0,10200.0,6423.47,20400.0,717023.47,7.990812350954146,12.514372207483943,3.151328059682295
morretes_2q,Morretes | 2 quartos,p75,p25,0.4,0.2,0.05,532.5,680000.0,77745.0,15549.0,4900.0,57296.0,10200.0,6423.47,34000.0,730623.47,7.842069458841776,12.751736072326166,3.151328059682295
morretes_2q,Morretes | 2 quartos,p75,p25,0.4,0.2,0.08,532.5,680000.0,77745.0,15549.0,4900.0,57296.0,10200.0,6423.47,54400.0,751023.47,7.629055853607344,13.1077818695895,3.151328059682295
morretes_2q,Morretes | 2 quartos,p75,p25,0.4,0.3,0.03,532.5,680000.0,77745.0,23323.5,4900.0,49521.5,10200.0,6423.47,20400.0,717023.47,6.9065382197321945,14.479033753016367,3.6015177824940507
morretes_2q,Morretes | 2 quartos,p75,p25,0.4,0.3,0.05,532.5,680000.0,77745.0,23323.5,4900.0,49521.5,10200.0,6423.47,34000.0,730623.47,6.7779782656037595,14.75366194481185,3.6015177824940507
morretes_2q,Morretes | 2 quartos,p75,p25,0.4,0.3,0.08,532.5,680000.0,77745.0,23323.5,4900.0,49521.5,10200.0,6423.47,54400.0,751023.47,6.59386849787797,15.165604232505073,3.6015177824940507
morretes_2q,Morretes | 2 quartos,p75,p25,0.4,0.4,0.03,532.5,680000.0,77745.0,31098.0,4900.0,41747.0,10200.0,6423.47,20400.0,717023.47,5.822264088510241,17.17544901430043,4.201770746243059
morretes_2q,Morretes | 2 quartos,p75,p25,0.4,0.4,0.05,532.5,680000.0,77745.0,31098.0,4900.0,41747.0,10200.0,6423.47,34000.0,730623.47,5.7138870723657424,17.501220926054565,4.201770746243059
morretes_2q,Morretes | 2 quartos,p75,p25,0.4,0.4,0.08,532.5,680000.0,77745.0,31098.0,4900.0,41747.0,10200.0,6423.47,54400.0,751023.47,5.558681142148593,17.989878793685772,4.201770746243059
morretes_2q,Morretes | 2 quartos,p75,p25,0.55,0.2,0.03,532.5,680000.0,106899.37500000001,21379.875000000004,4900.0,80619.50000000001,10200.0,6423.47,20400.0,717023.47,11.243634744620008,8.893921073685645,3.151328059682295
morretes_2q,Morretes | 2 quartos,p75,p25,0.55,0.2,0.05,532.5,680000.0,106899.37500000001,21379.875000000004,4900.0,80619.50000000001,10200.0,6423.47,34000.0,730623.47,11.034343038555827,9.062614752014088,3.151328059682295
morretes_2q,Morretes | 2 quartos,p75,p25,0.55,0.2,0.08,532.5,680000.0,106899.37500000001,21379.875000000004,4900.0,80619.50000000001,10200.0,6423.47,54400.0,751023.47,10.734617920795474,9.315655269506754,3.151328059682295
morretes_2q,Morretes | 2 quartos,p75,p25,0.55,0.3,0.03,532.5,680000.0,106899.37500000001,32069.812500000004,4900.0,69929.56250000001,10200.0,6423.47,20400.0,717023.47,9.752757814189822,10.253510023032103,3.6015177824940507
morretes_2q,Morretes | 2 quartos,p75,p25,0.55,0.3,0.05,532.5,680000.0,106899.37500000001,32069.812500000004,4900.0,69929.56250000001,10200.0,6423.47,34000.0,730623.47,9.571217647853555,10.447991434237842,3.6015177824940507
morretes_2q,Morretes | 2 quartos,p75,p25,0.55,0.3,0.08,532.5,680000.0,106899.37500000001,32069.812500000004,4900.0,69929.56250000001,10200.0,6423.47,54400.0,751023.47,9.311235306667582,10.739713551046453,3.6015177824940507
morretes_2q,Morretes | 2 quartos,p75,p25,0.55,0.4,0.03,532.5,680000.0,106899.37500000001,42759.75000000001,4900.0,59239.62500000001,10200.0,6423.47,20400.0,717023.47,8.261880883759636,12.103781379439857,4.201770746243059
morretes_2q,Morretes | 2 quartos,p75,p25,0.55,0.4,0.05,532.5,680000.0,106899.37500000001,42759.75000000001,4900.0,59239.62500000001,10200.0,6423.47,34000.0,730623.47,8.10809225715128,12.33335744444702,4.201770746243059
morretes_2q,Morretes | 2 quartos,p75,p25,0.55,0.4,0.08,532.5,680000.0,106899.37500000001,42759.75000000001,4900.0,59239.62500000001,10200.0,6423.47,54400.0,751023.47,7.88785269253969,12.677721541957768,4.201770746243059
morretes_2q,Morretes | 2 quartos,p75,p25,0.7,0.2,0.03,532.5,680000.0,136053.75,27210.75,4900.0,103943.0,10200.0,6423.47,20400.0,717023.47,14.496457138285864,6.898237206930721,3.151328059682295
morretes_2q,Morretes | 2 quartos,p75,p25,0.7,0.2,0.05,532.5,680000.0,136053.75,27210.75,4900.0,103943.0,10200.0,6423.47,34000.0,730623.47,14.226616618269874,7.029078148600675,3.151328059682295
morretes_2q,Morretes | 2 quartos,p75,p25,0.7,0.2,0.08,532.5,680000.0,136053.75,27210.75,4900.0,103943.0,10200.0,6423.47,54400.0,751023.47,13.840179987983598,7.2253395611056055,3.151328059682295
morretes_2q,Morretes | 2 quartos,p75,p25,0.7,0.3,0.03,532.5,680000.0,136053.75,40816.125,4900.0,90337.625,10200.0,6423.47,20400.0,717023.47,12.598977408647446,7.93715210024616,3.6015177824940507
morretes_2q,Morretes | 2 quartos,p75,p25,0.7,0.3,0.05,532.5,680000.0,136053.75,40816.125,4900.0,90337.625,10200.0,6423.47,34000.0,730623.47,12.364457030103344,8.087698453440634,3.6015177824940507
morretes_2q,Morretes | 2 quartos,p75,p25,0.7,0.3,0.08,532.5,680000.0,136053.75,40816.125,4900.0,90337.625,10200.0,6423.47,54400.0,751023.47,12.028602115457192,8.313517983232346,3.6015177824940507
morretes_2q,Morretes | 2 quartos,p75,p25,0.7,0.4,0.03,532.5,680000.0,136053.75,54421.5,4900.0,76732.25,10200.0,6423.47,20400.0,717023.47,10.70149767900903,9.344486444747808,4.201770746243059
morretes_2q,Morretes | 2 quartos,p75,p25,0.7,0.4,0.05,532.5,680000.0,136053.75,54421.5,4900.0,76732.25,10200.0,6423.47,34000.0,730623.47,10.502297441936816,9.521726132102213,4.201770746243059
morretes_2q,Morretes | 2 quartos,p75,p25,0.7,0.4,0.08,532.5,680000.0,136053.75,54421.5,4900.0,76732.25,10200.0,6423.47,54400.0,751023.47,10.217024242930783,9.787585663133818,4.201770746243059
morretes_2q,Morretes | 2 quartos,p75,mediana,0.4,0.2,0.03,532.5,790000.0,77745.0,15549.0,4900.0,57296.0,11850.0,6668.93,23700.0,832218.93,6.884726835040871,14.524904530857304,3.151328059682295
morretes_2q,Morretes | 2 quartos,p75,mediana,0.4,0.2,0.05,532.5,790000.0,77745.0,15549.0,4900.0,57296.0,11850.0,6668.93,39500.0,848018.93,6.756452948520854,14.800665491482826,3.151328059682295
morretes_2q,Morretes | 2 quartos,p75,mediana,0.4,0.2,0.08,532.5,790000.0,77745.0,15549.0,4900.0,57296.0,11850.0,6668.93,63200.0,871718.93,6.5727607865530695,15.214306932421112,3.151328059682295
morretes_2q,Morretes | 2 quartos,p75,mediana,0.4,0.3,0.03,532.5,790000.0,77745.0,23323.5,4900.0,49521.5,11850.0,6668.93,23700.0,832218.93,5.950537558668606,16.805204406167018,3.6015177824940507
morretes_2q,Morretes | 2 quartos,p75,mediana,0.4,0.3,0.05,532.5,790000.0,77745.0,23323.5,4900.0,49521.5,11850.0,6668.93,39500.0,848018.93,5.839669168705939,17.1242577466353,3.6015177824940507
morretes_2q,Morretes | 2 quartos,p75,mediana,0.4,0.3,0.08,532.5,790000.0,77745.0,23323.5,4900.0,49521.5,11850.0,6668.93,63200.0,871718.93,5.680902214662241,17.602837757337724,3.6015177824940507
morretes_2q,Morretes | 2 quartos,p75,mediana,0.4,0.4,0.03,532.5,790000.0,77745.0,31098.0,4900.0,41747.0,11850.0,6668.93,23700.0,832218.93,5.0163482822963426,19.93481998706494,4.201770746243059
morretes_2q,Morretes | 2 quartos,p75,mediana,0.4,0.4,0.05,532.5,790000.0,77745.0,31098.0,4900.0,41747.0,11850.0,6668.93,39500.0,848018.93,4.922885388891023,20.31329029630872,4.201770746243059
morretes_2q,Morretes | 2 quartos,p75,mediana,0.4,0.4,0.08,532.5,790000.0,77745.0,31098.0,4900.0,41747.0,11850.0,6668.93,63200.0,871718.93,4.789043642771414,20.880995760174386,4.201770746243059
morretes_2q,Morretes | 2 quartos,p75,mediana,0.55,0.2,0.03,532.5,790000.0,106899.37500000001,21379.875000000004,4900.0,80619.50000000001,11850.0,6668.93,23700.0,832218.93,9.687294664157664,10.322799446783966,3.151328059682295
morretes_2q,Morretes | 2 quartos,p75,mediana,0.55,0.2,0.05,532.5,790000.0,106899.37500000001,21379.875000000004,4900.0,80619.50000000001,11850.0,6668.93,39500.0,848018.93,9.5068042879656,10.518781808371422,3.151328059682295
morretes_2q,Morretes | 2 quartos,p75,mediana,0.55,0.2,0.08,532.5,790000.0,106899.37500000001,21379.875000000004,4900.0,80619.50000000001,11850.0,6668.93,63200.0,871718.93,9.248336502225554,10.812755350752608,3.151328059682295
morretes_2q,Morretes | 2 quartos,p75,mediana,0.55,0.3,0.03,532.5,790000.0,106899.37500000001,32069.812500000004,4900.0,69929.56250000001,11850.0,6668.93,23700.0,832218.93,8.4027844091458,11.900817054303749,3.6015177824940507
morretes_2q,Morretes | 2 quartos,p75,mediana,0.55,0.3,0.05,532.5,790000.0,106899.37500000001,32069.812500000004,4900.0,69929.56250000001,11850.0,6668.93,39500.0,848018.93,8.246226590720093,12.12675869379277,3.6015177824940507
morretes_2q,Morretes | 2 quartos,p75,mediana,0.55,0.3,0.08,532.5,790000.0,106899.37500000001,32069.812500000004,4900.0,69929.56250000001,11850.0,6668.93,63200.0,871718.93,8.022030965875665,12.465671153026303,3.6015177824940507
morretes_2q,Morretes | 2 quartos,p75,mediana,0.55,0.4,0.03,532.5,790000.0,106899.37500000001,42759.75000000001,4900.0,59239.62500000001,11850.0,6668.93,23700.0,832218.93,7.118274154133937,14.048349056902367,4.201770746243059
morretes_2q,Morretes | 2 quartos,p75,mediana,0.55,0.4,0.05,532.5,790000.0,106899.37500000001,42759.75000000001,4900.0,59239.62500000001,11850.0,6668.93,39500.0,848018.93,6.985648893474583,14.315062426543044,4.201770746243059
morretes_2q,Morretes | 2 quartos,p75,mediana,0.55,0.4,0.08,532.5,790000.0,106899.37500000001,42759.75000000001,4900.0,59239.62500000001,11850.0,6668.93,63200.0,871718.93,6.795725429525777,14.715132481004057,4.201770746243059
morretes_2q,Morretes | 2 quartos,p75,mediana,0.7,0.2,0.03,532.5,790000.0,136053.75,27210.75,4900.0,103943.0,11850.0,6668.93,23700.0,832218.93,12.489862493274455,8.006493270350097,3.151328059682295
morretes_2q,Morretes | 2 quartos,p75,mediana,0.7,0.2,0.05,532.5,790000.0,136053.75,27210.75,4900.0,103943.0,11850.0,6668.93,39500.0,848018.93,12.257155627410345,8.15849965846666,3.151328059682295
morretes_2q,Morretes | 2 quartos,p75,mediana,0.7,0.2,0.08,532.5,790000.0,136053.75,27210.75,4900.0,103943.0,11850.0,6668.93,63200.0,871718.93,11.923912217898032,8.386509240641505,3.151328059682295
morretes_2q,Morretes | 2 quartos,p75,mediana,0.7,0.3,0.03,532.5,790000.0,136053.75,40816.125,4900.0,90337.625,11850.0,6668.93,23700.0,832218.93,10.855031259622994,9.212318012566747,3.6015177824940507
morretes_2q,Morretes | 2 quartos,p75,mediana,0.7,0.3,0.05,532.5,790000.0,136053.75,40816.125,4900.0,90337.625,11850.0,6668.93,39500.0,848018.93,10.652784012734244,9.387217452307386,3.6015177824940507
morretes_2q,Morretes | 2 quartos,p75,mediana,0.7,0.3,0.08,532.5,790000.0,136053.75,40816.125,4900.0,90337.625,11850.0,6668.93,63200.0,871718.93,10.363159717089085,9.649566611918345,3.6015177824940507
morretes_2q,Morretes | 2 quartos,p75,mediana,0.7,0.4,0.03,532.5,790000.0,136053.75,54421.5,4900.0,76732.25,11850.0,6668.93,23700.0,832218.93,9.22020002597153,10.84575168850125,4.201770746243059
morretes_2q,Morretes | 2 quartos,p75,mediana,0.7,0.4,0.05,532.5,790000.0,136053.75,54421.5,4900.0,76732.25,11850.0,6668.93,39500.0,848018.93,9.048412398058142,11.05166250175122,4.201770746243059
morretes_2q,Morretes | 2 quartos,p75,mediana,0.7,0.4,0.08,532.5,790000.0,136053.75,54421.5,4900.0,76732.25,11850.0,6668.93,63200.0,871718.93,8.802407216280136,11.360528721626174,4.201770746243059
morretes_2q,Morretes | 2 quartos,p75,p75,0.4,0.2,0.03,532.5,879740.0,77745.0,15549.0,4900.0,57296.0,13196.1,6914.39,26392.2,926242.69,6.185851787936918,16.165922402960067,3.151328059682295
morretes_2q,Morretes | 2 quartos,p75,p75,0.4,0.2,0.05,532.5,879740.0,77745.0,15549.0,4900.0,57296.0,13196.1,6914.39,43987.0,943837.49,6.070536570866665,16.47300841245462,3.151328059682295
morretes_2q,Morretes | 2 quartos,p75,p75,0.4,0.2,0.08,532.5,879740.0,77745.0,15549.0,4900.0,57296.0,13196.1,6914.39,70379.2,970229.69,5.9054057601556185,16.933637426696453,3.151328059682295
morretes_2q,Morretes | 2 quartos,p75,p75,0.4,0.3,0.03,532.5,879740.0,77745.0,23323.5,4900.0,49521.5,13196.1,6914.39,26392.2,926242.69,5.346492936964502,18.70384964106499,3.6015177824940507
morretes_2q,Morretes | 2 quartos,p75,p75,0.4,0.3,0.05,532.5,879740.0,77745.0,23323.5,4900.0,49521.5,13196.1,6914.39,43987.0,943837.49,5.2468248532912165,19.05914582555052,3.6015177824940507
morretes_2q,Morretes | 2 quartos,p75,p75,0.4,0.3,0.08,532.5,879740.0,77745.0,23323.5,4900.0,49521.5,13196.1,6914.39,70379.2,970229.69,5.104100658886248,19.592090102278807,3.6015177824940507
morretes_2q,Morretes | 2 quartos,p75,p75,0.4,0.4,0.03,532.5,879740.0,77745.0,31098.0,4900.0,41747.0,13196.1,6914.39,26392.2,926242.69,4.507134085992085,22.187047931587898,4.201770746243059
morretes_2q,Morretes | 2 quartos,p75,p75,0.4,0.4,0.05,532.5,879740.0,77745.0,31098.0,4900.0,41747.0,13196.1,6914.39,43987.0,943837.49,4.423113135715768,22.608510551656405,4.201770746243059
morretes_2q,Morretes | 2 quartos,p75,p75,0.4,0.4,0.08,532.5,879740.0,77745.0,31098.0,4900.0,41747.0,13196.1,6914.39,70379.2,970229.69,4.302795557616877,23.240704481759167,4.201770746243059
morretes_2q,Morretes | 2 quartos,p75,p75,0.55,0.2,0.03,532.5,879740.0,106899.37500000001,21379.875000000004,4900.0,80619.50000000001,13196.1,6914.39,26392.2,926242.69,8.703928340854167,11.489065176539173,3.151328059682295
morretes_2q,Morretes | 2 quartos,p75,p75,0.55,0.2,0.05,532.5,879740.0,106899.37500000001,21379.875000000004,4900.0,80619.50000000001,13196.1,6914.39,43987.0,943837.49,8.54167172359301,11.70731014208721,3.151328059682295
morretes_2q,Morretes | 2 quartos,p75,p75,0.55,0.2,0.08,532.5,879740.0,106899.37500000001,21379.875000000004,4900.0,80619.50000000001,13196.1,6914.39,70379.2,970229.69,8.309321063963731,12.034677590409265,3.151328059682295
morretes_2q,Morretes | 2 quartos,p75,p75,0.55,0.3,0.03,532.5,879740.0,106899.37500000001,32069.812500000004,4900.0,69929.56250000001,13196.1,6914.39,26392.2,926242.69,7.549809920767096,13.245366578691232,3.6015177824940507
morretes_2q,Morretes | 2 quartos,p75,p75,0.55,0.3,0.05,532.5,879740.0,106899.37500000001,32069.812500000004,4900.0,69929.56250000001,13196.1,6914.39,43987.0,943837.49,7.40906811192677,13.496974044417907,3.6015177824940507
morretes_2q,Morretes | 2 quartos,p75,p75,0.55,0.3,0.08,532.5,879740.0,106899.37500000001,32069.812500000004,4900.0,69929.56250000001,13196.1,6914.39,70379.2,970229.69,7.207526549718348,13.874385243007916,3.6015177824940507
morretes_2q,Morretes | 2 quartos,p75,p75,0.55,0.4,0.03,532.5,879740.0,106899.37500000001,42759.75000000001,4900.0,59239.62500000001,13196.1,6914.39,26392.2,926242.69,6.395691500680023,15.635525883224275,4.201770746243059
morretes_2q,Morretes | 2 quartos,p75,p75,0.55,0.4,0.05,532.5,879740.0,106899.37500000001,42759.75000000001,4900.0,59239.62500000001,13196.1,6914.39,43987.0,943837.49,6.276464500260527,15.932536541208691,4.201770746243059
morretes_2q,Morretes | 2 quartos,p75,p75,0.55,0.4,0.08,532.5,879740.0,106899.37500000001,42759.75000000001,4900.0,59239.62500000001,13196.1,6914.39,70379.2,970229.69,6.105732035472962,16.37805252818531,4.201770746243059
morretes_2q,Morretes | 2 quartos,p75,p75,0.7,0.2,0.03,532.5,879740.0,136053.75,27210.75,4900.0,103943.0,13196.1,6914.39,26392.2,926242.69,11.222004893771416,8.911063659890516,3.151328059682295
morretes_2q,Morretes | 2 quartos,p75,p75,0.7,0.2,0.05,532.5,879740.0,136053.75,27210.75,4900.0,103943.0,13196.1,6914.39,43987.0,943837.49,11.012806876319354,9.080337204044524,3.151328059682295
morretes_2q,Morretes | 2 quartos,p75,p75,0.7,0.2,0.08,532.5,879740.0,136053.75,27210.75,4900.0,103943.0,13196.1,6914.39,70379.2,970229.69,10.713236367771842,9.334247520275536,3.151328059682295
morretes_2q,Morretes | 2 quartos,p75,p75,0.7,0.3,0.03,532.5,879740.0,136053.75,40816.125,4900.0,90337.625,13196.1,6914.39,26392.2,926242.69,9.753126904569688,10.253121996510313,3.6015177824940507
morretes_2q,Morretes | 2 quartos,p75,p75,0.7,0.3,0.05,532.5,879740.0,136053.75,40816.125,4900.0,90337.625,13196.1,6914.39,43987.0,943837.49,9.57131137056232,10.447889127038707,3.6015177824940507
morretes_2q,Morretes | 2 quartos,p75,p75,0.7,0.3,0.08,532.5,879740.0,136053.75,40816.125,4900.0,90337.625,13196.1,6914.39,70379.2,970229.69,9.310952440550443,10.740039822831294,3.6015177824940507
morretes_2q,Morretes | 2 quartos,p75,p75,0.7,0.4,0.03,532.5,879740.0,136053.75,54421.5,4900.0,76732.25,13196.1,6914.39,26392.2,926242.69,8.284248915367959,12.071100352198716,4.201770746243059
morretes_2q,Morretes | 2 quartos,p75,p75,0.7,0.4,0.05,532.5,879740.0,136053.75,54421.5,4900.0,76732.25,13196.1,6914.39,43987.0,943837.49,8.129815864805286,12.300401591247487,4.201770746243059
morretes_2q,Morretes | 2 quartos,p75,p75,0.7,0.4,0.08,532.5,879740.0,136053.75,54421.5,4900.0,76732.25,13196.1,6914.39,70379.2,970229.69,7.9086685133290455,12.644353449820642,4.201770746243059
